forecast_origin_local,target_hour_local,horizon,forecast_movements,predicted_pressure,expected_traffic,forecast_vs_expected,traffic_zscore,traffic_context,recommendation
2025-09-10 00:00:00+03:00,2025-09-10 01:00:00+03:00,t+1,23,High,23.0,-0.2,-0.04,Typical,Increase operational monitoring and review operational readiness for the upcoming period.
2025-09-10 00:00:00+03:00,2025-09-10 02:00:00+03:00,t+2,26,High,22.1,3.9,1.38,Above typical,Increase operational monitoring and review readiness across passenger-processing and ground-operation areas.
2025-09-10 00:00:00+03:00,2025-09-10 03:00:00+03:00,t+3,17,Normal,18.1,-0.8,-0.35,Typical,Maintain standard operational monitoring.
2025-09-10 01:00:00+03:00,2025-09-10 02:00:00+03:00,t+1,26,High,22.1,4.3,1.54,Above typical,Increase operational monitoring and review readiness across passenger-processing and ground-operation areas.
2025-09-10 01:00:00+03:00,2025-09-10 03:00:00+03:00,t+2,17,Normal,18.1,-0.8,-0.33,Typical,Maintain standard operational monitoring.
2025-09-10 01:00:00+03:00,2025-09-10 04:00:00+03:00,t+3,15,Normal,14.7,0.7,0.28,Typical,Maintain standard operational monitoring.
2025-09-10 02:00:00+03:00,2025-09-10 03:00:00+03:00,t+1,18,Normal,18.1,-0.1,-0.03,Typical,Maintain standard operational monitoring.
2025-09-10 02:00:00+03:00,2025-09-10 04:00:00+03:00,t+2,16,Normal,14.7,1.2,0.46,Typical,Maintain standard operational monitoring.
2025-09-10 02:00:00+03:00,2025-09-10 05:00:00+03:00,t+3,22,High,22.6,-0.8,-0.2,Typical,Increase operational monitoring and review operational readiness for the upcoming period.
2025-09-10 03:00:00+03:00,2025-09-10 04:00:00+03:00,t+1,16,Normal,14.7,1.5,0.56,Typical,Maintain standard operational monitoring.
2025-09-10 03:00:00+03:00,2025-09-10 05:00:00+03:00,t+2,22,High,22.6,-0.6,-0.15,Typical,Increase operational monitoring and review operational readiness for the upcoming period.
2025-09-10 03:00:00+03:00,2025-09-10 06:00:00+03:00,t+3,31,High,28.9,2.1,0.48,Typical,Increase operational monitoring and review operational readiness for the upcoming period.
2025-09-10 04:00:00+03:00,2025-09-10 05:00:00+03:00,t+1,22,High,22.6,-0.5,-0.14,Typical,Increase operational monitoring and review operational readiness for the upcoming period.
2025-09-10 04:00:00+03:00,2025-09-10 06:00:00+03:00,t+2,31,High,28.9,1.9,0.44,Typical,Increase operational monitoring and review operational readiness for the upcoming period.
2025-09-10 04:00:00+03:00,2025-09-10 07:00:00+03:00,t+3,32,High,27.5,4.3,0.78,Typical,Increase operational monitoring and review operational readiness for the upcoming period.
2025-09-10 05:00:00+03:00,2025-09-10 06:00:00+03:00,t+1,31,High,28.9,2.0,0.47,Typical,Increase operational monitoring and review operational readiness for the upcoming period.
2025-09-10 05:00:00+03:00,2025-09-10 07:00:00+03:00,t+2,32,High,27.5,4.1,0.75,Typical,Increase operational monitoring and review operational readiness for the upcoming period.
2025-09-10 05:00:00+03:00,2025-09-10 08:00:00+03:00,t+3,32,High,27.8,4.0,0.75,Typical,Increase operational monitoring and review operational readiness for the upcoming period.
2025-09-10 06:00:00+03:00,2025-09-10 07:00:00+03:00,t+1,32,High,27.5,4.4,0.8,Typical,Increase operational monitoring and review operational readiness for the upcoming period.
2025-09-10 06:00:00+03:00,2025-09-10 08:00:00+03:00,t+2,32,High,27.8,3.9,0.73,Typical,Increase operational monitoring and review operational readiness for the upcoming period.
2025-09-10 06:00:00+03:00,2025-09-10 09:00:00+03:00,t+3,33,High,32.6,0.2,0.04,Typical,Increase operational monitoring and review operational readiness for the upcoming period.
2025-09-10 07:00:00+03:00,2025-09-10 08:00:00+03:00,t+1,32,High,27.8,4.1,0.78,Typical,Increase operational monitoring and review operational readiness for the upcoming period.
2025-09-10 07:00:00+03:00,2025-09-10 09:00:00+03:00,t+2,33,High,32.6,0.1,0.02,Typical,Increase operational monitoring and review operational readiness for the upcoming period.
2025-09-10 07:00:00+03:00,2025-09-10 10:00:00+03:00,t+3,33,High,30.6,2.3,0.49,Typical,Increase operational monitoring and review operational readiness for the upcoming period.
2025-09-10 08:00:00+03:00,2025-09-10 09:00:00+03:00,t+1,33,High,32.6,0.3,0.06,Typical,Increase operational monitoring and review operational readiness for the upcoming period.
2025-09-10 08:00:00+03:00,2025-09-10 10:00:00+03:00,t+2,33,High,30.6,2.1,0.44,Typical,Increase operational monitoring and review operational readiness for the upcoming period.
2025-09-10 08:00:00+03:00,2025-09-10 11:00:00+03:00,t+3,30,High,27.7,2.1,0.51,Typical,Increase operational monitoring and review operational readiness for the upcoming period.
2025-09-10 09:00:00+03:00,2025-09-10 10:00:00+03:00,t+1,33,High,30.6,2.3,0.48,Typical,Increase operational monitoring and review operational readiness for the upcoming period.
2025-09-10 09:00:00+03:00,2025-09-10 11:00:00+03:00,t+2,30,High,27.7,2.0,0.47,Typical,Increase operational monitoring and review operational readiness for the upcoming period.
2025-09-10 09:00:00+03:00,2025-09-10 12:00:00+03:00,t+3,28,High,26.6,1.3,0.38,Typical,Increase operational monitoring and review operational readiness for the upcoming period.
2025-09-10 10:00:00+03:00,2025-09-10 11:00:00+03:00,t+1,30,High,27.7,2.1,0.5,Typical,Increase operational monitoring and review operational readiness for the upcoming period.
2025-09-10 10:00:00+03:00,2025-09-10 12:00:00+03:00,t+2,28,High,26.6,1.2,0.34,Typical,Increase operational monitoring and review operational readiness for the upcoming period.
2025-09-10 10:00:00+03:00,2025-09-10 13:00:00+03:00,t+3,32,High,29.3,2.6,0.61,Typical,Increase operational monitoring and review operational readiness for the upcoming period.
2025-09-10 11:00:00+03:00,2025-09-10 12:00:00+03:00,t+1,28,High,26.6,1.4,0.41,Typical,Increase operational monitoring and review operational readiness for the upcoming period.
2025-09-10 11:00:00+03:00,2025-09-10 13:00:00+03:00,t+2,32,High,29.3,2.6,0.62,Typical,Increase operational monitoring and review operational readiness for the upcoming period.
2025-09-10 11:00:00+03:00,2025-09-10 14:00:00+03:00,t+3,33,High,31.4,1.6,0.32,Typical,Increase operational monitoring and review operational readiness for the upcoming period.
2025-09-10 12:00:00+03:00,2025-09-10 13:00:00+03:00,t+1,32,High,29.3,2.6,0.6,Typical,Increase operational monitoring and review operational readiness for the upcoming period.
2025-09-10 12:00:00+03:00,2025-09-10 14:00:00+03:00,t+2,33,High,31.4,1.4,0.27,Typical,Increase operational monitoring and review operational readiness for the upcoming period.
2025-09-10 12:00:00+03:00,2025-09-10 15:00:00+03:00,t+3,35,Extreme,34.4,0.5,0.12,Typical,Prioritize operational coordination and maintain close monitoring during the upcoming peak period.
2025-09-10 13:00:00+03:00,2025-09-10 14:00:00+03:00,t+1,33,High,31.4,1.4,0.27,Typical,Increase operational monitoring and review operational readiness for the upcoming period.
2025-09-10 13:00:00+03:00,2025-09-10 15:00:00+03:00,t+2,35,Extreme,34.4,0.2,0.06,Typical,Prioritize operational coordination and maintain close monitoring during the upcoming peak period.
2025-09-10 13:00:00+03:00,2025-09-10 16:00:00+03:00,t+3,33,High,31.6,1.2,0.31,Typical,Increase operational monitoring and review operational readiness for the upcoming period.
2025-09-10 14:00:00+03:00,2025-09-10 15:00:00+03:00,t+1,35,Extreme,34.4,0.6,0.14,Typical,Prioritize operational coordination and maintain close monitoring during the upcoming peak period.
2025-09-10 14:00:00+03:00,2025-09-10 16:00:00+03:00,t+2,33,High,31.6,1.2,0.33,Typical,Increase operational monitoring and review operational readiness for the upcoming period.
2025-09-10 14:00:00+03:00,2025-09-10 17:00:00+03:00,t+3,37,Extreme,34.2,2.7,0.56,Typical,Prioritize operational coordination and maintain close monitoring during the upcoming peak period.
2025-09-10 15:00:00+03:00,2025-09-10 16:00:00+03:00,t+1,33,High,31.6,1.5,0.41,Typical,Increase operational monitoring and review operational readiness for the upcoming period.
2025-09-10 15:00:00+03:00,2025-09-10 17:00:00+03:00,t+2,37,Extreme,34.2,2.8,0.57,Typical,Prioritize operational coordination and maintain close monitoring during the upcoming peak period.
2025-09-10 15:00:00+03:00,2025-09-10 18:00:00+03:00,t+3,38,Extreme,37.8,0.4,0.08,Typical,Prioritize operational coordination and maintain close monitoring during the upcoming peak period.
2025-09-10 16:00:00+03:00,2025-09-10 17:00:00+03:00,t+1,37,Extreme,34.2,2.9,0.6,Typical,Prioritize operational coordination and maintain close monitoring during the upcoming peak period.
2025-09-10 16:00:00+03:00,2025-09-10 18:00:00+03:00,t+2,38,Extreme,37.8,0.3,0.05,Typical,Prioritize operational coordination and maintain close monitoring during the upcoming peak period.
2025-09-10 16:00:00+03:00,2025-09-10 19:00:00+03:00,t+3,39,Extreme,34.8,4.4,0.88,Typical,Prioritize operational coordination and maintain close monitoring during the upcoming peak period.
2025-09-10 17:00:00+03:00,2025-09-10 18:00:00+03:00,t+1,38,Extreme,37.8,0.4,0.07,Typical,Prioritize operational coordination and maintain close monitoring during the upcoming peak period.
2025-09-10 17:00:00+03:00,2025-09-10 19:00:00+03:00,t+2,39,Extreme,34.8,4.2,0.84,Typical,Prioritize operational coordination and maintain close monitoring during the upcoming peak period.
2025-09-10 17:00:00+03:00,2025-09-10 20:00:00+03:00,t+3,38,Extreme,34.8,3.2,0.71,Typical,Prioritize operational coordination and maintain close monitoring during the upcoming peak period.
2025-09-10 18:00:00+03:00,2025-09-10 19:00:00+03:00,t+1,39,Extreme,34.8,4.4,0.87,Typical,Prioritize operational coordination and maintain close monitoring during the upcoming peak period.
2025-09-10 18:00:00+03:00,2025-09-10 20:00:00+03:00,t+2,38,Extreme,34.8,3.1,0.69,Typical,Prioritize operational coordination and maintain close monitoring during the upcoming peak period.
2025-09-10 18:00:00+03:00,2025-09-10 21:00:00+03:00,t+3,36,Extreme,34.6,1.5,0.35,Typical,Prioritize operational coordination and maintain close monitoring during the upcoming peak period.
2025-09-10 19:00:00+03:00,2025-09-10 20:00:00+03:00,t+1,38,Extreme,34.8,3.2,0.7,Typical,Prioritize operational coordination and maintain close monitoring during the upcoming peak period.
2025-09-10 19:00:00+03:00,2025-09-10 21:00:00+03:00,t+2,36,Extreme,34.6,1.3,0.3,Typical,Prioritize operational coordination and maintain close monitoring during the upcoming peak period.
2025-09-10 19:00:00+03:00,2025-09-10 22:00:00+03:00,t+3,40,Extreme,35.8,4.3,0.65,Typical,Prioritize operational coordination and maintain close monitoring during the upcoming peak period.
2025-09-10 20:00:00+03:00,2025-09-10 21:00:00+03:00,t+1,36,Extreme,34.6,1.4,0.33,Typical,Prioritize operational coordination and maintain close monitoring during the upcoming peak period.
2025-09-10 20:00:00+03:00,2025-09-10 22:00:00+03:00,t+2,40,Extreme,35.8,4.1,0.63,Typical,Prioritize operational coordination and maintain close monitoring during the upcoming peak period.
2025-09-10 20:00:00+03:00,2025-09-10 23:00:00+03:00,t+3,43,Extreme,38.8,4.2,0.7,Typical,Prioritize operational coordination and maintain close monitoring during the upcoming peak period.
2025-09-10 21:00:00+03:00,2025-09-10 22:00:00+03:00,t+1,40,Extreme,35.8,4.2,0.64,Typical,Prioritize operational coordination and maintain close monitoring during the upcoming peak period.
2025-09-10 21:00:00+03:00,2025-09-10 23:00:00+03:00,t+2,43,Extreme,38.8,4.1,0.69,Typical,Prioritize operational coordination and maintain close monitoring during the upcoming peak period.
2025-09-10 21:00:00+03:00,2025-09-11 00:00:00+03:00,t+3,10,Normal,27.1,-17.1,-2.42,Below typical,Maintain standard operational monitoring.
2025-09-10 22:00:00+03:00,2025-09-10 23:00:00+03:00,t+1,43,Extreme,38.8,4.5,0.76,Typical,Prioritize operational coordination and maintain close monitoring during the upcoming peak period.
2025-09-10 22:00:00+03:00,2025-09-11 00:00:00+03:00,t+2,10,Normal,27.1,-16.8,-2.38,Below typical,Maintain standard operational monitoring.
2025-09-10 22:00:00+03:00,2025-09-11 01:00:00+03:00,t+3,14,Normal,23.4,-9.1,-2.13,Below typical,Maintain standard operational monitoring.
2025-09-10 23:00:00+03:00,2025-09-11 00:00:00+03:00,t+1,11,Normal,27.1,-15.8,-2.24,Below typical,Maintain standard operational monitoring.
2025-09-10 23:00:00+03:00,2025-09-11 01:00:00+03:00,t+2,15,Normal,23.4,-8.2,-1.91,Below typical,Maintain standard operational monitoring.
2025-09-10 23:00:00+03:00,2025-09-11 02:00:00+03:00,t+3,24,High,25.6,-1.8,-0.95,Typical,Increase operational monitoring and review operational readiness for the upcoming period.
2025-09-11 00:00:00+03:00,2025-09-11 01:00:00+03:00,t+1,14,Normal,23.4,-9.1,-2.12,Below typical,Maintain standard operational monitoring.
2025-09-11 00:00:00+03:00,2025-09-11 02:00:00+03:00,t+2,23,High,25.6,-2.5,-1.32,Below typical,Increase operational monitoring and review operational readiness for the upcoming period.
2025-09-11 00:00:00+03:00,2025-09-11 03:00:00+03:00,t+3,19,Normal,18.5,0.6,0.3,Typical,Maintain standard operational monitoring.
2025-09-11 01:00:00+03:00,2025-09-11 02:00:00+03:00,t+1,23,High,25.6,-2.8,-1.47,Below typical,Increase operational monitoring and review operational readiness for the upcoming period.
2025-09-11 01:00:00+03:00,2025-09-11 03:00:00+03:00,t+2,19,Normal,18.5,0.2,0.11,Typical,Maintain standard operational monitoring.
2025-09-11 01:00:00+03:00,2025-09-11 04:00:00+03:00,t+3,20,Normal,19.9,-0.0,-0.02,Typical,Maintain standard operational monitoring.
2025-09-11 02:00:00+03:00,2025-09-11 03:00:00+03:00,t+1,19,Normal,18.5,0.4,0.18,Typical,Maintain standard operational monitoring.
2025-09-11 02:00:00+03:00,2025-09-11 04:00:00+03:00,t+2,20,Normal,19.9,-0.1,-0.06,Typical,Maintain standard operational monitoring.
2025-09-11 02:00:00+03:00,2025-09-11 05:00:00+03:00,t+3,22,High,22.4,-0.4,-0.19,Typical,Increase operational monitoring and review operational readiness for the upcoming period.
2025-09-11 03:00:00+03:00,2025-09-11 04:00:00+03:00,t+1,20,Normal,19.9,0.2,0.09,Typical,Maintain standard operational monitoring.
2025-09-11 03:00:00+03:00,2025-09-11 05:00:00+03:00,t+2,22,High,22.4,-0.5,-0.2,Typical,Increase operational monitoring and review operational readiness for the upcoming period.
2025-09-11 03:00:00+03:00,2025-09-11 06:00:00+03:00,t+3,28,High,27.4,0.8,0.47,Typical,Increase operational monitoring and review operational readiness for the upcoming period.
2025-09-11 04:00:00+03:00,2025-09-11 05:00:00+03:00,t+1,22,High,22.4,-0.1,-0.03,Typical,Increase operational monitoring and review operational readiness for the upcoming period.
2025-09-11 04:00:00+03:00,2025-09-11 06:00:00+03:00,t+2,28,High,27.4,0.8,0.47,Typical,Increase operational monitoring and review operational readiness for the upcoming period.
2025-09-11 04:00:00+03:00,2025-09-11 07:00:00+03:00,t+3,25,High,28.2,-2.9,-1.67,Below typical,Increase operational monitoring and review operational readiness for the upcoming period.
2025-09-11 05:00:00+03:00,2025-09-11 06:00:00+03:00,t+1,29,High,27.4,1.2,0.7,Typical,Increase operational monitoring and review operational readiness for the upcoming period.
2025-09-11 05:00:00+03:00,2025-09-11 07:00:00+03:00,t+2,25,High,28.2,-2.8,-1.64,Below typical,Increase operational monitoring and review operational readiness for the upcoming period.
2025-09-11 05:00:00+03:00,2025-09-11 08:00:00+03:00,t+3,26,High,27.4,-1.0,-0.88,Typical,Increase operational monitoring and review operational readiness for the upcoming period.
2025-09-11 06:00:00+03:00,2025-09-11 07:00:00+03:00,t+1,26,High,28.2,-2.6,-1.49,Below typical,Increase operational monitoring and review operational readiness for the upcoming period.
2025-09-11 06:00:00+03:00,2025-09-11 08:00:00+03:00,t+2,26,High,27.4,-1.0,-0.87,Typical,Increase operational monitoring and review operational readiness for the upcoming period.
2025-09-11 06:00:00+03:00,2025-09-11 09:00:00+03:00,t+3,34,High,32.3,1.3,0.49,Typical,Increase operational monitoring and review operational readiness for the upcoming period.
2025-09-11 07:00:00+03:00,2025-09-11 08:00:00+03:00,t+1,26,High,27.4,-1.1,-0.96,Typical,Increase operational monitoring and review operational readiness for the upcoming period.
2025-09-11 07:00:00+03:00,2025-09-11 09:00:00+03:00,t+2,33,High,32.3,1.0,0.4,Typical,Increase operational monitoring and review operational readiness for the upcoming period.
2025-09-11 07:00:00+03:00,2025-09-11 10:00:00+03:00,t+3,37,Extreme,32.0,5.4,2.97,Above typical,Prioritize cross-team coordination and closely monitor passenger-processing and ground-operation readiness.
2025-09-11 08:00:00+03:00,2025-09-11 09:00:00+03:00,t+1,33,High,32.3,0.6,0.25,Typical,Increase operational monitoring and review operational readiness for the upcoming period.
2025-09-11 08:00:00+03:00,2025-09-11 10:00:00+03:00,t+2,37,Extreme,32.0,5.0,2.77,Above typical,Prioritize cross-team coordination and closely monitor passenger-processing and ground-operation readiness.
2025-09-11 08:00:00+03:00,2025-09-11 11:00:00+03:00,t+3,34,High,32.2,1.8,1.05,Above typical,Increase operational monitoring and review readiness across passenger-processing and ground-operation areas.
2025-09-11 09:00:00+03:00,2025-09-11 10:00:00+03:00,t+1,37,Extreme,32.0,4.8,2.65,Above typical,Prioritize cross-team coordination and closely monitor passenger-processing and ground-operation readiness.
2025-09-11 09:00:00+03:00,2025-09-11 11:00:00+03:00,t+2,34,High,32.2,1.7,1.02,Above typical,Increase operational monitoring and review readiness across passenger-processing and ground-operation areas.
2025-09-11 09:00:00+03:00,2025-09-11 12:00:00+03:00,t+3,26,High,26.6,-0.7,-0.58,Typical,Increase operational monitoring and review operational readiness for the upcoming period.
2025-09-11 10:00:00+03:00,2025-09-11 11:00:00+03:00,t+1,34,High,32.2,1.8,1.06,Above typical,Increase operational monitoring and review readiness across passenger-processing and ground-operation areas.
2025-09-11 10:00:00+03:00,2025-09-11 12:00:00+03:00,t+2,26,High,26.6,-0.5,-0.41,Typical,Increase operational monitoring and review operational readiness for the upcoming period.
2025-09-11 10:00:00+03:00,2025-09-11 13:00:00+03:00,t+3,34,High,31.0,3.2,1.85,Above typical,Increase operational monitoring and review readiness across passenger-processing and ground-operation areas.
2025-09-11 11:00:00+03:00,2025-09-11 12:00:00+03:00,t+1,26,High,26.6,-0.4,-0.29,Typical,Increase operational monitoring and review operational readiness for the upcoming period.
2025-09-11 11:00:00+03:00,2025-09-11 13:00:00+03:00,t+2,34,High,31.0,3.4,1.98,Above typical,Increase operational monitoring and review readiness across passenger-processing and ground-operation areas.
2025-09-11 11:00:00+03:00,2025-09-11 14:00:00+03:00,t+3,34,High,33.7,0.6,0.28,Typical,Increase operational monitoring and review operational readiness for the upcoming period.
2025-09-11 12:00:00+03:00,2025-09-11 13:00:00+03:00,t+1,34,High,31.0,3.2,1.86,Above typical,Increase operational monitoring and review readiness across passenger-processing and ground-operation areas.
2025-09-11 12:00:00+03:00,2025-09-11 14:00:00+03:00,t+2,34,High,33.7,0.5,0.23,Typical,Increase operational monitoring and review operational readiness for the upcoming period.
2025-09-11 12:00:00+03:00,2025-09-11 15:00:00+03:00,t+3,38,Extreme,40.4,-2.1,-0.97,Typical,Prioritize operational coordination and maintain close monitoring during the upcoming peak period.
2025-09-11 13:00:00+03:00,2025-09-11 14:00:00+03:00,t+1,34,High,33.7,0.4,0.18,Typical,Increase operational monitoring and review operational readiness for the upcoming period.
2025-09-11 13:00:00+03:00,2025-09-11 15:00:00+03:00,t+2,38,Extreme,40.4,-2.2,-1.0,Below typical,Prioritize operational coordination and maintain close monitoring during the upcoming peak period.
2025-09-11 13:00:00+03:00,2025-09-11 16:00:00+03:00,t+3,39,Extreme,34.4,4.8,1.08,Above typical,Prioritize cross-team coordination and closely monitor passenger-processing and ground-operation readiness.
2025-09-11 14:00:00+03:00,2025-09-11 15:00:00+03:00,t+1,38,Extreme,40.4,-2.2,-1.0,Typical,Prioritize operational coordination and maintain close monitoring during the upcoming peak period.
2025-09-11 14:00:00+03:00,2025-09-11 16:00:00+03:00,t+2,39,Extreme,34.4,4.8,1.08,Above typical,Prioritize cross-team coordination and closely monitor passenger-processing and ground-operation readiness.
2025-09-11 14:00:00+03:00,2025-09-11 17:00:00+03:00,t+3,39,Extreme,37.2,2.0,0.93,Typical,Prioritize operational coordination and maintain close monitoring during the upcoming peak period.
2025-09-11 15:00:00+03:00,2025-09-11 16:00:00+03:00,t+1,39,Extreme,34.4,4.8,1.09,Above typical,Prioritize cross-team coordination and closely monitor passenger-processing and ground-operation readiness.
2025-09-11 15:00:00+03:00,2025-09-11 17:00:00+03:00,t+2,39,Extreme,37.2,2.0,0.96,Typical,Prioritize operational coordination and maintain close monitoring during the upcoming peak period.
2025-09-11 15:00:00+03:00,2025-09-11 18:00:00+03:00,t+3,42,Extreme,41.0,1.1,0.43,Typical,Prioritize operational coordination and maintain close monitoring during the upcoming peak period.
2025-09-11 16:00:00+03:00,2025-09-11 17:00:00+03:00,t+1,39,Extreme,37.2,2.0,0.96,Typical,Prioritize operational coordination and maintain close monitoring during the upcoming peak period.
2025-09-11 16:00:00+03:00,2025-09-11 18:00:00+03:00,t+2,42,Extreme,41.0,1.1,0.44,Typical,Prioritize operational coordination and maintain close monitoring during the upcoming peak period.
2025-09-11 16:00:00+03:00,2025-09-11 19:00:00+03:00,t+3,41,Extreme,37.2,3.9,1.82,Above typical,Prioritize cross-team coordination and closely monitor passenger-processing and ground-operation readiness.
2025-09-11 17:00:00+03:00,2025-09-11 18:00:00+03:00,t+1,42,Extreme,41.0,1.1,0.44,Typical,Prioritize operational coordination and maintain close monitoring during the upcoming peak period.
2025-09-11 17:00:00+03:00,2025-09-11 19:00:00+03:00,t+2,41,Extreme,37.2,3.9,1.82,Above typical,Prioritize cross-team coordination and closely monitor passenger-processing and ground-operation readiness.
2025-09-11 17:00:00+03:00,2025-09-11 20:00:00+03:00,t+3,39,Extreme,37.8,1.4,1.07,Above typical,Prioritize cross-team coordination and closely monitor passenger-processing and ground-operation readiness.
2025-09-11 18:00:00+03:00,2025-09-11 19:00:00+03:00,t+1,41,Extreme,37.2,3.9,1.82,Above typical,Prioritize cross-team coordination and closely monitor passenger-processing and ground-operation readiness.
2025-09-11 18:00:00+03:00,2025-09-11 20:00:00+03:00,t+2,39,Extreme,37.8,1.4,1.06,Above typical,Prioritize cross-team coordination and closely monitor passenger-processing and ground-operation readiness.
2025-09-11 18:00:00+03:00,2025-09-11 21:00:00+03:00,t+3,39,Extreme,37.8,1.4,0.64,Typical,Prioritize operational coordination and maintain close monitoring during the upcoming peak period.
2025-09-11 19:00:00+03:00,2025-09-11 20:00:00+03:00,t+1,39,Extreme,37.8,1.4,1.07,Above typical,Prioritize cross-team coordination and closely monitor passenger-processing and ground-operation readiness.
2025-09-11 19:00:00+03:00,2025-09-11 21:00:00+03:00,t+2,39,Extreme,37.8,1.4,0.65,Typical,Prioritize operational coordination and maintain close monitoring during the upcoming peak period.
2025-09-11 19:00:00+03:00,2025-09-11 22:00:00+03:00,t+3,37,Extreme,35.1,2.1,1.7,Above typical,Prioritize cross-team coordination and closely monitor passenger-processing and ground-operation readiness.
2025-09-11 20:00:00+03:00,2025-09-11 21:00:00+03:00,t+1,39,Extreme,37.8,1.4,0.65,Typical,Prioritize operational coordination and maintain close monitoring during the upcoming peak period.
2025-09-11 20:00:00+03:00,2025-09-11 22:00:00+03:00,t+2,37,Extreme,35.1,2.1,1.72,Above typical,Prioritize cross-team coordination and closely monitor passenger-processing and ground-operation readiness.
2025-09-11 20:00:00+03:00,2025-09-11 23:00:00+03:00,t+3,34,High,33.0,1.2,0.68,Typical,Increase operational monitoring and review operational readiness for the upcoming period.
2025-09-11 21:00:00+03:00,2025-09-11 22:00:00+03:00,t+1,37,Extreme,35.1,2.0,1.67,Above typical,Prioritize cross-team coordination and closely monitor passenger-processing and ground-operation readiness.
2025-09-11 21:00:00+03:00,2025-09-11 23:00:00+03:00,t+2,34,High,33.0,1.2,0.67,Typical,Increase operational monitoring and review operational readiness for the upcoming period.
2025-09-11 21:00:00+03:00,2025-09-12 00:00:00+03:00,t+3,33,High,28.6,4.5,0.73,Typical,Increase operational monitoring and review operational readiness for the upcoming period.
2025-09-11 22:00:00+03:00,2025-09-11 23:00:00+03:00,t+1,34,High,33.0,1.1,0.65,Typical,Increase operational monitoring and review operational readiness for the upcoming period.
2025-09-11 22:00:00+03:00,2025-09-12 00:00:00+03:00,t+2,33,High,28.6,4.5,0.72,Typical,Increase operational monitoring and review operational readiness for the upcoming period.
2025-09-11 22:00:00+03:00,2025-09-12 01:00:00+03:00,t+3,24,High,21.5,2.5,0.48,Typical,Increase operational monitoring and review operational readiness for the upcoming period.
2025-09-11 23:00:00+03:00,2025-09-12 00:00:00+03:00,t+1,33,High,28.6,4.3,0.7,Typical,Increase operational monitoring and review operational readiness for the upcoming period.
2025-09-11 23:00:00+03:00,2025-09-12 01:00:00+03:00,t+2,24,High,21.5,2.4,0.45,Typical,Increase operational monitoring and review operational readiness for the upcoming period.
2025-09-11 23:00:00+03:00,2025-09-12 02:00:00+03:00,t+3,26,High,21.2,4.8,1.24,Above typical,Increase operational monitoring and review readiness across passenger-processing and ground-operation areas.
2025-09-12 00:00:00+03:00,2025-09-12 01:00:00+03:00,t+1,24,High,21.5,2.6,0.48,Typical,Increase operational monitoring and review operational readiness for the upcoming period.
2025-09-12 00:00:00+03:00,2025-09-12 02:00:00+03:00,t+2,26,High,21.2,4.8,1.24,Above typical,Increase operational monitoring and review readiness across passenger-processing and ground-operation areas.
2025-09-12 00:00:00+03:00,2025-09-12 03:00:00+03:00,t+3,16,Normal,15.8,0.2,0.05,Typical,Maintain standard operational monitoring.
2025-09-12 01:00:00+03:00,2025-09-12 02:00:00+03:00,t+1,26,High,21.2,4.9,1.28,Above typical,Increase operational monitoring and review readiness across passenger-processing and ground-operation areas.
2025-09-12 01:00:00+03:00,2025-09-12 03:00:00+03:00,t+2,16,Normal,15.8,0.1,0.03,Typical,Maintain standard operational monitoring.
2025-09-12 01:00:00+03:00,2025-09-12 04:00:00+03:00,t+3,17,Normal,15.6,1.4,0.56,Typical,Maintain standard operational monitoring.
2025-09-12 02:00:00+03:00,2025-09-12 03:00:00+03:00,t+1,16,Normal,15.8,0.4,0.09,Typical,Maintain standard operational monitoring.
2025-09-12 02:00:00+03:00,2025-09-12 04:00:00+03:00,t+2,17,Normal,15.6,1.5,0.57,Typical,Maintain standard operational monitoring.
2025-09-12 02:00:00+03:00,2025-09-12 05:00:00+03:00,t+3,22,High,20.7,1.5,0.42,Typical,Increase operational monitoring and review operational readiness for the upcoming period.
2025-09-12 03:00:00+03:00,2025-09-12 04:00:00+03:00,t+1,17,Normal,15.6,1.6,0.61,Typical,Maintain standard operational monitoring.
2025-09-12 03:00:00+03:00,2025-09-12 05:00:00+03:00,t+2,22,High,20.7,1.4,0.4,Typical,Increase operational monitoring and review operational readiness for the upcoming period.
2025-09-12 03:00:00+03:00,2025-09-12 06:00:00+03:00,t+3,31,High,27.6,3.6,0.84,Typical,Increase operational monitoring and review operational readiness for the upcoming period.
2025-09-12 04:00:00+03:00,2025-09-12 05:00:00+03:00,t+1,22,High,20.7,1.4,0.41,Typical,Increase operational monitoring and review operational readiness for the upcoming period.
2025-09-12 04:00:00+03:00,2025-09-12 06:00:00+03:00,t+2,31,High,27.6,3.4,0.8,Typical,Increase operational monitoring and review operational readiness for the upcoming period.
2025-09-12 04:00:00+03:00,2025-09-12 07:00:00+03:00,t+3,32,High,28.0,4.0,1.01,Above typical,Increase operational monitoring and review readiness across passenger-processing and ground-operation areas.
2025-09-12 05:00:00+03:00,2025-09-12 06:00:00+03:00,t+1,31,High,27.6,3.6,0.84,Typical,Increase operational monitoring and review operational readiness for the upcoming period.
2025-09-12 05:00:00+03:00,2025-09-12 07:00:00+03:00,t+2,32,High,28.0,3.9,0.99,Typical,Increase operational monitoring and review operational readiness for the upcoming period.
2025-09-12 05:00:00+03:00,2025-09-12 08:00:00+03:00,t+3,30,High,27.6,2.3,0.7,Typical,Increase operational monitoring and review operational readiness for the upcoming period.
2025-09-12 06:00:00+03:00,2025-09-12 07:00:00+03:00,t+1,32,High,28.0,4.1,1.04,Above typical,Increase operational monitoring and review readiness across passenger-processing and ground-operation areas.
2025-09-12 06:00:00+03:00,2025-09-12 08:00:00+03:00,t+2,30,High,27.6,2.3,0.69,Typical,Increase operational monitoring and review operational readiness for the upcoming period.
2025-09-12 06:00:00+03:00,2025-09-12 09:00:00+03:00,t+3,37,Extreme,34.6,2.4,0.51,Typical,Prioritize operational coordination and maintain close monitoring during the upcoming peak period.
2025-09-12 07:00:00+03:00,2025-09-12 08:00:00+03:00,t+1,30,High,27.6,2.5,0.74,Typical,Increase operational monitoring and review operational readiness for the upcoming period.
2025-09-12 07:00:00+03:00,2025-09-12 09:00:00+03:00,t+2,37,Extreme,34.6,2.3,0.49,Typical,Prioritize operational coordination and maintain close monitoring during the upcoming peak period.
2025-09-12 07:00:00+03:00,2025-09-12 10:00:00+03:00,t+3,33,High,28.7,4.3,0.87,Typical,Increase operational monitoring and review operational readiness for the upcoming period.
2025-09-12 08:00:00+03:00,2025-09-12 09:00:00+03:00,t+1,37,Extreme,34.6,2.4,0.51,Typical,Prioritize operational coordination and maintain close monitoring during the upcoming peak period.
2025-09-12 08:00:00+03:00,2025-09-12 10:00:00+03:00,t+2,33,High,28.7,4.1,0.84,Typical,Increase operational monitoring and review operational readiness for the upcoming period.
2025-09-12 08:00:00+03:00,2025-09-12 11:00:00+03:00,t+3,36,Extreme,32.0,3.9,0.94,Typical,Prioritize operational coordination and maintain close monitoring during the upcoming peak period.
2025-09-12 09:00:00+03:00,2025-09-12 10:00:00+03:00,t+1,33,High,28.7,4.3,0.87,Typical,Increase operational monitoring and review operational readiness for the upcoming period.
2025-09-12 09:00:00+03:00,2025-09-12 11:00:00+03:00,t+2,36,Extreme,32.0,3.8,0.93,Typical,Prioritize operational coordination and maintain close monitoring during the upcoming peak period.
2025-09-12 09:00:00+03:00,2025-09-12 12:00:00+03:00,t+3,28,High,27.5,0.5,0.38,Typical,Increase operational monitoring and review operational readiness for the upcoming period.
2025-09-12 10:00:00+03:00,2025-09-12 11:00:00+03:00,t+1,36,Extreme,32.0,4.1,0.98,Typical,Prioritize operational coordination and maintain close monitoring during the upcoming peak period.
2025-09-12 10:00:00+03:00,2025-09-12 12:00:00+03:00,t+2,28,High,27.5,0.4,0.37,Typical,Increase operational monitoring and review operational readiness for the upcoming period.
2025-09-12 10:00:00+03:00,2025-09-12 13:00:00+03:00,t+3,29,High,28.3,0.7,0.36,Typical,Increase operational monitoring and review operational readiness for the upcoming period.
2025-09-12 11:00:00+03:00,2025-09-12 12:00:00+03:00,t+1,28,High,27.5,0.6,0.52,Typical,Increase operational monitoring and review operational readiness for the upcoming period.
2025-09-12 11:00:00+03:00,2025-09-12 13:00:00+03:00,t+2,29,High,28.3,0.9,0.44,Typical,Increase operational monitoring and review operational readiness for the upcoming period.
2025-09-12 11:00:00+03:00,2025-09-12 14:00:00+03:00,t+3,32,High,28.8,3.4,1.49,Above typical,Increase operational monitoring and review readiness across passenger-processing and ground-operation areas.
2025-09-12 12:00:00+03:00,2025-09-12 13:00:00+03:00,t+1,29,High,28.3,0.9,0.46,Typical,Increase operational monitoring and review operational readiness for the upcoming period.
2025-09-12 12:00:00+03:00,2025-09-12 14:00:00+03:00,t+2,32,High,28.8,3.5,1.55,Above typical,Increase operational monitoring and review readiness across passenger-processing and ground-operation areas.
2025-09-12 12:00:00+03:00,2025-09-12 15:00:00+03:00,t+3,30,High,32.6,-2.2,-0.84,Typical,Increase operational monitoring and review operational readiness for the upcoming period.
2025-09-12 13:00:00+03:00,2025-09-12 14:00:00+03:00,t+1,32,High,28.8,3.4,1.5,Above typical,Increase operational monitoring and review readiness across passenger-processing and ground-operation areas.
2025-09-12 13:00:00+03:00,2025-09-12 15:00:00+03:00,t+2,30,High,32.6,-2.3,-0.88,Typical,Increase operational monitoring and review operational readiness for the upcoming period.
2025-09-12 13:00:00+03:00,2025-09-12 16:00:00+03:00,t+3,37,Extreme,35.8,1.5,0.54,Typical,Prioritize operational coordination and maintain close monitoring during the upcoming peak period.
2025-09-12 14:00:00+03:00,2025-09-12 15:00:00+03:00,t+1,30,High,32.6,-2.4,-0.92,Typical,Increase operational monitoring and review operational readiness for the upcoming period.
2025-09-12 14:00:00+03:00,2025-09-12 16:00:00+03:00,t+2,37,Extreme,35.8,1.5,0.54,Typical,Prioritize operational coordination and maintain close monitoring during the upcoming peak period.
2025-09-12 14:00:00+03:00,2025-09-12 17:00:00+03:00,t+3,35,Extreme,34.6,0.7,0.44,Typical,Prioritize operational coordination and maintain close monitoring during the upcoming peak period.
2025-09-12 15:00:00+03:00,2025-09-12 16:00:00+03:00,t+1,37,Extreme,35.8,1.4,0.5,Typical,Prioritize operational coordination and maintain close monitoring during the upcoming peak period.
2025-09-12 15:00:00+03:00,2025-09-12 17:00:00+03:00,t+2,35,Extreme,34.6,0.7,0.46,Typical,Prioritize operational coordination and maintain close monitoring during the upcoming peak period.
2025-09-12 15:00:00+03:00,2025-09-12 18:00:00+03:00,t+3,41,Extreme,41.2,-0.0,-0.01,Typical,Prioritize operational coordination and maintain close monitoring during the upcoming peak period.
2025-09-12 16:00:00+03:00,2025-09-12 17:00:00+03:00,t+1,35,Extreme,34.6,0.6,0.39,Typical,Prioritize operational coordination and maintain close monitoring during the upcoming peak period.
2025-09-12 16:00:00+03:00,2025-09-12 18:00:00+03:00,t+2,41,Extreme,41.2,0.0,0.0,Typical,Prioritize operational coordination and maintain close monitoring during the upcoming peak period.
2025-09-12 16:00:00+03:00,2025-09-12 19:00:00+03:00,t+3,42,Extreme,36.8,5.5,2.28,Above typical,Prioritize cross-team coordination and closely monitor passenger-processing and ground-operation readiness.
2025-09-12 17:00:00+03:00,2025-09-12 18:00:00+03:00,t+1,41,Extreme,41.2,-0.1,-0.03,Typical,Prioritize operational coordination and maintain close monitoring during the upcoming peak period.
2025-09-12 17:00:00+03:00,2025-09-12 19:00:00+03:00,t+2,42,Extreme,36.8,5.4,2.26,Above typical,Prioritize cross-team coordination and closely monitor passenger-processing and ground-operation readiness.
2025-09-12 17:00:00+03:00,2025-09-12 20:00:00+03:00,t+3,38,Extreme,38.0,0.2,0.08,Typical,Prioritize operational coordination and maintain close monitoring during the upcoming peak period.
2025-09-12 18:00:00+03:00,2025-09-12 19:00:00+03:00,t+1,42,Extreme,36.8,5.4,2.25,Above typical,Prioritize cross-team coordination and closely monitor passenger-processing and ground-operation readiness.
2025-09-12 18:00:00+03:00,2025-09-12 20:00:00+03:00,t+2,38,Extreme,38.0,0.2,0.08,Typical,Prioritize operational coordination and maintain close monitoring during the upcoming peak period.
2025-09-12 18:00:00+03:00,2025-09-12 21:00:00+03:00,t+3,33,High,34.3,-1.1,-0.78,Typical,Increase operational monitoring and review operational readiness for the upcoming period.
2025-09-12 19:00:00+03:00,2025-09-12 20:00:00+03:00,t+1,38,Extreme,38.0,0.2,0.06,Typical,Prioritize operational coordination and maintain close monitoring during the upcoming peak period.
2025-09-12 19:00:00+03:00,2025-09-12 21:00:00+03:00,t+2,33,High,34.3,-1.0,-0.75,Typical,Increase operational monitoring and review operational readiness for the upcoming period.
2025-09-12 19:00:00+03:00,2025-09-12 22:00:00+03:00,t+3,38,Extreme,34.7,3.7,2.17,Above typical,Prioritize cross-team coordination and closely monitor passenger-processing and ground-operation readiness.
2025-09-12 20:00:00+03:00,2025-09-12 21:00:00+03:00,t+1,33,High,34.3,-1.2,-0.86,Typical,Increase operational monitoring and review operational readiness for the upcoming period.
2025-09-12 20:00:00+03:00,2025-09-12 22:00:00+03:00,t+2,38,Extreme,34.7,3.5,2.07,Above typical,Prioritize cross-team coordination and closely monitor passenger-processing and ground-operation readiness.
2025-09-12 20:00:00+03:00,2025-09-12 23:00:00+03:00,t+3,41,Extreme,38.2,3.2,1.29,Above typical,Prioritize cross-team coordination and closely monitor passenger-processing and ground-operation readiness.
2025-09-12 21:00:00+03:00,2025-09-12 22:00:00+03:00,t+1,38,Extreme,34.7,3.4,2.02,Above typical,Prioritize cross-team coordination and closely monitor passenger-processing and ground-operation readiness.
2025-09-12 21:00:00+03:00,2025-09-12 23:00:00+03:00,t+2,41,Extreme,38.2,2.8,1.14,Above typical,Prioritize cross-team coordination and closely monitor passenger-processing and ground-operation readiness.
2025-09-12 21:00:00+03:00,2025-09-13 00:00:00+03:00,t+3,29,High,26.5,2.7,0.59,Typical,Increase operational monitoring and review operational readiness for the upcoming period.
2025-09-12 22:00:00+03:00,2025-09-12 23:00:00+03:00,t+1,41,Extreme,38.2,2.7,1.11,Above typical,Prioritize cross-team coordination and closely monitor passenger-processing and ground-operation readiness.
2025-09-12 22:00:00+03:00,2025-09-13 00:00:00+03:00,t+2,29,High,26.5,2.2,0.48,Typical,Increase operational monitoring and review operational readiness for the upcoming period.
2025-09-12 22:00:00+03:00,2025-09-13 01:00:00+03:00,t+3,23,High,24.1,-1.3,-0.32,Typical,Increase operational monitoring and review operational readiness for the upcoming period.
2025-09-12 23:00:00+03:00,2025-09-13 00:00:00+03:00,t+1,29,High,26.5,2.3,0.51,Typical,Increase operational monitoring and review operational readiness for the upcoming period.
2025-09-12 23:00:00+03:00,2025-09-13 01:00:00+03:00,t+2,23,High,24.1,-1.5,-0.35,Typical,Increase operational monitoring and review operational readiness for the upcoming period.
2025-09-12 23:00:00+03:00,2025-09-13 02:00:00+03:00,t+3,27,High,25.3,1.6,0.46,Typical,Increase operational monitoring and review operational readiness for the upcoming period.
2025-09-13 00:00:00+03:00,2025-09-13 01:00:00+03:00,t+1,23,High,24.1,-1.2,-0.29,Typical,Increase operational monitoring and review operational readiness for the upcoming period.
2025-09-13 00:00:00+03:00,2025-09-13 02:00:00+03:00,t+2,27,High,25.3,1.4,0.41,Typical,Increase operational monitoring and review operational readiness for the upcoming period.
2025-09-13 00:00:00+03:00,2025-09-13 03:00:00+03:00,t+3,16,Normal,16.3,-0.4,-0.1,Typical,Maintain standard operational monitoring.
2025-09-13 01:00:00+03:00,2025-09-13 02:00:00+03:00,t+1,27,High,25.3,1.6,0.47,Typical,Increase operational monitoring and review operational readiness for the upcoming period.
2025-09-13 01:00:00+03:00,2025-09-13 03:00:00+03:00,t+2,16,Normal,16.3,-0.7,-0.16,Typical,Maintain standard operational monitoring.
2025-09-13 01:00:00+03:00,2025-09-13 04:00:00+03:00,t+3,21,Normal,19.6,1.3,0.36,Typical,Maintain standard operational monitoring.
2025-09-13 02:00:00+03:00,2025-09-13 03:00:00+03:00,t+1,16,Normal,16.3,-0.2,-0.05,Typical,Maintain standard operational monitoring.
2025-09-13 02:00:00+03:00,2025-09-13 04:00:00+03:00,t+2,21,Normal,19.6,1.4,0.4,Typical,Maintain standard operational monitoring.
2025-09-13 02:00:00+03:00,2025-09-13 05:00:00+03:00,t+3,23,High,24.9,-1.8,-0.45,Typical,Increase operational monitoring and review operational readiness for the upcoming period.
2025-09-13 03:00:00+03:00,2025-09-13 04:00:00+03:00,t+1,21,Normal,19.6,1.6,0.44,Typical,Maintain standard operational monitoring.
2025-09-13 03:00:00+03:00,2025-09-13 05:00:00+03:00,t+2,23,High,24.9,-1.9,-0.47,Typical,Increase operational monitoring and review operational readiness for the upcoming period.
2025-09-13 03:00:00+03:00,2025-09-13 06:00:00+03:00,t+3,32,High,27.2,4.8,1.31,Above typical,Increase operational monitoring and review readiness across passenger-processing and ground-operation areas.
2025-09-13 04:00:00+03:00,2025-09-13 05:00:00+03:00,t+1,23,High,24.9,-1.7,-0.41,Typical,Increase operational monitoring and review operational readiness for the upcoming period.
2025-09-13 04:00:00+03:00,2025-09-13 06:00:00+03:00,t+2,32,High,27.2,4.9,1.33,Above typical,Increase operational monitoring and review readiness across passenger-processing and ground-operation areas.
2025-09-13 04:00:00+03:00,2025-09-13 07:00:00+03:00,t+3,26,High,26.3,-0.2,-0.07,Typical,Increase operational monitoring and review operational readiness for the upcoming period.
2025-09-13 05:00:00+03:00,2025-09-13 06:00:00+03:00,t+1,32,High,27.2,5.1,1.4,Above typical,Increase operational monitoring and review readiness across passenger-processing and ground-operation areas.
2025-09-13 05:00:00+03:00,2025-09-13 07:00:00+03:00,t+2,26,High,26.3,0.0,0.01,Typical,Increase operational monitoring and review operational readiness for the upcoming period.
2025-09-13 05:00:00+03:00,2025-09-13 08:00:00+03:00,t+3,25,High,24.3,1.0,0.27,Typical,Increase operational monitoring and review operational readiness for the upcoming period.
2025-09-13 06:00:00+03:00,2025-09-13 07:00:00+03:00,t+1,27,High,26.3,0.2,0.07,Typical,Increase operational monitoring and review operational readiness for the upcoming period.
2025-09-13 06:00:00+03:00,2025-09-13 08:00:00+03:00,t+2,26,High,24.3,1.2,0.33,Typical,Increase operational monitoring and review operational readiness for the upcoming period.
2025-09-13 06:00:00+03:00,2025-09-13 09:00:00+03:00,t+3,32,High,30.6,1.9,0.39,Typical,Increase operational monitoring and review operational readiness for the upcoming period.
2025-09-13 07:00:00+03:00,2025-09-13 08:00:00+03:00,t+1,25,High,24.3,1.0,0.28,Typical,Increase operational monitoring and review operational readiness for the upcoming period.
2025-09-13 07:00:00+03:00,2025-09-13 09:00:00+03:00,t+2,32,High,30.6,1.6,0.34,Typical,Increase operational monitoring and review operational readiness for the upcoming period.
2025-09-13 07:00:00+03:00,2025-09-13 10:00:00+03:00,t+3,39,Extreme,32.0,7.1,1.76,Above typical,Prioritize cross-team coordination and closely monitor passenger-processing and ground-operation readiness.
2025-09-13 08:00:00+03:00,2025-09-13 09:00:00+03:00,t+1,32,High,30.6,1.4,0.3,Typical,Increase operational monitoring and review operational readiness for the upcoming period.
2025-09-13 08:00:00+03:00,2025-09-13 10:00:00+03:00,t+2,39,Extreme,32.0,6.7,1.64,Above typical,Prioritize cross-team coordination and closely monitor passenger-processing and ground-operation readiness.
2025-09-13 08:00:00+03:00,2025-09-13 11:00:00+03:00,t+3,34,High,30.4,4.1,1.21,Above typical,Increase operational monitoring and review readiness across passenger-processing and ground-operation areas.
2025-09-13 09:00:00+03:00,2025-09-13 10:00:00+03:00,t+1,38,Extreme,32.0,5.8,1.42,Above typical,Prioritize cross-team coordination and closely monitor passenger-processing and ground-operation readiness.
2025-09-13 09:00:00+03:00,2025-09-13 11:00:00+03:00,t+2,33,High,30.4,2.8,0.84,Typical,Increase operational monitoring and review operational readiness for the upcoming period.
2025-09-13 09:00:00+03:00,2025-09-13 12:00:00+03:00,t+3,26,High,26.8,-1.1,-0.22,Typical,Increase operational monitoring and review operational readiness for the upcoming period.
2025-09-13 10:00:00+03:00,2025-09-13 11:00:00+03:00,t+1,34,High,30.4,3.4,1.02,Above typical,Increase operational monitoring and review readiness across passenger-processing and ground-operation areas.
2025-09-13 10:00:00+03:00,2025-09-13 12:00:00+03:00,t+2,27,High,26.8,-0.3,-0.06,Typical,Increase operational monitoring and review operational readiness for the upcoming period.
2025-09-13 10:00:00+03:00,2025-09-13 13:00:00+03:00,t+3,26,High,27.2,-0.9,-0.18,Typical,Increase operational monitoring and review operational readiness for the upcoming period.
2025-09-13 11:00:00+03:00,2025-09-13 12:00:00+03:00,t+1,27,High,26.8,0.5,0.09,Typical,Increase operational monitoring and review operational readiness for the upcoming period.
2025-09-13 11:00:00+03:00,2025-09-13 13:00:00+03:00,t+2,27,High,27.2,0.0,0.01,Typical,Increase operational monitoring and review operational readiness for the upcoming period.
2025-09-13 11:00:00+03:00,2025-09-13 14:00:00+03:00,t+3,33,High,31.0,2.2,0.53,Typical,Increase operational monitoring and review operational readiness for the upcoming period.
2025-09-13 12:00:00+03:00,2025-09-13 13:00:00+03:00,t+1,27,High,27.2,-0.3,-0.06,Typical,Increase operational monitoring and review operational readiness for the upcoming period.
2025-09-13 12:00:00+03:00,2025-09-13 14:00:00+03:00,t+2,33,High,31.0,1.8,0.43,Typical,Increase operational monitoring and review operational readiness for the upcoming period.
2025-09-13 12:00:00+03:00,2025-09-13 15:00:00+03:00,t+3,38,Extreme,35.7,2.0,0.3,Typical,Prioritize operational coordination and maintain close monitoring during the upcoming peak period.
2025-09-13 13:00:00+03:00,2025-09-13 14:00:00+03:00,t+1,31,High,31.0,0.3,0.08,Typical,Increase operational monitoring and review operational readiness for the upcoming period.
2025-09-13 13:00:00+03:00,2025-09-13 15:00:00+03:00,t+2,36,Extreme,35.7,0.3,0.04,Typical,Prioritize operational coordination and maintain close monitoring during the upcoming peak period.
2025-09-13 13:00:00+03:00,2025-09-13 16:00:00+03:00,t+3,33,High,31.3,1.7,0.24,Typical,Increase operational monitoring and review operational readiness for the upcoming period.
2025-09-13 14:00:00+03:00,2025-09-13 15:00:00+03:00,t+1,37,Extreme,35.7,1.6,0.24,Typical,Prioritize operational coordination and maintain close monitoring during the upcoming peak period.
2025-09-13 14:00:00+03:00,2025-09-13 16:00:00+03:00,t+2,34,High,31.3,2.8,0.4,Typical,Increase operational monitoring and review operational readiness for the upcoming period.
2025-09-13 14:00:00+03:00,2025-09-13 17:00:00+03:00,t+3,35,Extreme,34.5,0.7,0.14,Typical,Prioritize operational coordination and maintain close monitoring during the upcoming peak period.
2025-09-13 15:00:00+03:00,2025-09-13 16:00:00+03:00,t+1,35,Extreme,31.3,3.9,0.56,Typical,Prioritize operational coordination and maintain close monitoring during the upcoming peak period.
2025-09-13 15:00:00+03:00,2025-09-13 17:00:00+03:00,t+2,36,Extreme,34.5,1.6,0.34,Typical,Prioritize operational coordination and maintain close monitoring during the upcoming peak period.
2025-09-13 15:00:00+03:00,2025-09-13 18:00:00+03:00,t+3,36,Extreme,36.9,-0.8,-0.13,Typical,Prioritize operational coordination and maintain close monitoring during the upcoming peak period.
2025-09-13 16:00:00+03:00,2025-09-13 17:00:00+03:00,t+1,37,Extreme,34.5,2.2,0.46,Typical,Prioritize operational coordination and maintain close monitoring during the upcoming peak period.
2025-09-13 16:00:00+03:00,2025-09-13 18:00:00+03:00,t+2,37,Extreme,36.9,-0.4,-0.05,Typical,Prioritize operational coordination and maintain close monitoring during the upcoming peak period.
2025-09-13 16:00:00+03:00,2025-09-13 19:00:00+03:00,t+3,36,Extreme,33.5,2.0,0.39,Typical,Prioritize operational coordination and maintain close monitoring during the upcoming peak period.
2025-09-13 17:00:00+03:00,2025-09-13 18:00:00+03:00,t+1,37,Extreme,36.9,-0.0,-0.01,Typical,Prioritize operational coordination and maintain close monitoring during the upcoming peak period.
2025-09-13 17:00:00+03:00,2025-09-13 19:00:00+03:00,t+2,36,Extreme,33.5,2.3,0.45,Typical,Prioritize operational coordination and maintain close monitoring during the upcoming peak period.
2025-09-13 17:00:00+03:00,2025-09-13 20:00:00+03:00,t+3,41,Extreme,36.5,4.4,0.77,Typical,Prioritize operational coordination and maintain close monitoring during the upcoming peak period.
2025-09-13 18:00:00+03:00,2025-09-13 19:00:00+03:00,t+1,36,Extreme,33.5,2.4,0.45,Typical,Prioritize operational coordination and maintain close monitoring during the upcoming peak period.
2025-09-13 18:00:00+03:00,2025-09-13 20:00:00+03:00,t+2,41,Extreme,36.5,4.4,0.77,Typical,Prioritize operational coordination and maintain close monitoring during the upcoming peak period.
2025-09-13 18:00:00+03:00,2025-09-13 21:00:00+03:00,t+3,37,Extreme,35.6,1.4,0.21,Typical,Prioritize operational coordination and maintain close monitoring during the upcoming peak period.
2025-09-13 19:00:00+03:00,2025-09-13 20:00:00+03:00,t+1,41,Extreme,36.5,4.3,0.76,Typical,Prioritize operational coordination and maintain close monitoring during the upcoming peak period.
2025-09-13 19:00:00+03:00,2025-09-13 21:00:00+03:00,t+2,37,Extreme,35.6,1.3,0.19,Typical,Prioritize operational coordination and maintain close monitoring during the upcoming peak period.
2025-09-13 19:00:00+03:00,2025-09-13 22:00:00+03:00,t+3,40,Extreme,34.1,5.8,1.14,Above typical,Prioritize cross-team coordination and closely monitor passenger-processing and ground-operation readiness.
2025-09-13 20:00:00+03:00,2025-09-13 21:00:00+03:00,t+1,37,Extreme,35.6,1.3,0.19,Typical,Prioritize operational coordination and maintain close monitoring during the upcoming peak period.
2025-09-13 20:00:00+03:00,2025-09-13 22:00:00+03:00,t+2,40,Extreme,34.1,5.7,1.12,Above typical,Prioritize cross-team coordination and closely monitor passenger-processing and ground-operation readiness.
2025-09-13 20:00:00+03:00,2025-09-13 23:00:00+03:00,t+3,36,Extreme,32.9,3.2,0.61,Typical,Prioritize operational coordination and maintain close monitoring during the upcoming peak period.
2025-09-13 21:00:00+03:00,2025-09-13 22:00:00+03:00,t+1,40,Extreme,34.1,5.7,1.11,Above typical,Prioritize cross-team coordination and closely monitor passenger-processing and ground-operation readiness.
2025-09-13 21:00:00+03:00,2025-09-13 23:00:00+03:00,t+2,36,Extreme,32.9,3.0,0.57,Typical,Prioritize operational coordination and maintain close monitoring during the upcoming peak period.
2025-09-13 21:00:00+03:00,2025-09-14 00:00:00+03:00,t+3,32,High,30.4,1.5,0.29,Typical,Increase operational monitoring and review operational readiness for the upcoming period.
2025-09-13 22:00:00+03:00,2025-09-13 23:00:00+03:00,t+1,36,Extreme,32.9,3.0,0.58,Typical,Prioritize operational coordination and maintain close monitoring during the upcoming peak period.
2025-09-13 22:00:00+03:00,2025-09-14 00:00:00+03:00,t+2,32,High,30.4,1.4,0.27,Typical,Increase operational monitoring and review operational readiness for the upcoming period.
2025-09-13 22:00:00+03:00,2025-09-14 01:00:00+03:00,t+3,23,High,22.7,0.2,0.06,Typical,Increase operational monitoring and review operational readiness for the upcoming period.
2025-09-13 23:00:00+03:00,2025-09-14 00:00:00+03:00,t+1,32,High,30.4,1.3,0.25,Typical,Increase operational monitoring and review operational readiness for the upcoming period.
2025-09-13 23:00:00+03:00,2025-09-14 01:00:00+03:00,t+2,23,High,22.7,-0.1,-0.03,Typical,Increase operational monitoring and review operational readiness for the upcoming period.
2025-09-13 23:00:00+03:00,2025-09-14 02:00:00+03:00,t+3,30,High,25.2,4.4,1.48,Above typical,Increase operational monitoring and review readiness across passenger-processing and ground-operation areas.
2025-09-14 00:00:00+03:00,2025-09-14 01:00:00+03:00,t+1,23,High,22.7,0.2,0.04,Typical,Increase operational monitoring and review operational readiness for the upcoming period.
2025-09-14 00:00:00+03:00,2025-09-14 02:00:00+03:00,t+2,30,High,25.2,4.6,1.55,Above typical,Increase operational monitoring and review readiness across passenger-processing and ground-operation areas.
2025-09-14 00:00:00+03:00,2025-09-14 03:00:00+03:00,t+3,16,Normal,17.4,-1.5,-0.41,Typical,Maintain standard operational monitoring.
2025-09-14 01:00:00+03:00,2025-09-14 02:00:00+03:00,t+1,30,High,25.2,4.6,1.56,Above typical,Increase operational monitoring and review readiness across passenger-processing and ground-operation areas.
2025-09-14 01:00:00+03:00,2025-09-14 03:00:00+03:00,t+2,16,Normal,17.4,-1.7,-0.46,Typical,Maintain standard operational monitoring.
2025-09-14 01:00:00+03:00,2025-09-14 04:00:00+03:00,t+3,17,Normal,17.6,-0.7,-0.33,Typical,Maintain standard operational monitoring.
2025-09-14 02:00:00+03:00,2025-09-14 03:00:00+03:00,t+1,16,Normal,17.4,-1.3,-0.37,Typical,Maintain standard operational monitoring.
2025-09-14 02:00:00+03:00,2025-09-14 04:00:00+03:00,t+2,17,Normal,17.6,-0.7,-0.32,Typical,Maintain standard operational monitoring.
2025-09-14 02:00:00+03:00,2025-09-14 05:00:00+03:00,t+3,22,High,22.5,-0.5,-0.16,Typical,Increase operational monitoring and review operational readiness for the upcoming period.
2025-09-14 03:00:00+03:00,2025-09-14 04:00:00+03:00,t+1,17,Normal,17.6,-0.5,-0.23,Typical,Maintain standard operational monitoring.
2025-09-14 03:00:00+03:00,2025-09-14 05:00:00+03:00,t+2,22,High,22.5,-0.6,-0.17,Typical,Increase operational monitoring and review operational readiness for the upcoming period.
2025-09-14 03:00:00+03:00,2025-09-14 06:00:00+03:00,t+3,31,High,29.4,1.6,0.41,Typical,Increase operational monitoring and review operational readiness for the upcoming period.
2025-09-14 04:00:00+03:00,2025-09-14 05:00:00+03:00,t+1,22,High,22.5,-0.5,-0.15,Typical,Increase operational monitoring and review operational readiness for the upcoming period.
2025-09-14 04:00:00+03:00,2025-09-14 06:00:00+03:00,t+2,31,High,29.4,1.5,0.37,Typical,Increase operational monitoring and review operational readiness for the upcoming period.
2025-09-14 04:00:00+03:00,2025-09-14 07:00:00+03:00,t+3,32,High,28.4,3.6,0.98,Typical,Increase operational monitoring and review operational readiness for the upcoming period.
2025-09-14 05:00:00+03:00,2025-09-14 06:00:00+03:00,t+1,31,High,29.4,1.6,0.41,Typical,Increase operational monitoring and review operational readiness for the upcoming period.
2025-09-14 05:00:00+03:00,2025-09-14 07:00:00+03:00,t+2,32,High,28.4,3.5,0.97,Typical,Increase operational monitoring and review operational readiness for the upcoming period.
2025-09-14 05:00:00+03:00,2025-09-14 08:00:00+03:00,t+3,28,High,27.6,0.4,0.11,Typical,Increase operational monitoring and review operational readiness for the upcoming period.
2025-09-14 06:00:00+03:00,2025-09-14 07:00:00+03:00,t+1,32,High,28.4,3.7,1.01,Above typical,Increase operational monitoring and review readiness across passenger-processing and ground-operation areas.
2025-09-14 06:00:00+03:00,2025-09-14 08:00:00+03:00,t+2,28,High,27.6,0.3,0.1,Typical,Increase operational monitoring and review operational readiness for the upcoming period.
2025-09-14 06:00:00+03:00,2025-09-14 09:00:00+03:00,t+3,35,Extreme,31.0,4.0,0.82,Typical,Prioritize operational coordination and maintain close monitoring during the upcoming peak period.
2025-09-14 07:00:00+03:00,2025-09-14 08:00:00+03:00,t+1,28,High,27.6,0.5,0.14,Typical,Increase operational monitoring and review operational readiness for the upcoming period.
2025-09-14 07:00:00+03:00,2025-09-14 09:00:00+03:00,t+2,35,Extreme,31.0,3.9,0.81,Typical,Prioritize operational coordination and maintain close monitoring during the upcoming peak period.
2025-09-14 07:00:00+03:00,2025-09-14 10:00:00+03:00,t+3,31,High,29.3,1.7,0.39,Typical,Increase operational monitoring and review operational readiness for the upcoming period.
2025-09-14 08:00:00+03:00,2025-09-14 09:00:00+03:00,t+1,35,Extreme,31.0,4.0,0.82,Typical,Prioritize operational coordination and maintain close monitoring during the upcoming peak period.
2025-09-14 08:00:00+03:00,2025-09-14 10:00:00+03:00,t+2,31,High,29.3,1.6,0.37,Typical,Increase operational monitoring and review operational readiness for the upcoming period.
2025-09-14 08:00:00+03:00,2025-09-14 11:00:00+03:00,t+3,33,High,31.3,1.6,0.46,Typical,Increase operational monitoring and review operational readiness for the upcoming period.
2025-09-14 09:00:00+03:00,2025-09-14 10:00:00+03:00,t+1,31,High,29.3,1.7,0.4,Typical,Increase operational monitoring and review operational readiness for the upcoming period.
2025-09-14 09:00:00+03:00,2025-09-14 11:00:00+03:00,t+2,33,High,31.3,1.5,0.44,Typical,Increase operational monitoring and review operational readiness for the upcoming period.
2025-09-14 09:00:00+03:00,2025-09-14 12:00:00+03:00,t+3,28,High,26.6,1.4,0.42,Typical,Increase operational monitoring and review operational readiness for the upcoming period.
2025-09-14 10:00:00+03:00,2025-09-14 11:00:00+03:00,t+1,33,High,31.3,1.7,0.5,Typical,Increase operational monitoring and review operational readiness for the upcoming period.
2025-09-14 10:00:00+03:00,2025-09-14 12:00:00+03:00,t+2,28,High,26.6,1.4,0.43,Typical,Increase operational monitoring and review operational readiness for the upcoming period.
2025-09-14 10:00:00+03:00,2025-09-14 13:00:00+03:00,t+3,29,High,27.0,2.1,0.48,Typical,Increase operational monitoring and review operational readiness for the upcoming period.
2025-09-14 11:00:00+03:00,2025-09-14 12:00:00+03:00,t+1,28,High,26.6,1.6,0.5,Typical,Increase operational monitoring and review operational readiness for the upcoming period.
2025-09-14 11:00:00+03:00,2025-09-14 13:00:00+03:00,t+2,29,High,27.0,2.1,0.49,Typical,Increase operational monitoring and review operational readiness for the upcoming period.
2025-09-14 11:00:00+03:00,2025-09-14 14:00:00+03:00,t+3,34,High,30.2,4.1,0.78,Typical,Increase operational monitoring and review operational readiness for the upcoming period.
2025-09-14 12:00:00+03:00,2025-09-14 13:00:00+03:00,t+1,29,High,27.0,2.2,0.51,Typical,Increase operational monitoring and review operational readiness for the upcoming period.
2025-09-14 12:00:00+03:00,2025-09-14 14:00:00+03:00,t+2,34,High,30.2,3.9,0.75,Typical,Increase operational monitoring and review operational readiness for the upcoming period.
2025-09-14 12:00:00+03:00,2025-09-14 15:00:00+03:00,t+3,36,Extreme,36.4,-0.2,-0.04,Typical,Prioritize operational coordination and maintain close monitoring during the upcoming peak period.
2025-09-14 13:00:00+03:00,2025-09-14 14:00:00+03:00,t+1,34,High,30.2,3.9,0.75,Typical,Increase operational monitoring and review operational readiness for the upcoming period.
2025-09-14 13:00:00+03:00,2025-09-14 15:00:00+03:00,t+2,36,Extreme,36.4,-0.5,-0.1,Typical,Prioritize operational coordination and maintain close monitoring during the upcoming peak period.
2025-09-14 13:00:00+03:00,2025-09-14 16:00:00+03:00,t+3,36,Extreme,32.6,3.5,0.75,Typical,Prioritize operational coordination and maintain close monitoring during the upcoming peak period.
2025-09-14 14:00:00+03:00,2025-09-14 15:00:00+03:00,t+1,36,Extreme,36.4,-0.3,-0.07,Typical,Prioritize operational coordination and maintain close monitoring during the upcoming peak period.
2025-09-14 14:00:00+03:00,2025-09-14 16:00:00+03:00,t+2,36,Extreme,32.6,3.3,0.72,Typical,Prioritize operational coordination and maintain close monitoring during the upcoming peak period.
2025-09-14 14:00:00+03:00,2025-09-14 17:00:00+03:00,t+3,37,Extreme,34.4,2.7,0.54,Typical,Prioritize operational coordination and maintain close monitoring during the upcoming peak period.
2025-09-14 15:00:00+03:00,2025-09-14 16:00:00+03:00,t+1,36,Extreme,32.6,3.5,0.75,Typical,Prioritize operational coordination and maintain close monitoring during the upcoming peak period.
2025-09-14 15:00:00+03:00,2025-09-14 17:00:00+03:00,t+2,37,Extreme,34.4,2.5,0.51,Typical,Prioritize operational coordination and maintain close monitoring during the upcoming peak period.
2025-09-14 15:00:00+03:00,2025-09-14 18:00:00+03:00,t+3,41,Extreme,39.3,1.8,0.29,Typical,Prioritize operational coordination and maintain close monitoring during the upcoming peak period.
2025-09-14 16:00:00+03:00,2025-09-14 17:00:00+03:00,t+1,37,Extreme,34.4,2.7,0.54,Typical,Prioritize operational coordination and maintain close monitoring during the upcoming peak period.
2025-09-14 16:00:00+03:00,2025-09-14 18:00:00+03:00,t+2,41,Extreme,39.3,1.7,0.27,Typical,Prioritize operational coordination and maintain close monitoring during the upcoming peak period.
2025-09-14 16:00:00+03:00,2025-09-14 19:00:00+03:00,t+3,39,Extreme,35.8,3.4,0.68,Typical,Prioritize operational coordination and maintain close monitoring during the upcoming peak period.
2025-09-14 17:00:00+03:00,2025-09-14 18:00:00+03:00,t+1,41,Extreme,39.3,1.8,0.29,Typical,Prioritize operational coordination and maintain close monitoring during the upcoming peak period.
2025-09-14 17:00:00+03:00,2025-09-14 19:00:00+03:00,t+2,39,Extreme,35.8,3.3,0.65,Typical,Prioritize operational coordination and maintain close monitoring during the upcoming peak period.
2025-09-14 17:00:00+03:00,2025-09-14 20:00:00+03:00,t+3,39,Extreme,35.3,3.8,0.74,Typical,Prioritize operational coordination and maintain close monitoring during the upcoming peak period.
2025-09-14 18:00:00+03:00,2025-09-14 19:00:00+03:00,t+1,39,Extreme,35.8,3.4,0.68,Typical,Prioritize operational coordination and maintain close monitoring during the upcoming peak period.
2025-09-14 18:00:00+03:00,2025-09-14 20:00:00+03:00,t+2,39,Extreme,35.3,3.7,0.71,Typical,Prioritize operational coordination and maintain close monitoring during the upcoming peak period.
2025-09-14 18:00:00+03:00,2025-09-14 21:00:00+03:00,t+3,38,Extreme,35.2,3.0,0.63,Typical,Prioritize operational coordination and maintain close monitoring during the upcoming peak period.
2025-09-14 19:00:00+03:00,2025-09-14 20:00:00+03:00,t+1,39,Extreme,35.3,3.9,0.74,Typical,Prioritize operational coordination and maintain close monitoring during the upcoming peak period.
2025-09-14 19:00:00+03:00,2025-09-14 21:00:00+03:00,t+2,38,Extreme,35.2,2.9,0.6,Typical,Prioritize operational coordination and maintain close monitoring during the upcoming peak period.
2025-09-14 19:00:00+03:00,2025-09-14 22:00:00+03:00,t+3,38,Extreme,35.7,2.5,0.51,Typical,Prioritize operational coordination and maintain close monitoring during the upcoming peak period.
2025-09-14 20:00:00+03:00,2025-09-14 21:00:00+03:00,t+1,38,Extreme,35.2,3.0,0.63,Typical,Prioritize operational coordination and maintain close monitoring during the upcoming peak period.
2025-09-14 20:00:00+03:00,2025-09-14 22:00:00+03:00,t+2,38,Extreme,35.7,2.3,0.47,Typical,Prioritize operational coordination and maintain close monitoring during the upcoming peak period.
2025-09-14 20:00:00+03:00,2025-09-14 23:00:00+03:00,t+3,34,High,32.8,1.4,0.31,Typical,Increase operational monitoring and review operational readiness for the upcoming period.
2025-09-14 21:00:00+03:00,2025-09-14 22:00:00+03:00,t+1,38,Extreme,35.7,2.4,0.49,Typical,Prioritize operational coordination and maintain close monitoring during the upcoming peak period.
2025-09-14 21:00:00+03:00,2025-09-14 23:00:00+03:00,t+2,34,High,32.8,1.2,0.27,Typical,Increase operational monitoring and review operational readiness for the upcoming period.
2025-09-14 21:00:00+03:00,2025-09-15 00:00:00+03:00,t+3,28,High,12.1,16.0,1.81,Above typical,Increase operational monitoring and review readiness across passenger-processing and ground-operation areas.
2025-09-14 22:00:00+03:00,2025-09-14 23:00:00+03:00,t+1,34,High,32.8,1.2,0.28,Typical,Increase operational monitoring and review operational readiness for the upcoming period.
2025-09-14 22:00:00+03:00,2025-09-15 00:00:00+03:00,t+2,28,High,12.1,15.9,1.79,Above typical,Increase operational monitoring and review readiness across passenger-processing and ground-operation areas.
2025-09-14 22:00:00+03:00,2025-09-15 01:00:00+03:00,t+3,25,High,14.2,11.0,1.76,Above typical,Increase operational monitoring and review readiness across passenger-processing and ground-operation areas.
2025-09-14 23:00:00+03:00,2025-09-15 00:00:00+03:00,t+1,28,High,12.1,15.9,1.79,Above typical,Increase operational monitoring and review readiness across passenger-processing and ground-operation areas.
2025-09-14 23:00:00+03:00,2025-09-15 01:00:00+03:00,t+2,25,High,14.2,10.8,1.73,Above typical,Increase operational monitoring and review readiness across passenger-processing and ground-operation areas.
2025-09-14 23:00:00+03:00,2025-09-15 02:00:00+03:00,t+3,23,High,20.3,2.8,1.52,Above typical,Increase operational monitoring and review readiness across passenger-processing and ground-operation areas.
2025-09-15 00:00:00+03:00,2025-09-15 01:00:00+03:00,t+1,25,High,14.2,10.8,1.74,Above typical,Increase operational monitoring and review readiness across passenger-processing and ground-operation areas.
2025-09-15 00:00:00+03:00,2025-09-15 02:00:00+03:00,t+2,23,High,20.3,2.6,1.4,Above typical,Increase operational monitoring and review readiness across passenger-processing and ground-operation areas.
2025-09-15 00:00:00+03:00,2025-09-15 03:00:00+03:00,t+3,17,Normal,17.6,-0.5,-0.26,Typical,Maintain standard operational monitoring.
2025-09-15 01:00:00+03:00,2025-09-15 02:00:00+03:00,t+1,23,High,20.3,2.7,1.44,Above typical,Increase operational monitoring and review readiness across passenger-processing and ground-operation areas.
2025-09-15 01:00:00+03:00,2025-09-15 03:00:00+03:00,t+2,17,Normal,17.6,-0.7,-0.33,Typical,Maintain standard operational monitoring.
2025-09-15 01:00:00+03:00,2025-09-15 04:00:00+03:00,t+3,20,Normal,16.8,3.2,1.42,Above typical,Maintain standard operational monitoring.
2025-09-15 02:00:00+03:00,2025-09-15 03:00:00+03:00,t+1,17,Normal,17.6,-0.5,-0.26,Typical,Maintain standard operational monitoring.
2025-09-15 02:00:00+03:00,2025-09-15 04:00:00+03:00,t+2,20,Normal,16.8,3.0,1.37,Above typical,Maintain standard operational monitoring.
2025-09-15 02:00:00+03:00,2025-09-15 05:00:00+03:00,t+3,18,Normal,20.2,-2.1,-1.18,Below typical,Maintain standard operational monitoring.
2025-09-15 03:00:00+03:00,2025-09-15 04:00:00+03:00,t+1,20,Normal,16.8,3.2,1.44,Above typical,Maintain standard operational monitoring.
2025-09-15 03:00:00+03:00,2025-09-15 05:00:00+03:00,t+2,18,Normal,20.2,-2.3,-1.27,Below typical,Maintain standard operational monitoring.
2025-09-15 03:00:00+03:00,2025-09-15 06:00:00+03:00,t+3,30,High,28.6,1.5,0.59,Typical,Increase operational monitoring and review operational readiness for the upcoming period.
2025-09-15 04:00:00+03:00,2025-09-15 05:00:00+03:00,t+1,18,Normal,20.2,-2.1,-1.19,Below typical,Maintain standard operational monitoring.
2025-09-15 04:00:00+03:00,2025-09-15 06:00:00+03:00,t+2,30,High,28.6,1.3,0.52,Typical,Increase operational monitoring and review operational readiness for the upcoming period.
2025-09-15 04:00:00+03:00,2025-09-15 07:00:00+03:00,t+3,29,High,27.9,1.2,0.36,Typical,Increase operational monitoring and review operational readiness for the upcoming period.
2025-09-15 05:00:00+03:00,2025-09-15 06:00:00+03:00,t+1,30,High,28.6,1.5,0.57,Typical,Increase operational monitoring and review operational readiness for the upcoming period.
2025-09-15 05:00:00+03:00,2025-09-15 07:00:00+03:00,t+2,29,High,27.9,1.0,0.3,Typical,Increase operational monitoring and review operational readiness for the upcoming period.
2025-09-15 05:00:00+03:00,2025-09-15 08:00:00+03:00,t+3,31,High,29.7,1.4,0.36,Typical,Increase operational monitoring and review operational readiness for the upcoming period.
2025-09-15 06:00:00+03:00,2025-09-15 07:00:00+03:00,t+1,29,High,27.9,1.2,0.35,Typical,Increase operational monitoring and review operational readiness for the upcoming period.
2025-09-15 06:00:00+03:00,2025-09-15 08:00:00+03:00,t+2,31,High,29.7,1.2,0.31,Typical,Increase operational monitoring and review operational readiness for the upcoming period.
2025-09-15 06:00:00+03:00,2025-09-15 09:00:00+03:00,t+3,35,Extreme,35.2,-0.1,-0.03,Typical,Prioritize operational coordination and maintain close monitoring during the upcoming peak period.
2025-09-15 07:00:00+03:00,2025-09-15 08:00:00+03:00,t+1,31,High,29.7,1.4,0.36,Typical,Increase operational monitoring and review operational readiness for the upcoming period.
2025-09-15 07:00:00+03:00,2025-09-15 09:00:00+03:00,t+2,35,Extreme,35.2,-0.3,-0.09,Typical,Prioritize operational coordination and maintain close monitoring during the upcoming peak period.
2025-09-15 07:00:00+03:00,2025-09-15 10:00:00+03:00,t+3,37,Extreme,35.2,1.9,0.49,Typical,Prioritize operational coordination and maintain close monitoring during the upcoming peak period.
2025-09-15 08:00:00+03:00,2025-09-15 09:00:00+03:00,t+1,35,Extreme,35.2,-0.2,-0.04,Typical,Prioritize operational coordination and maintain close monitoring during the upcoming peak period.
2025-09-15 08:00:00+03:00,2025-09-15 10:00:00+03:00,t+2,37,Extreme,35.2,1.6,0.42,Typical,Prioritize operational coordination and maintain close monitoring during the upcoming peak period.
2025-09-15 08:00:00+03:00,2025-09-15 11:00:00+03:00,t+3,34,High,31.0,3.1,1.5,Above typical,Increase operational monitoring and review readiness across passenger-processing and ground-operation areas.
2025-09-15 09:00:00+03:00,2025-09-15 10:00:00+03:00,t+1,37,Extreme,35.2,1.8,0.48,Typical,Prioritize operational coordination and maintain close monitoring during the upcoming peak period.
2025-09-15 09:00:00+03:00,2025-09-15 11:00:00+03:00,t+2,34,High,31.0,2.9,1.39,Above typical,Increase operational monitoring and review readiness across passenger-processing and ground-operation areas.
2025-09-15 09:00:00+03:00,2025-09-15 12:00:00+03:00,t+3,28,High,28.2,-0.1,-0.04,Typical,Increase operational monitoring and review operational readiness for the upcoming period.
2025-09-15 10:00:00+03:00,2025-09-15 11:00:00+03:00,t+1,34,High,31.0,3.1,1.51,Above typical,Increase operational monitoring and review readiness across passenger-processing and ground-operation areas.
2025-09-15 10:00:00+03:00,2025-09-15 12:00:00+03:00,t+2,28,High,28.2,-0.2,-0.11,Typical,Increase operational monitoring and review operational readiness for the upcoming period.
2025-09-15 10:00:00+03:00,2025-09-15 13:00:00+03:00,t+3,32,High,30.2,1.8,0.56,Typical,Increase operational monitoring and review operational readiness for the upcoming period.
2025-09-15 11:00:00+03:00,2025-09-15 12:00:00+03:00,t+1,28,High,28.2,-0.1,-0.03,Typical,Increase operational monitoring and review operational readiness for the upcoming period.
2025-09-15 11:00:00+03:00,2025-09-15 13:00:00+03:00,t+2,32,High,30.2,1.7,0.53,Typical,Increase operational monitoring and review operational readiness for the upcoming period.
2025-09-15 11:00:00+03:00,2025-09-15 14:00:00+03:00,t+3,34,High,32.6,1.5,0.59,Typical,Increase operational monitoring and review operational readiness for the upcoming period.
2025-09-15 12:00:00+03:00,2025-09-15 13:00:00+03:00,t+1,32,High,30.2,1.8,0.56,Typical,Increase operational monitoring and review operational readiness for the upcoming period.
2025-09-15 12:00:00+03:00,2025-09-15 14:00:00+03:00,t+2,34,High,32.6,1.4,0.55,Typical,Increase operational monitoring and review operational readiness for the upcoming period.
2025-09-15 12:00:00+03:00,2025-09-15 15:00:00+03:00,t+3,33,High,33.7,-0.6,-0.21,Typical,Increase operational monitoring and review operational readiness for the upcoming period.
2025-09-15 13:00:00+03:00,2025-09-15 14:00:00+03:00,t+1,34,High,32.6,1.5,0.58,Typical,Increase operational monitoring and review operational readiness for the upcoming period.
2025-09-15 13:00:00+03:00,2025-09-15 15:00:00+03:00,t+2,33,High,33.7,-0.7,-0.24,Typical,Increase operational monitoring and review operational readiness for the upcoming period.
2025-09-15 13:00:00+03:00,2025-09-15 16:00:00+03:00,t+3,33,High,32.0,1.2,0.52,Typical,Increase operational monitoring and review operational readiness for the upcoming period.
2025-09-15 14:00:00+03:00,2025-09-15 15:00:00+03:00,t+1,33,High,33.7,-0.6,-0.21,Typical,Increase operational monitoring and review operational readiness for the upcoming period.
2025-09-15 14:00:00+03:00,2025-09-15 16:00:00+03:00,t+2,33,High,32.0,1.2,0.54,Typical,Increase operational monitoring and review operational readiness for the upcoming period.
2025-09-15 14:00:00+03:00,2025-09-15 17:00:00+03:00,t+3,33,High,35.9,-2.7,-1.31,Below typical,Increase operational monitoring and review operational readiness for the upcoming period.
2025-09-15 15:00:00+03:00,2025-09-15 16:00:00+03:00,t+1,33,High,32.0,1.2,0.56,Typical,Increase operational monitoring and review operational readiness for the upcoming period.
2025-09-15 15:00:00+03:00,2025-09-15 17:00:00+03:00,t+2,33,High,35.9,-2.6,-1.28,Below typical,Increase operational monitoring and review operational readiness for the upcoming period.
2025-09-15 15:00:00+03:00,2025-09-15 18:00:00+03:00,t+3,39,Extreme,39.7,-0.3,-0.12,Typical,Prioritize operational coordination and maintain close monitoring during the upcoming peak period.
2025-09-15 16:00:00+03:00,2025-09-15 17:00:00+03:00,t+1,33,High,35.9,-2.7,-1.33,Below typical,Increase operational monitoring and review operational readiness for the upcoming period.
2025-09-15 16:00:00+03:00,2025-09-15 18:00:00+03:00,t+2,39,Extreme,39.7,-0.4,-0.15,Typical,Prioritize operational coordination and maintain close monitoring during the upcoming peak period.
2025-09-15 16:00:00+03:00,2025-09-15 19:00:00+03:00,t+3,37,Extreme,36.0,1.4,0.5,Typical,Prioritize operational coordination and maintain close monitoring during the upcoming peak period.
2025-09-15 17:00:00+03:00,2025-09-15 18:00:00+03:00,t+1,39,Extreme,39.7,-0.6,-0.24,Typical,Prioritize operational coordination and maintain close monitoring during the upcoming peak period.
2025-09-15 17:00:00+03:00,2025-09-15 19:00:00+03:00,t+2,37,Extreme,36.0,1.2,0.42,Typical,Prioritize operational coordination and maintain close monitoring during the upcoming peak period.
2025-09-15 17:00:00+03:00,2025-09-15 20:00:00+03:00,t+3,39,Extreme,36.6,2.7,1.52,Above typical,Prioritize cross-team coordination and closely monitor passenger-processing and ground-operation readiness.
2025-09-15 18:00:00+03:00,2025-09-15 19:00:00+03:00,t+1,37,Extreme,36.0,1.1,0.38,Typical,Prioritize operational coordination and maintain close monitoring during the upcoming peak period.
2025-09-15 18:00:00+03:00,2025-09-15 20:00:00+03:00,t+2,39,Extreme,36.6,2.5,1.42,Above typical,Prioritize cross-team coordination and closely monitor passenger-processing and ground-operation readiness.
2025-09-15 18:00:00+03:00,2025-09-15 21:00:00+03:00,t+3,35,Extreme,34.8,0.6,0.26,Typical,Prioritize operational coordination and maintain close monitoring during the upcoming peak period.
2025-09-15 19:00:00+03:00,2025-09-15 20:00:00+03:00,t+1,39,Extreme,36.6,2.5,1.37,Above typical,Prioritize cross-team coordination and closely monitor passenger-processing and ground-operation readiness.
2025-09-15 19:00:00+03:00,2025-09-15 21:00:00+03:00,t+2,35,Extreme,34.8,0.4,0.19,Typical,Prioritize operational coordination and maintain close monitoring during the upcoming peak period.
2025-09-15 19:00:00+03:00,2025-09-15 22:00:00+03:00,t+3,41,Extreme,36.4,4.9,1.59,Above typical,Prioritize cross-team coordination and closely monitor passenger-processing and ground-operation readiness.
2025-09-15 20:00:00+03:00,2025-09-15 21:00:00+03:00,t+1,35,Extreme,34.8,0.3,0.15,Typical,Prioritize operational coordination and maintain close monitoring during the upcoming peak period.
2025-09-15 20:00:00+03:00,2025-09-15 22:00:00+03:00,t+2,41,Extreme,36.4,4.8,1.53,Above typical,Prioritize cross-team coordination and closely monitor passenger-processing and ground-operation readiness.
2025-09-15 20:00:00+03:00,2025-09-15 23:00:00+03:00,t+3,40,Extreme,37.3,3.0,1.28,Above typical,Prioritize cross-team coordination and closely monitor passenger-processing and ground-operation readiness.
2025-09-15 21:00:00+03:00,2025-09-15 22:00:00+03:00,t+1,41,Extreme,36.4,4.6,1.49,Above typical,Prioritize cross-team coordination and closely monitor passenger-processing and ground-operation readiness.
2025-09-15 21:00:00+03:00,2025-09-15 23:00:00+03:00,t+2,40,Extreme,37.3,2.9,1.21,Above typical,Prioritize cross-team coordination and closely monitor passenger-processing and ground-operation readiness.
2025-09-15 21:00:00+03:00,2025-09-16 00:00:00+03:00,t+3,31,High,30.2,1.1,0.2,Typical,Increase operational monitoring and review operational readiness for the upcoming period.
2025-09-15 22:00:00+03:00,2025-09-15 23:00:00+03:00,t+1,40,Extreme,37.3,2.9,1.22,Above typical,Prioritize cross-team coordination and closely monitor passenger-processing and ground-operation readiness.
2025-09-15 22:00:00+03:00,2025-09-16 00:00:00+03:00,t+2,31,High,30.2,1.2,0.21,Typical,Increase operational monitoring and review operational readiness for the upcoming period.
2025-09-15 22:00:00+03:00,2025-09-16 01:00:00+03:00,t+3,24,High,22.5,1.3,0.29,Typical,Increase operational monitoring and review operational readiness for the upcoming period.
2025-09-15 23:00:00+03:00,2025-09-16 00:00:00+03:00,t+1,31,High,30.2,1.0,0.17,Typical,Increase operational monitoring and review operational readiness for the upcoming period.
2025-09-15 23:00:00+03:00,2025-09-16 01:00:00+03:00,t+2,23,High,22.5,0.8,0.18,Typical,Increase operational monitoring and review operational readiness for the upcoming period.
2025-09-15 23:00:00+03:00,2025-09-16 02:00:00+03:00,t+3,26,High,24.5,2.0,0.63,Typical,Increase operational monitoring and review operational readiness for the upcoming period.
2025-09-16 00:00:00+03:00,2025-09-16 01:00:00+03:00,t+1,23,High,22.5,0.7,0.17,Typical,Increase operational monitoring and review operational readiness for the upcoming period.
2025-09-16 00:00:00+03:00,2025-09-16 02:00:00+03:00,t+2,26,High,24.5,1.6,0.52,Typical,Increase operational monitoring and review operational readiness for the upcoming period.
2025-09-16 00:00:00+03:00,2025-09-16 03:00:00+03:00,t+3,19,Normal,18.2,1.1,0.3,Typical,Maintain standard operational monitoring.
2025-09-16 01:00:00+03:00,2025-09-16 02:00:00+03:00,t+1,26,High,24.5,1.6,0.51,Typical,Increase operational monitoring and review operational readiness for the upcoming period.
2025-09-16 01:00:00+03:00,2025-09-16 03:00:00+03:00,t+2,19,Normal,18.2,0.8,0.21,Typical,Maintain standard operational monitoring.
2025-09-16 01:00:00+03:00,2025-09-16 04:00:00+03:00,t+3,20,Normal,19.2,0.9,0.28,Typical,Maintain standard operational monitoring.
2025-09-16 02:00:00+03:00,2025-09-16 03:00:00+03:00,t+1,19,Normal,18.2,1.0,0.27,Typical,Maintain standard operational monitoring.
2025-09-16 02:00:00+03:00,2025-09-16 04:00:00+03:00,t+2,20,Normal,19.2,0.8,0.25,Typical,Maintain standard operational monitoring.
2025-09-16 02:00:00+03:00,2025-09-16 05:00:00+03:00,t+3,19,Normal,21.2,-2.1,-0.8,Typical,Maintain standard operational monitoring.
2025-09-16 03:00:00+03:00,2025-09-16 04:00:00+03:00,t+1,20,Normal,19.2,1.0,0.3,Typical,Maintain standard operational monitoring.
2025-09-16 03:00:00+03:00,2025-09-16 05:00:00+03:00,t+2,19,Normal,21.2,-2.2,-0.85,Typical,Maintain standard operational monitoring.
2025-09-16 03:00:00+03:00,2025-09-16 06:00:00+03:00,t+3,28,High,26.6,1.5,0.48,Typical,Increase operational monitoring and review operational readiness for the upcoming period.
2025-09-16 04:00:00+03:00,2025-09-16 05:00:00+03:00,t+1,19,Normal,21.2,-2.0,-0.78,Typical,Maintain standard operational monitoring.
2025-09-16 04:00:00+03:00,2025-09-16 06:00:00+03:00,t+2,28,High,26.6,1.3,0.43,Typical,Increase operational monitoring and review operational readiness for the upcoming period.
2025-09-16 04:00:00+03:00,2025-09-16 07:00:00+03:00,t+3,25,High,25.3,-0.2,-0.05,Typical,Increase operational monitoring and review operational readiness for the upcoming period.
2025-09-16 05:00:00+03:00,2025-09-16 06:00:00+03:00,t+1,28,High,26.6,1.5,0.49,Typical,Increase operational monitoring and review operational readiness for the upcoming period.
2025-09-16 05:00:00+03:00,2025-09-16 07:00:00+03:00,t+2,25,High,25.3,-0.3,-0.11,Typical,Increase operational monitoring and review operational readiness for the upcoming period.
2025-09-16 05:00:00+03:00,2025-09-16 08:00:00+03:00,t+3,28,High,24.7,3.4,1.23,Above typical,Increase operational monitoring and review readiness across passenger-processing and ground-operation areas.
2025-09-16 06:00:00+03:00,2025-09-16 07:00:00+03:00,t+1,25,High,25.3,-0.2,-0.05,Typical,Increase operational monitoring and review operational readiness for the upcoming period.
2025-09-16 06:00:00+03:00,2025-09-16 08:00:00+03:00,t+2,28,High,24.7,3.3,1.19,Above typical,Increase operational monitoring and review readiness across passenger-processing and ground-operation areas.
2025-09-16 06:00:00+03:00,2025-09-16 09:00:00+03:00,t+3,29,High,28.3,0.8,0.23,Typical,Increase operational monitoring and review operational readiness for the upcoming period.
2025-09-16 07:00:00+03:00,2025-09-16 08:00:00+03:00,t+1,28,High,24.7,3.4,1.22,Above typical,Increase operational monitoring and review readiness across passenger-processing and ground-operation areas.
2025-09-16 07:00:00+03:00,2025-09-16 09:00:00+03:00,t+2,29,High,28.3,0.6,0.18,Typical,Increase operational monitoring and review operational readiness for the upcoming period.
2025-09-16 07:00:00+03:00,2025-09-16 10:00:00+03:00,t+3,37,Extreme,29.4,7.6,1.71,Above typical,Prioritize cross-team coordination and closely monitor passenger-processing and ground-operation readiness.
2025-09-16 08:00:00+03:00,2025-09-16 09:00:00+03:00,t+1,29,High,28.3,0.7,0.19,Typical,Increase operational monitoring and review operational readiness for the upcoming period.
2025-09-16 08:00:00+03:00,2025-09-16 10:00:00+03:00,t+2,37,Extreme,29.4,7.4,1.66,Above typical,Prioritize cross-team coordination and closely monitor passenger-processing and ground-operation readiness.
2025-09-16 08:00:00+03:00,2025-09-16 11:00:00+03:00,t+3,35,Extreme,28.8,6.2,1.76,Above typical,Prioritize cross-team coordination and closely monitor passenger-processing and ground-operation readiness.
2025-09-16 09:00:00+03:00,2025-09-16 10:00:00+03:00,t+1,37,Extreme,29.4,7.2,1.61,Above typical,Prioritize cross-team coordination and closely monitor passenger-processing and ground-operation readiness.
2025-09-16 09:00:00+03:00,2025-09-16 11:00:00+03:00,t+2,35,Extreme,28.8,5.9,1.67,Above typical,Prioritize cross-team coordination and closely monitor passenger-processing and ground-operation readiness.
2025-09-16 09:00:00+03:00,2025-09-16 12:00:00+03:00,t+3,27,High,26.4,0.2,0.14,Typical,Increase operational monitoring and review operational readiness for the upcoming period.
2025-09-16 10:00:00+03:00,2025-09-16 11:00:00+03:00,t+1,35,Extreme,28.8,5.8,1.66,Above typical,Prioritize cross-team coordination and closely monitor passenger-processing and ground-operation readiness.
2025-09-16 10:00:00+03:00,2025-09-16 12:00:00+03:00,t+2,27,High,26.4,0.3,0.22,Typical,Increase operational monitoring and review operational readiness for the upcoming period.
2025-09-16 10:00:00+03:00,2025-09-16 13:00:00+03:00,t+3,30,High,28.3,1.4,1.08,Above typical,Increase operational monitoring and review readiness across passenger-processing and ground-operation areas.
2025-09-16 11:00:00+03:00,2025-09-16 12:00:00+03:00,t+1,27,High,26.4,0.4,0.29,Typical,Increase operational monitoring and review operational readiness for the upcoming period.
2025-09-16 11:00:00+03:00,2025-09-16 13:00:00+03:00,t+2,30,High,28.3,1.7,1.28,Above typical,Increase operational monitoring and review readiness across passenger-processing and ground-operation areas.
2025-09-16 11:00:00+03:00,2025-09-16 14:00:00+03:00,t+3,32,High,30.7,1.4,0.6,Typical,Increase operational monitoring and review operational readiness for the upcoming period.
2025-09-16 12:00:00+03:00,2025-09-16 13:00:00+03:00,t+1,30,High,28.3,1.6,1.19,Above typical,Increase operational monitoring and review readiness across passenger-processing and ground-operation areas.
2025-09-16 12:00:00+03:00,2025-09-16 14:00:00+03:00,t+2,32,High,30.7,1.3,0.56,Typical,Increase operational monitoring and review operational readiness for the upcoming period.
2025-09-16 12:00:00+03:00,2025-09-16 15:00:00+03:00,t+3,36,Extreme,36.7,-0.6,-0.15,Typical,Prioritize operational coordination and maintain close monitoring during the upcoming peak period.
2025-09-16 13:00:00+03:00,2025-09-16 14:00:00+03:00,t+1,32,High,30.7,1.1,0.44,Typical,Increase operational monitoring and review operational readiness for the upcoming period.
2025-09-16 13:00:00+03:00,2025-09-16 15:00:00+03:00,t+2,36,Extreme,36.7,-0.8,-0.21,Typical,Prioritize operational coordination and maintain close monitoring during the upcoming peak period.
2025-09-16 13:00:00+03:00,2025-09-16 16:00:00+03:00,t+3,35,Extreme,32.4,2.5,0.74,Typical,Prioritize operational coordination and maintain close monitoring during the upcoming peak period.
2025-09-16 14:00:00+03:00,2025-09-16 15:00:00+03:00,t+1,36,Extreme,36.7,-0.8,-0.21,Typical,Prioritize operational coordination and maintain close monitoring during the upcoming peak period.
2025-09-16 14:00:00+03:00,2025-09-16 16:00:00+03:00,t+2,35,Extreme,32.4,2.6,0.76,Typical,Prioritize operational coordination and maintain close monitoring during the upcoming peak period.
2025-09-16 14:00:00+03:00,2025-09-16 17:00:00+03:00,t+3,35,Extreme,36.6,-1.5,-0.98,Typical,Prioritize operational coordination and maintain close monitoring during the upcoming peak period.
2025-09-16 15:00:00+03:00,2025-09-16 16:00:00+03:00,t+1,35,Extreme,32.4,2.6,0.77,Typical,Prioritize operational coordination and maintain close monitoring during the upcoming peak period.
2025-09-16 15:00:00+03:00,2025-09-16 17:00:00+03:00,t+2,35,Extreme,36.6,-1.6,-0.99,Typical,Prioritize operational coordination and maintain close monitoring during the upcoming peak period.
2025-09-16 15:00:00+03:00,2025-09-16 18:00:00+03:00,t+3,41,Extreme,40.8,0.2,0.07,Typical,Prioritize operational coordination and maintain close monitoring during the upcoming peak period.
2025-09-16 16:00:00+03:00,2025-09-16 17:00:00+03:00,t+1,35,Extreme,36.6,-1.5,-0.97,Typical,Prioritize operational coordination and maintain close monitoring during the upcoming peak period.
2025-09-16 16:00:00+03:00,2025-09-16 18:00:00+03:00,t+2,41,Extreme,40.8,0.1,0.05,Typical,Prioritize operational coordination and maintain close monitoring during the upcoming peak period.
2025-09-16 16:00:00+03:00,2025-09-16 19:00:00+03:00,t+3,36,Extreme,36.4,-0.4,-0.16,Typical,Prioritize operational coordination and maintain close monitoring during the upcoming peak period.
2025-09-16 17:00:00+03:00,2025-09-16 18:00:00+03:00,t+1,41,Extreme,40.8,0.2,0.06,Typical,Prioritize operational coordination and maintain close monitoring during the upcoming peak period.
2025-09-16 17:00:00+03:00,2025-09-16 19:00:00+03:00,t+2,36,Extreme,36.4,-0.4,-0.2,Typical,Prioritize operational coordination and maintain close monitoring during the upcoming peak period.
2025-09-16 17:00:00+03:00,2025-09-16 20:00:00+03:00,t+3,41,Extreme,35.8,5.2,2.81,Above typical,Prioritize cross-team coordination and closely monitor passenger-processing and ground-operation readiness.
2025-09-16 18:00:00+03:00,2025-09-16 19:00:00+03:00,t+1,36,Extreme,36.4,-0.4,-0.16,Typical,Prioritize operational coordination and maintain close monitoring during the upcoming peak period.
2025-09-16 18:00:00+03:00,2025-09-16 20:00:00+03:00,t+2,41,Extreme,35.8,5.3,2.82,Above typical,Prioritize cross-team coordination and closely monitor passenger-processing and ground-operation readiness.
2025-09-16 18:00:00+03:00,2025-09-16 21:00:00+03:00,t+3,38,Extreme,36.6,1.5,0.93,Typical,Prioritize operational coordination and maintain close monitoring during the upcoming peak period.
2025-09-16 19:00:00+03:00,2025-09-16 20:00:00+03:00,t+1,41,Extreme,35.8,5.2,2.78,Above typical,Prioritize cross-team coordination and closely monitor passenger-processing and ground-operation readiness.
2025-09-16 19:00:00+03:00,2025-09-16 21:00:00+03:00,t+2,38,Extreme,36.6,1.4,0.88,Typical,Prioritize operational coordination and maintain close monitoring during the upcoming peak period.
2025-09-16 19:00:00+03:00,2025-09-16 22:00:00+03:00,t+3,41,Extreme,34.6,6.4,3.6,Above typical,Prioritize cross-team coordination and closely monitor passenger-processing and ground-operation readiness.
2025-09-16 20:00:00+03:00,2025-09-16 21:00:00+03:00,t+1,38,Extreme,36.6,1.3,0.8,Typical,Prioritize operational coordination and maintain close monitoring during the upcoming peak period.
2025-09-16 20:00:00+03:00,2025-09-16 22:00:00+03:00,t+2,41,Extreme,34.6,6.4,3.57,Above typical,Prioritize cross-team coordination and closely monitor passenger-processing and ground-operation readiness.
2025-09-16 20:00:00+03:00,2025-09-16 23:00:00+03:00,t+3,38,Extreme,34.4,3.6,2.01,Above typical,Prioritize cross-team coordination and closely monitor passenger-processing and ground-operation readiness.
2025-09-16 21:00:00+03:00,2025-09-16 22:00:00+03:00,t+1,41,Extreme,34.6,6.2,3.45,Above typical,Prioritize cross-team coordination and closely monitor passenger-processing and ground-operation readiness.
2025-09-16 21:00:00+03:00,2025-09-16 23:00:00+03:00,t+2,38,Extreme,34.4,3.6,1.98,Above typical,Prioritize cross-team coordination and closely monitor passenger-processing and ground-operation readiness.
2025-09-16 21:00:00+03:00,2025-09-17 00:00:00+03:00,t+3,29,High,27.3,1.8,0.38,Typical,Increase operational monitoring and review operational readiness for the upcoming period.
2025-09-16 22:00:00+03:00,2025-09-16 23:00:00+03:00,t+1,38,Extreme,34.4,3.3,1.87,Above typical,Prioritize cross-team coordination and closely monitor passenger-processing and ground-operation readiness.
2025-09-16 22:00:00+03:00,2025-09-17 00:00:00+03:00,t+2,29,High,27.3,1.8,0.39,Typical,Increase operational monitoring and review operational readiness for the upcoming period.
2025-09-16 22:00:00+03:00,2025-09-17 01:00:00+03:00,t+3,24,High,23.0,1.3,0.31,Typical,Increase operational monitoring and review operational readiness for the upcoming period.
2025-09-16 23:00:00+03:00,2025-09-17 00:00:00+03:00,t+1,29,High,27.3,1.2,0.26,Typical,Increase operational monitoring and review operational readiness for the upcoming period.
2025-09-16 23:00:00+03:00,2025-09-17 01:00:00+03:00,t+2,24,High,23.0,0.5,0.12,Typical,Increase operational monitoring and review operational readiness for the upcoming period.
2025-09-16 23:00:00+03:00,2025-09-17 02:00:00+03:00,t+3,27,High,22.1,4.5,1.6,Above typical,Increase operational monitoring and review readiness across passenger-processing and ground-operation areas.
2025-09-17 00:00:00+03:00,2025-09-17 01:00:00+03:00,t+1,23,High,23.0,0.1,0.02,Typical,Increase operational monitoring and review operational readiness for the upcoming period.
2025-09-17 00:00:00+03:00,2025-09-17 02:00:00+03:00,t+2,26,High,22.1,4.0,1.43,Above typical,Increase operational monitoring and review readiness across passenger-processing and ground-operation areas.
2025-09-17 00:00:00+03:00,2025-09-17 03:00:00+03:00,t+3,17,Normal,18.1,-0.7,-0.31,Typical,Maintain standard operational monitoring.
2025-09-17 01:00:00+03:00,2025-09-17 02:00:00+03:00,t+1,26,High,22.1,4.3,1.51,Above typical,Increase operational monitoring and review readiness across passenger-processing and ground-operation areas.
2025-09-17 01:00:00+03:00,2025-09-17 03:00:00+03:00,t+2,17,Normal,18.1,-0.8,-0.35,Typical,Maintain standard operational monitoring.
2025-09-17 01:00:00+03:00,2025-09-17 04:00:00+03:00,t+3,14,Normal,14.7,-0.3,-0.11,Typical,Maintain standard operational monitoring.
2025-09-17 02:00:00+03:00,2025-09-17 03:00:00+03:00,t+1,18,Normal,18.1,-0.1,-0.06,Typical,Maintain standard operational monitoring.
2025-09-17 02:00:00+03:00,2025-09-17 04:00:00+03:00,t+2,15,Normal,14.7,0.1,0.04,Typical,Maintain standard operational monitoring.
2025-09-17 02:00:00+03:00,2025-09-17 05:00:00+03:00,t+3,22,High,22.6,-0.8,-0.22,Typical,Increase operational monitoring and review operational readiness for the upcoming period.
2025-09-17 03:00:00+03:00,2025-09-17 04:00:00+03:00,t+1,15,Normal,14.7,0.4,0.16,Typical,Maintain standard operational monitoring.
2025-09-17 03:00:00+03:00,2025-09-17 05:00:00+03:00,t+2,22,High,22.6,-0.7,-0.17,Typical,Increase operational monitoring and review operational readiness for the upcoming period.
2025-09-17 03:00:00+03:00,2025-09-17 06:00:00+03:00,t+3,31,High,28.9,2.0,0.45,Typical,Increase operational monitoring and review operational readiness for the upcoming period.
2025-09-17 04:00:00+03:00,2025-09-17 05:00:00+03:00,t+1,22,High,22.6,-0.6,-0.16,Typical,Increase operational monitoring and review operational readiness for the upcoming period.
2025-09-17 04:00:00+03:00,2025-09-17 06:00:00+03:00,t+2,31,High,28.9,1.8,0.41,Typical,Increase operational monitoring and review operational readiness for the upcoming period.
2025-09-17 04:00:00+03:00,2025-09-17 07:00:00+03:00,t+3,32,High,27.5,4.2,0.76,Typical,Increase operational monitoring and review operational readiness for the upcoming period.
2025-09-17 05:00:00+03:00,2025-09-17 06:00:00+03:00,t+1,31,High,28.9,2.1,0.48,Typical,Increase operational monitoring and review operational readiness for the upcoming period.
2025-09-17 05:00:00+03:00,2025-09-17 07:00:00+03:00,t+2,32,High,27.5,4.2,0.76,Typical,Increase operational monitoring and review operational readiness for the upcoming period.
2025-09-17 05:00:00+03:00,2025-09-17 08:00:00+03:00,t+3,31,High,27.8,3.0,0.57,Typical,Increase operational monitoring and review operational readiness for the upcoming period.
2025-09-17 06:00:00+03:00,2025-09-17 07:00:00+03:00,t+1,32,High,27.5,4.5,0.81,Typical,Increase operational monitoring and review operational readiness for the upcoming period.
2025-09-17 06:00:00+03:00,2025-09-17 08:00:00+03:00,t+2,31,High,27.8,3.0,0.56,Typical,Increase operational monitoring and review operational readiness for the upcoming period.
2025-09-17 06:00:00+03:00,2025-09-17 09:00:00+03:00,t+3,34,High,32.6,1.3,0.26,Typical,Increase operational monitoring and review operational readiness for the upcoming period.
2025-09-17 07:00:00+03:00,2025-09-17 08:00:00+03:00,t+1,31,High,27.8,3.2,0.6,Typical,Increase operational monitoring and review operational readiness for the upcoming period.
2025-09-17 07:00:00+03:00,2025-09-17 09:00:00+03:00,t+2,34,High,32.6,1.1,0.23,Typical,Increase operational monitoring and review operational readiness for the upcoming period.
2025-09-17 07:00:00+03:00,2025-09-17 10:00:00+03:00,t+3,32,High,30.6,1.3,0.27,Typical,Increase operational monitoring and review operational readiness for the upcoming period.
2025-09-17 08:00:00+03:00,2025-09-17 09:00:00+03:00,t+1,34,High,32.6,1.3,0.26,Typical,Increase operational monitoring and review operational readiness for the upcoming period.
2025-09-17 08:00:00+03:00,2025-09-17 10:00:00+03:00,t+2,32,High,30.6,1.1,0.23,Typical,Increase operational monitoring and review operational readiness for the upcoming period.
2025-09-17 08:00:00+03:00,2025-09-17 11:00:00+03:00,t+3,32,High,27.7,4.1,0.98,Typical,Increase operational monitoring and review operational readiness for the upcoming period.
2025-09-17 09:00:00+03:00,2025-09-17 10:00:00+03:00,t+1,32,High,30.6,1.2,0.27,Typical,Increase operational monitoring and review operational readiness for the upcoming period.
2025-09-17 09:00:00+03:00,2025-09-17 11:00:00+03:00,t+2,32,High,27.7,3.9,0.94,Typical,Increase operational monitoring and review operational readiness for the upcoming period.
2025-09-17 09:00:00+03:00,2025-09-17 12:00:00+03:00,t+3,26,High,26.6,-0.8,-0.23,Typical,Increase operational monitoring and review operational readiness for the upcoming period.
2025-09-17 10:00:00+03:00,2025-09-17 11:00:00+03:00,t+1,32,High,27.7,4.1,0.99,Typical,Increase operational monitoring and review operational readiness for the upcoming period.
2025-09-17 10:00:00+03:00,2025-09-17 12:00:00+03:00,t+2,26,High,26.6,-0.8,-0.25,Typical,Increase operational monitoring and review operational readiness for the upcoming period.
2025-09-17 10:00:00+03:00,2025-09-17 13:00:00+03:00,t+3,30,High,29.3,0.5,0.13,Typical,Increase operational monitoring and review operational readiness for the upcoming period.
2025-09-17 11:00:00+03:00,2025-09-17 12:00:00+03:00,t+1,26,High,26.6,-0.7,-0.2,Typical,Increase operational monitoring and review operational readiness for the upcoming period.
2025-09-17 11:00:00+03:00,2025-09-17 13:00:00+03:00,t+2,30,High,29.3,0.5,0.12,Typical,Increase operational monitoring and review operational readiness for the upcoming period.
2025-09-17 11:00:00+03:00,2025-09-17 14:00:00+03:00,t+3,34,High,31.4,2.5,0.49,Typical,Increase operational monitoring and review operational readiness for the upcoming period.
2025-09-17 12:00:00+03:00,2025-09-17 13:00:00+03:00,t+1,30,High,29.3,0.5,0.11,Typical,Increase operational monitoring and review operational readiness for the upcoming period.
2025-09-17 12:00:00+03:00,2025-09-17 14:00:00+03:00,t+2,34,High,31.4,2.3,0.44,Typical,Increase operational monitoring and review operational readiness for the upcoming period.
2025-09-17 12:00:00+03:00,2025-09-17 15:00:00+03:00,t+3,35,Extreme,34.4,0.4,0.09,Typical,Prioritize operational coordination and maintain close monitoring during the upcoming peak period.
2025-09-17 13:00:00+03:00,2025-09-17 14:00:00+03:00,t+1,34,High,31.4,2.4,0.47,Typical,Increase operational monitoring and review operational readiness for the upcoming period.
2025-09-17 13:00:00+03:00,2025-09-17 15:00:00+03:00,t+2,35,Extreme,34.4,0.3,0.07,Typical,Prioritize operational coordination and maintain close monitoring during the upcoming peak period.
2025-09-17 13:00:00+03:00,2025-09-17 16:00:00+03:00,t+3,33,High,31.6,1.2,0.31,Typical,Increase operational monitoring and review operational readiness for the upcoming period.
2025-09-17 14:00:00+03:00,2025-09-17 15:00:00+03:00,t+1,35,Extreme,34.4,0.6,0.14,Typical,Prioritize operational coordination and maintain close monitoring during the upcoming peak period.
2025-09-17 14:00:00+03:00,2025-09-17 16:00:00+03:00,t+2,33,High,31.6,1.2,0.33,Typical,Increase operational monitoring and review operational readiness for the upcoming period.
2025-09-17 14:00:00+03:00,2025-09-17 17:00:00+03:00,t+3,35,Extreme,34.2,0.6,0.13,Typical,Prioritize operational coordination and maintain close monitoring during the upcoming peak period.
2025-09-17 15:00:00+03:00,2025-09-17 16:00:00+03:00,t+1,33,High,31.6,1.5,0.41,Typical,Increase operational monitoring and review operational readiness for the upcoming period.
2025-09-17 15:00:00+03:00,2025-09-17 17:00:00+03:00,t+2,35,Extreme,34.2,0.8,0.16,Typical,Prioritize operational coordination and maintain close monitoring during the upcoming peak period.
2025-09-17 15:00:00+03:00,2025-09-17 18:00:00+03:00,t+3,37,Extreme,37.8,-0.6,-0.13,Typical,Prioritize operational coordination and maintain close monitoring during the upcoming peak period.
2025-09-17 16:00:00+03:00,2025-09-17 17:00:00+03:00,t+1,35,Extreme,34.2,0.9,0.19,Typical,Prioritize operational coordination and maintain close monitoring during the upcoming peak period.
2025-09-17 16:00:00+03:00,2025-09-17 18:00:00+03:00,t+2,37,Extreme,37.8,-0.7,-0.14,Typical,Prioritize operational coordination and maintain close monitoring during the upcoming peak period.
2025-09-17 16:00:00+03:00,2025-09-17 19:00:00+03:00,t+3,38,Extreme,34.8,3.4,0.68,Typical,Prioritize operational coordination and maintain close monitoring during the upcoming peak period.
2025-09-17 17:00:00+03:00,2025-09-17 18:00:00+03:00,t+1,37,Extreme,37.8,-0.6,-0.13,Typical,Prioritize operational coordination and maintain close monitoring during the upcoming peak period.
2025-09-17 17:00:00+03:00,2025-09-17 19:00:00+03:00,t+2,38,Extreme,34.8,3.2,0.64,Typical,Prioritize operational coordination and maintain close monitoring during the upcoming peak period.
2025-09-17 17:00:00+03:00,2025-09-17 20:00:00+03:00,t+3,39,Extreme,34.8,4.2,0.92,Typical,Prioritize operational coordination and maintain close monitoring during the upcoming peak period.
2025-09-17 18:00:00+03:00,2025-09-17 19:00:00+03:00,t+1,38,Extreme,34.8,3.3,0.66,Typical,Prioritize operational coordination and maintain close monitoring during the upcoming peak period.
2025-09-17 18:00:00+03:00,2025-09-17 20:00:00+03:00,t+2,39,Extreme,34.8,4.1,0.9,Typical,Prioritize operational coordination and maintain close monitoring during the upcoming peak period.
2025-09-17 18:00:00+03:00,2025-09-17 21:00:00+03:00,t+3,35,Extreme,34.6,0.4,0.1,Typical,Prioritize operational coordination and maintain close monitoring during the upcoming peak period.
2025-09-17 19:00:00+03:00,2025-09-17 20:00:00+03:00,t+1,39,Extreme,34.8,4.2,0.91,Typical,Prioritize operational coordination and maintain close monitoring during the upcoming peak period.
2025-09-17 19:00:00+03:00,2025-09-17 21:00:00+03:00,t+2,35,Extreme,34.6,0.3,0.06,Typical,Prioritize operational coordination and maintain close monitoring during the upcoming peak period.
2025-09-17 19:00:00+03:00,2025-09-17 22:00:00+03:00,t+3,38,Extreme,35.8,2.2,0.34,Typical,Prioritize operational coordination and maintain close monitoring during the upcoming peak period.
2025-09-17 20:00:00+03:00,2025-09-17 21:00:00+03:00,t+1,35,Extreme,34.6,0.3,0.08,Typical,Prioritize operational coordination and maintain close monitoring during the upcoming peak period.
2025-09-17 20:00:00+03:00,2025-09-17 22:00:00+03:00,t+2,38,Extreme,35.8,2.0,0.31,Typical,Prioritize operational coordination and maintain close monitoring during the upcoming peak period.
2025-09-17 20:00:00+03:00,2025-09-17 23:00:00+03:00,t+3,42,Extreme,38.8,3.1,0.53,Typical,Prioritize operational coordination and maintain close monitoring during the upcoming peak period.
2025-09-17 21:00:00+03:00,2025-09-17 22:00:00+03:00,t+1,38,Extreme,35.8,2.2,0.34,Typical,Prioritize operational coordination and maintain close monitoring during the upcoming peak period.
2025-09-17 21:00:00+03:00,2025-09-17 23:00:00+03:00,t+2,42,Extreme,38.8,3.1,0.52,Typical,Prioritize operational coordination and maintain close monitoring during the upcoming peak period.
2025-09-17 21:00:00+03:00,2025-09-18 00:00:00+03:00,t+3,10,Normal,27.1,-17.1,-2.42,Below typical,Maintain standard operational monitoring.
2025-09-17 22:00:00+03:00,2025-09-17 23:00:00+03:00,t+1,42,Extreme,38.8,3.4,0.57,Typical,Prioritize operational coordination and maintain close monitoring during the upcoming peak period.
2025-09-17 22:00:00+03:00,2025-09-18 00:00:00+03:00,t+2,10,Normal,27.1,-17.0,-2.41,Below typical,Maintain standard operational monitoring.
2025-09-17 22:00:00+03:00,2025-09-18 01:00:00+03:00,t+3,14,Normal,23.4,-9.2,-2.16,Below typical,Maintain standard operational monitoring.
2025-09-17 23:00:00+03:00,2025-09-18 00:00:00+03:00,t+1,11,Normal,27.1,-16.2,-2.29,Below typical,Maintain standard operational monitoring.
2025-09-17 23:00:00+03:00,2025-09-18 01:00:00+03:00,t+2,15,Normal,23.4,-8.6,-2.01,Below typical,Maintain standard operational monitoring.
2025-09-17 23:00:00+03:00,2025-09-18 02:00:00+03:00,t+3,21,Normal,25.6,-4.1,-2.17,Below typical,Maintain standard operational monitoring.
2025-09-18 00:00:00+03:00,2025-09-18 01:00:00+03:00,t+1,14,Normal,23.4,-9.0,-2.1,Below typical,Maintain standard operational monitoring.
2025-09-18 00:00:00+03:00,2025-09-18 02:00:00+03:00,t+2,21,Normal,25.6,-4.5,-2.37,Below typical,Maintain standard operational monitoring.
2025-09-18 00:00:00+03:00,2025-09-18 03:00:00+03:00,t+3,18,Normal,18.5,-0.3,-0.17,Typical,Maintain standard operational monitoring.
2025-09-18 01:00:00+03:00,2025-09-18 02:00:00+03:00,t+1,21,Normal,25.6,-4.6,-2.46,Below typical,Maintain standard operational monitoring.
2025-09-18 01:00:00+03:00,2025-09-18 03:00:00+03:00,t+2,18,Normal,18.5,-0.7,-0.34,Typical,Maintain standard operational monitoring.
2025-09-18 01:00:00+03:00,2025-09-18 04:00:00+03:00,t+3,20,Normal,19.9,0.1,0.03,Typical,Maintain standard operational monitoring.
2025-09-18 02:00:00+03:00,2025-09-18 03:00:00+03:00,t+1,18,Normal,18.5,-0.4,-0.21,Typical,Maintain standard operational monitoring.
2025-09-18 02:00:00+03:00,2025-09-18 04:00:00+03:00,t+2,20,Normal,19.9,0.0,0.02,Typical,Maintain standard operational monitoring.
2025-09-18 02:00:00+03:00,2025-09-18 05:00:00+03:00,t+3,21,Normal,22.4,-1.3,-0.55,Typical,Maintain standard operational monitoring.
2025-09-18 03:00:00+03:00,2025-09-18 04:00:00+03:00,t+1,20,Normal,19.9,0.4,0.16,Typical,Maintain standard operational monitoring.
2025-09-18 03:00:00+03:00,2025-09-18 05:00:00+03:00,t+2,21,Normal,22.4,-1.3,-0.55,Typical,Maintain standard operational monitoring.
2025-09-18 03:00:00+03:00,2025-09-18 06:00:00+03:00,t+3,28,High,27.4,0.9,0.55,Typical,Increase operational monitoring and review operational readiness for the upcoming period.
2025-09-18 04:00:00+03:00,2025-09-18 05:00:00+03:00,t+1,22,High,22.4,-0.9,-0.39,Typical,Increase operational monitoring and review operational readiness for the upcoming period.
2025-09-18 04:00:00+03:00,2025-09-18 06:00:00+03:00,t+2,28,High,27.4,0.9,0.56,Typical,Increase operational monitoring and review operational readiness for the upcoming period.
2025-09-18 04:00:00+03:00,2025-09-18 07:00:00+03:00,t+3,24,High,28.2,-3.8,-2.17,Below typical,Increase operational monitoring and review operational readiness for the upcoming period.
2025-09-18 05:00:00+03:00,2025-09-18 06:00:00+03:00,t+1,29,High,27.4,1.3,0.81,Typical,Increase operational monitoring and review operational readiness for the upcoming period.
2025-09-18 05:00:00+03:00,2025-09-18 07:00:00+03:00,t+2,25,High,28.2,-3.6,-2.1,Below typical,Increase operational monitoring and review operational readiness for the upcoming period.
2025-09-18 05:00:00+03:00,2025-09-18 08:00:00+03:00,t+3,27,High,27.4,-0.8,-0.77,Typical,Increase operational monitoring and review operational readiness for the upcoming period.
2025-09-18 06:00:00+03:00,2025-09-18 07:00:00+03:00,t+1,25,High,28.2,-3.3,-1.92,Below typical,Increase operational monitoring and review operational readiness for the upcoming period.
2025-09-18 06:00:00+03:00,2025-09-18 08:00:00+03:00,t+2,27,High,27.4,-0.7,-0.66,Typical,Increase operational monitoring and review operational readiness for the upcoming period.
2025-09-18 06:00:00+03:00,2025-09-18 09:00:00+03:00,t+3,34,High,32.3,1.4,0.55,Typical,Increase operational monitoring and review operational readiness for the upcoming period.
2025-09-18 07:00:00+03:00,2025-09-18 08:00:00+03:00,t+1,27,High,27.4,-0.9,-0.8,Typical,Increase operational monitoring and review operational readiness for the upcoming period.
2025-09-18 07:00:00+03:00,2025-09-18 09:00:00+03:00,t+2,33,High,32.3,1.2,0.45,Typical,Increase operational monitoring and review operational readiness for the upcoming period.
2025-09-18 07:00:00+03:00,2025-09-18 10:00:00+03:00,t+3,37,Extreme,32.0,5.4,3.01,Above typical,Prioritize cross-team coordination and closely monitor passenger-processing and ground-operation readiness.
2025-09-18 08:00:00+03:00,2025-09-18 09:00:00+03:00,t+1,33,High,32.3,0.5,0.2,Typical,Increase operational monitoring and review operational readiness for the upcoming period.
2025-09-18 08:00:00+03:00,2025-09-18 10:00:00+03:00,t+2,37,Extreme,32.0,4.9,2.7,Above typical,Prioritize cross-team coordination and closely monitor passenger-processing and ground-operation readiness.
2025-09-18 08:00:00+03:00,2025-09-18 11:00:00+03:00,t+3,35,Extreme,32.2,2.6,1.56,Above typical,Prioritize cross-team coordination and closely monitor passenger-processing and ground-operation readiness.
2025-09-18 09:00:00+03:00,2025-09-18 10:00:00+03:00,t+1,37,Extreme,32.0,4.5,2.5,Above typical,Prioritize cross-team coordination and closely monitor passenger-processing and ground-operation readiness.
2025-09-18 09:00:00+03:00,2025-09-18 11:00:00+03:00,t+2,35,Extreme,32.2,2.4,1.46,Above typical,Prioritize cross-team coordination and closely monitor passenger-processing and ground-operation readiness.
2025-09-18 09:00:00+03:00,2025-09-18 12:00:00+03:00,t+3,24,High,26.6,-3.0,-2.41,Below typical,Increase operational monitoring and review operational readiness for the upcoming period.
2025-09-18 10:00:00+03:00,2025-09-18 11:00:00+03:00,t+1,35,Extreme,32.2,2.6,1.57,Above typical,Prioritize cross-team coordination and closely monitor passenger-processing and ground-operation readiness.
2025-09-18 10:00:00+03:00,2025-09-18 12:00:00+03:00,t+2,24,High,26.6,-2.6,-2.14,Below typical,Increase operational monitoring and review operational readiness for the upcoming period.
2025-09-18 10:00:00+03:00,2025-09-18 13:00:00+03:00,t+3,32,High,31.0,1.0,0.6,Typical,Increase operational monitoring and review operational readiness for the upcoming period.
2025-09-18 11:00:00+03:00,2025-09-18 12:00:00+03:00,t+1,24,High,26.6,-2.4,-1.97,Below typical,Increase operational monitoring and review operational readiness for the upcoming period.
2025-09-18 11:00:00+03:00,2025-09-18 13:00:00+03:00,t+2,32,High,31.0,1.3,0.78,Typical,Increase operational monitoring and review operational readiness for the upcoming period.
2025-09-18 11:00:00+03:00,2025-09-18 14:00:00+03:00,t+3,33,High,33.7,-0.4,-0.19,Typical,Increase operational monitoring and review operational readiness for the upcoming period.
2025-09-18 12:00:00+03:00,2025-09-18 13:00:00+03:00,t+1,32,High,31.0,1.0,0.61,Typical,Increase operational monitoring and review operational readiness for the upcoming period.
2025-09-18 12:00:00+03:00,2025-09-18 14:00:00+03:00,t+2,33,High,33.7,-0.6,-0.25,Typical,Increase operational monitoring and review operational readiness for the upcoming period.
2025-09-18 12:00:00+03:00,2025-09-18 15:00:00+03:00,t+3,40,Extreme,40.4,-0.2,-0.09,Typical,Prioritize operational coordination and maintain close monitoring during the upcoming peak period.
2025-09-18 13:00:00+03:00,2025-09-18 14:00:00+03:00,t+1,33,High,33.7,-0.7,-0.32,Typical,Increase operational monitoring and review operational readiness for the upcoming period.
2025-09-18 13:00:00+03:00,2025-09-18 15:00:00+03:00,t+2,40,Extreme,40.4,-0.2,-0.1,Typical,Prioritize operational coordination and maintain close monitoring during the upcoming peak period.
2025-09-18 13:00:00+03:00,2025-09-18 16:00:00+03:00,t+3,36,Extreme,34.4,1.8,0.4,Typical,Prioritize operational coordination and maintain close monitoring during the upcoming peak period.
2025-09-18 14:00:00+03:00,2025-09-18 15:00:00+03:00,t+1,40,Extreme,40.4,-0.2,-0.08,Typical,Prioritize operational coordination and maintain close monitoring during the upcoming peak period.
2025-09-18 14:00:00+03:00,2025-09-18 16:00:00+03:00,t+2,36,Extreme,34.4,1.9,0.42,Typical,Prioritize operational coordination and maintain close monitoring during the upcoming peak period.
2025-09-18 14:00:00+03:00,2025-09-18 17:00:00+03:00,t+3,36,Extreme,37.2,-1.0,-0.46,Typical,Prioritize operational coordination and maintain close monitoring during the upcoming peak period.
2025-09-18 15:00:00+03:00,2025-09-18 16:00:00+03:00,t+1,36,Extreme,34.4,1.9,0.42,Typical,Prioritize operational coordination and maintain close monitoring during the upcoming peak period.
2025-09-18 15:00:00+03:00,2025-09-18 17:00:00+03:00,t+2,36,Extreme,37.2,-0.9,-0.43,Typical,Prioritize operational coordination and maintain close monitoring during the upcoming peak period.
2025-09-18 15:00:00+03:00,2025-09-18 18:00:00+03:00,t+3,42,Extreme,41.0,1.2,0.45,Typical,Prioritize operational coordination and maintain close monitoring during the upcoming peak period.
2025-09-18 16:00:00+03:00,2025-09-18 17:00:00+03:00,t+1,36,Extreme,37.2,-0.9,-0.44,Typical,Prioritize operational coordination and maintain close monitoring during the upcoming peak period.
2025-09-18 16:00:00+03:00,2025-09-18 18:00:00+03:00,t+2,42,Extreme,41.0,1.2,0.46,Typical,Prioritize operational coordination and maintain close monitoring during the upcoming peak period.
2025-09-18 16:00:00+03:00,2025-09-18 19:00:00+03:00,t+3,40,Extreme,37.2,3.0,1.37,Above typical,Prioritize cross-team coordination and closely monitor passenger-processing and ground-operation readiness.
2025-09-18 17:00:00+03:00,2025-09-18 18:00:00+03:00,t+1,42,Extreme,41.0,1.2,0.45,Typical,Prioritize operational coordination and maintain close monitoring during the upcoming peak period.
2025-09-18 17:00:00+03:00,2025-09-18 19:00:00+03:00,t+2,40,Extreme,37.2,2.9,1.37,Above typical,Prioritize cross-team coordination and closely monitor passenger-processing and ground-operation readiness.
2025-09-18 17:00:00+03:00,2025-09-18 20:00:00+03:00,t+3,38,Extreme,37.8,0.4,0.3,Typical,Prioritize operational coordination and maintain close monitoring during the upcoming peak period.
2025-09-18 18:00:00+03:00,2025-09-18 19:00:00+03:00,t+1,40,Extreme,37.2,2.9,1.37,Above typical,Prioritize cross-team coordination and closely monitor passenger-processing and ground-operation readiness.
2025-09-18 18:00:00+03:00,2025-09-18 20:00:00+03:00,t+2,38,Extreme,37.8,0.4,0.29,Typical,Prioritize operational coordination and maintain close monitoring during the upcoming peak period.
2025-09-18 18:00:00+03:00,2025-09-18 21:00:00+03:00,t+3,40,Extreme,37.8,2.4,1.1,Above typical,Prioritize cross-team coordination and closely monitor passenger-processing and ground-operation readiness.
2025-09-18 19:00:00+03:00,2025-09-18 20:00:00+03:00,t+1,38,Extreme,37.8,0.4,0.32,Typical,Prioritize operational coordination and maintain close monitoring during the upcoming peak period.
2025-09-18 19:00:00+03:00,2025-09-18 21:00:00+03:00,t+2,40,Extreme,37.8,2.4,1.11,Above typical,Prioritize cross-team coordination and closely monitor passenger-processing and ground-operation readiness.
2025-09-18 19:00:00+03:00,2025-09-18 22:00:00+03:00,t+3,36,Extreme,35.1,1.0,0.86,Typical,Prioritize operational coordination and maintain close monitoring during the upcoming peak period.
2025-09-18 20:00:00+03:00,2025-09-18 21:00:00+03:00,t+1,40,Extreme,37.8,2.4,1.11,Above typical,Prioritize cross-team coordination and closely monitor passenger-processing and ground-operation readiness.
2025-09-18 20:00:00+03:00,2025-09-18 22:00:00+03:00,t+2,36,Extreme,35.1,1.1,0.88,Typical,Prioritize operational coordination and maintain close monitoring during the upcoming peak period.
2025-09-18 20:00:00+03:00,2025-09-18 23:00:00+03:00,t+3,32,High,33.0,-0.8,-0.48,Typical,Increase operational monitoring and review operational readiness for the upcoming period.
2025-09-18 21:00:00+03:00,2025-09-18 22:00:00+03:00,t+1,36,Extreme,35.1,1.0,0.84,Typical,Prioritize operational coordination and maintain close monitoring during the upcoming peak period.
2025-09-18 21:00:00+03:00,2025-09-18 23:00:00+03:00,t+2,32,High,33.0,-0.9,-0.51,Typical,Increase operational monitoring and review operational readiness for the upcoming period.
2025-09-18 21:00:00+03:00,2025-09-19 00:00:00+03:00,t+3,35,Extreme,28.6,6.4,1.04,Above typical,Prioritize cross-team coordination and closely monitor passenger-processing and ground-operation readiness.
2025-09-18 22:00:00+03:00,2025-09-18 23:00:00+03:00,t+1,32,High,33.0,-0.9,-0.52,Typical,Increase operational monitoring and review operational readiness for the upcoming period.
2025-09-18 22:00:00+03:00,2025-09-19 00:00:00+03:00,t+2,35,Extreme,28.6,6.4,1.03,Above typical,Prioritize cross-team coordination and closely monitor passenger-processing and ground-operation readiness.
2025-09-18 22:00:00+03:00,2025-09-19 01:00:00+03:00,t+3,22,High,21.5,0.5,0.09,Typical,Increase operational monitoring and review operational readiness for the upcoming period.
2025-09-18 23:00:00+03:00,2025-09-19 00:00:00+03:00,t+1,35,Extreme,28.6,6.4,1.03,Above typical,Prioritize cross-team coordination and closely monitor passenger-processing and ground-operation readiness.
2025-09-18 23:00:00+03:00,2025-09-19 01:00:00+03:00,t+2,22,High,21.5,0.5,0.09,Typical,Increase operational monitoring and review operational readiness for the upcoming period.
2025-09-18 23:00:00+03:00,2025-09-19 02:00:00+03:00,t+3,24,High,21.2,2.8,0.72,Typical,Increase operational monitoring and review operational readiness for the upcoming period.
2025-09-19 00:00:00+03:00,2025-09-19 01:00:00+03:00,t+1,22,High,21.5,0.7,0.12,Typical,Increase operational monitoring and review operational readiness for the upcoming period.
2025-09-19 00:00:00+03:00,2025-09-19 02:00:00+03:00,t+2,24,High,21.2,2.9,0.74,Typical,Increase operational monitoring and review operational readiness for the upcoming period.
2025-09-19 00:00:00+03:00,2025-09-19 03:00:00+03:00,t+3,16,Normal,15.8,0.2,0.06,Typical,Maintain standard operational monitoring.
2025-09-19 01:00:00+03:00,2025-09-19 02:00:00+03:00,t+1,24,High,21.2,3.0,0.79,Typical,Increase operational monitoring and review operational readiness for the upcoming period.
2025-09-19 01:00:00+03:00,2025-09-19 03:00:00+03:00,t+2,16,Normal,15.8,0.3,0.07,Typical,Maintain standard operational monitoring.
2025-09-19 01:00:00+03:00,2025-09-19 04:00:00+03:00,t+3,16,Normal,15.6,0.5,0.18,Typical,Maintain standard operational monitoring.
2025-09-19 02:00:00+03:00,2025-09-19 03:00:00+03:00,t+1,16,Normal,15.8,0.5,0.12,Typical,Maintain standard operational monitoring.
2025-09-19 02:00:00+03:00,2025-09-19 04:00:00+03:00,t+2,16,Normal,15.6,0.7,0.28,Typical,Maintain standard operational monitoring.
2025-09-19 02:00:00+03:00,2025-09-19 05:00:00+03:00,t+3,21,Normal,20.7,0.5,0.15,Typical,Maintain standard operational monitoring.
2025-09-19 03:00:00+03:00,2025-09-19 04:00:00+03:00,t+1,16,Normal,15.6,0.7,0.25,Typical,Maintain standard operational monitoring.
2025-09-19 03:00:00+03:00,2025-09-19 05:00:00+03:00,t+2,21,Normal,20.7,0.6,0.17,Typical,Maintain standard operational monitoring.
2025-09-19 03:00:00+03:00,2025-09-19 06:00:00+03:00,t+3,30,High,27.6,2.6,0.62,Typical,Increase operational monitoring and review operational readiness for the upcoming period.
2025-09-19 04:00:00+03:00,2025-09-19 05:00:00+03:00,t+1,21,Normal,20.7,0.5,0.14,Typical,Maintain standard operational monitoring.
2025-09-19 04:00:00+03:00,2025-09-19 06:00:00+03:00,t+2,30,High,27.6,2.6,0.61,Typical,Increase operational monitoring and review operational readiness for the upcoming period.
2025-09-19 04:00:00+03:00,2025-09-19 07:00:00+03:00,t+3,30,High,28.0,2.1,0.53,Typical,Increase operational monitoring and review operational readiness for the upcoming period.
2025-09-19 05:00:00+03:00,2025-09-19 06:00:00+03:00,t+1,30,High,27.6,2.7,0.63,Typical,Increase operational monitoring and review operational readiness for the upcoming period.
2025-09-19 05:00:00+03:00,2025-09-19 07:00:00+03:00,t+2,30,High,28.0,2.2,0.55,Typical,Increase operational monitoring and review operational readiness for the upcoming period.
2025-09-19 05:00:00+03:00,2025-09-19 08:00:00+03:00,t+3,27,High,27.6,-0.4,-0.14,Typical,Increase operational monitoring and review operational readiness for the upcoming period.
2025-09-19 06:00:00+03:00,2025-09-19 07:00:00+03:00,t+1,30,High,28.0,2.2,0.56,Typical,Increase operational monitoring and review operational readiness for the upcoming period.
2025-09-19 06:00:00+03:00,2025-09-19 08:00:00+03:00,t+2,27,High,27.6,-0.5,-0.15,Typical,Increase operational monitoring and review operational readiness for the upcoming period.
2025-09-19 06:00:00+03:00,2025-09-19 09:00:00+03:00,t+3,37,Extreme,34.6,2.6,0.55,Typical,Prioritize operational coordination and maintain close monitoring during the upcoming peak period.
2025-09-19 07:00:00+03:00,2025-09-19 08:00:00+03:00,t+1,27,High,27.6,-0.4,-0.13,Typical,Increase operational monitoring and review operational readiness for the upcoming period.
2025-09-19 07:00:00+03:00,2025-09-19 09:00:00+03:00,t+2,37,Extreme,34.6,2.5,0.53,Typical,Prioritize operational coordination and maintain close monitoring during the upcoming peak period.
2025-09-19 07:00:00+03:00,2025-09-19 10:00:00+03:00,t+3,31,High,28.7,2.5,0.5,Typical,Increase operational monitoring and review operational readiness for the upcoming period.
2025-09-19 08:00:00+03:00,2025-09-19 09:00:00+03:00,t+1,37,Extreme,34.6,2.5,0.52,Typical,Prioritize operational coordination and maintain close monitoring during the upcoming peak period.
2025-09-19 08:00:00+03:00,2025-09-19 10:00:00+03:00,t+2,31,High,28.7,2.2,0.45,Typical,Increase operational monitoring and review operational readiness for the upcoming period.
2025-09-19 08:00:00+03:00,2025-09-19 11:00:00+03:00,t+3,34,High,32.0,2.0,0.47,Typical,Increase operational monitoring and review operational readiness for the upcoming period.
2025-09-19 09:00:00+03:00,2025-09-19 10:00:00+03:00,t+1,31,High,28.7,2.4,0.48,Typical,Increase operational monitoring and review operational readiness for the upcoming period.
2025-09-19 09:00:00+03:00,2025-09-19 11:00:00+03:00,t+2,34,High,32.0,2.0,0.48,Typical,Increase operational monitoring and review operational readiness for the upcoming period.
2025-09-19 09:00:00+03:00,2025-09-19 12:00:00+03:00,t+3,28,High,27.5,0.6,0.47,Typical,Increase operational monitoring and review operational readiness for the upcoming period.
2025-09-19 10:00:00+03:00,2025-09-19 11:00:00+03:00,t+1,34,High,32.0,2.3,0.54,Typical,Increase operational monitoring and review operational readiness for the upcoming period.
2025-09-19 10:00:00+03:00,2025-09-19 12:00:00+03:00,t+2,28,High,27.5,0.7,0.6,Typical,Increase operational monitoring and review operational readiness for the upcoming period.
2025-09-19 10:00:00+03:00,2025-09-19 13:00:00+03:00,t+3,27,High,28.3,-1.0,-0.51,Typical,Increase operational monitoring and review operational readiness for the upcoming period.
2025-09-19 11:00:00+03:00,2025-09-19 12:00:00+03:00,t+1,28,High,27.5,1.0,0.82,Typical,Increase operational monitoring and review operational readiness for the upcoming period.
2025-09-19 11:00:00+03:00,2025-09-19 13:00:00+03:00,t+2,28,High,28.3,-0.8,-0.38,Typical,Increase operational monitoring and review operational readiness for the upcoming period.
2025-09-19 11:00:00+03:00,2025-09-19 14:00:00+03:00,t+3,31,High,28.8,1.8,0.79,Typical,Increase operational monitoring and review operational readiness for the upcoming period.
2025-09-19 12:00:00+03:00,2025-09-19 13:00:00+03:00,t+1,28,High,28.3,-0.6,-0.29,Typical,Increase operational monitoring and review operational readiness for the upcoming period.
2025-09-19 12:00:00+03:00,2025-09-19 14:00:00+03:00,t+2,31,High,28.8,2.0,0.87,Typical,Increase operational monitoring and review operational readiness for the upcoming period.
2025-09-19 12:00:00+03:00,2025-09-19 15:00:00+03:00,t+3,33,High,32.6,0.3,0.1,Typical,Increase operational monitoring and review operational readiness for the upcoming period.
2025-09-19 13:00:00+03:00,2025-09-19 14:00:00+03:00,t+1,31,High,28.8,1.8,0.79,Typical,Increase operational monitoring and review operational readiness for the upcoming period.
2025-09-19 13:00:00+03:00,2025-09-19 15:00:00+03:00,t+2,33,High,32.6,0.0,0.02,Typical,Increase operational monitoring and review operational readiness for the upcoming period.
2025-09-19 13:00:00+03:00,2025-09-19 16:00:00+03:00,t+3,39,Extreme,35.8,2.9,1.01,Above typical,Prioritize cross-team coordination and closely monitor passenger-processing and ground-operation readiness.
2025-09-19 14:00:00+03:00,2025-09-19 15:00:00+03:00,t+1,33,High,32.6,-0.1,-0.04,Typical,Increase operational monitoring and review operational readiness for the upcoming period.
2025-09-19 14:00:00+03:00,2025-09-19 16:00:00+03:00,t+2,39,Extreme,35.8,2.9,1.0,Above typical,Prioritize cross-team coordination and closely monitor passenger-processing and ground-operation readiness.
2025-09-19 14:00:00+03:00,2025-09-19 17:00:00+03:00,t+3,35,Extreme,34.6,0.0,0.01,Typical,Prioritize operational coordination and maintain close monitoring during the upcoming peak period.
2025-09-19 15:00:00+03:00,2025-09-19 16:00:00+03:00,t+1,38,Extreme,35.8,2.6,0.91,Typical,Prioritize operational coordination and maintain close monitoring during the upcoming peak period.
2025-09-19 15:00:00+03:00,2025-09-19 17:00:00+03:00,t+2,34,High,34.6,-0.1,-0.06,Typical,Increase operational monitoring and review operational readiness for the upcoming period.
2025-09-19 15:00:00+03:00,2025-09-19 18:00:00+03:00,t+3,41,Extreme,41.2,0.1,0.04,Typical,Prioritize operational coordination and maintain close monitoring during the upcoming peak period.
2025-09-19 16:00:00+03:00,2025-09-19 17:00:00+03:00,t+1,34,High,34.6,-0.3,-0.19,Typical,Increase operational monitoring and review operational readiness for the upcoming period.
2025-09-19 16:00:00+03:00,2025-09-19 18:00:00+03:00,t+2,41,Extreme,41.2,0.1,0.04,Typical,Prioritize operational coordination and maintain close monitoring during the upcoming peak period.
2025-09-19 16:00:00+03:00,2025-09-19 19:00:00+03:00,t+3,39,Extreme,36.8,2.5,1.05,Above typical,Prioritize cross-team coordination and closely monitor passenger-processing and ground-operation readiness.
2025-09-19 17:00:00+03:00,2025-09-19 18:00:00+03:00,t+1,41,Extreme,41.2,-0.0,-0.01,Typical,Prioritize operational coordination and maintain close monitoring during the upcoming peak period.
2025-09-19 17:00:00+03:00,2025-09-19 19:00:00+03:00,t+2,39,Extreme,36.8,2.5,1.04,Above typical,Prioritize cross-team coordination and closely monitor passenger-processing and ground-operation readiness.
2025-09-19 17:00:00+03:00,2025-09-19 20:00:00+03:00,t+3,39,Extreme,38.0,1.2,0.42,Typical,Prioritize operational coordination and maintain close monitoring during the upcoming peak period.
2025-09-19 18:00:00+03:00,2025-09-19 19:00:00+03:00,t+1,39,Extreme,36.8,2.5,1.02,Above typical,Prioritize cross-team coordination and closely monitor passenger-processing and ground-operation readiness.
2025-09-19 18:00:00+03:00,2025-09-19 20:00:00+03:00,t+2,39,Extreme,38.0,1.3,0.44,Typical,Prioritize operational coordination and maintain close monitoring during the upcoming peak period.
2025-09-19 18:00:00+03:00,2025-09-19 21:00:00+03:00,t+3,34,High,34.3,-0.1,-0.06,Typical,Increase operational monitoring and review operational readiness for the upcoming period.
2025-09-19 19:00:00+03:00,2025-09-19 20:00:00+03:00,t+1,39,Extreme,38.0,1.2,0.42,Typical,Prioritize operational coordination and maintain close monitoring during the upcoming peak period.
2025-09-19 19:00:00+03:00,2025-09-19 21:00:00+03:00,t+2,34,High,34.3,-0.0,-0.01,Typical,Increase operational monitoring and review operational readiness for the upcoming period.
2025-09-19 19:00:00+03:00,2025-09-19 22:00:00+03:00,t+3,35,Extreme,34.7,0.7,0.39,Typical,Prioritize operational coordination and maintain close monitoring during the upcoming peak period.
2025-09-19 20:00:00+03:00,2025-09-19 21:00:00+03:00,t+1,34,High,34.3,-0.1,-0.08,Typical,Increase operational monitoring and review operational readiness for the upcoming period.
2025-09-19 20:00:00+03:00,2025-09-19 22:00:00+03:00,t+2,35,Extreme,34.7,0.5,0.3,Typical,Prioritize operational coordination and maintain close monitoring during the upcoming peak period.
2025-09-19 20:00:00+03:00,2025-09-19 23:00:00+03:00,t+3,38,Extreme,38.2,0.2,0.08,Typical,Prioritize operational coordination and maintain close monitoring during the upcoming peak period.
2025-09-19 21:00:00+03:00,2025-09-19 22:00:00+03:00,t+1,35,Extreme,34.7,0.5,0.29,Typical,Prioritize operational coordination and maintain close monitoring during the upcoming peak period.
2025-09-19 21:00:00+03:00,2025-09-19 23:00:00+03:00,t+2,38,Extreme,38.2,-0.2,-0.07,Typical,Prioritize operational coordination and maintain close monitoring during the upcoming peak period.
2025-09-19 21:00:00+03:00,2025-09-20 00:00:00+03:00,t+3,29,High,26.5,2.7,0.59,Typical,Increase operational monitoring and review operational readiness for the upcoming period.
2025-09-19 22:00:00+03:00,2025-09-19 23:00:00+03:00,t+1,38,Extreme,38.2,-0.1,-0.03,Typical,Prioritize operational coordination and maintain close monitoring during the upcoming peak period.
2025-09-19 22:00:00+03:00,2025-09-20 00:00:00+03:00,t+2,29,High,26.5,2.4,0.54,Typical,Increase operational monitoring and review operational readiness for the upcoming period.
2025-09-19 22:00:00+03:00,2025-09-20 01:00:00+03:00,t+3,23,High,24.1,-1.1,-0.27,Typical,Increase operational monitoring and review operational readiness for the upcoming period.
2025-09-19 23:00:00+03:00,2025-09-20 00:00:00+03:00,t+1,29,High,26.5,2.7,0.59,Typical,Increase operational monitoring and review operational readiness for the upcoming period.
2025-09-19 23:00:00+03:00,2025-09-20 01:00:00+03:00,t+2,23,High,24.1,-1.1,-0.25,Typical,Increase operational monitoring and review operational readiness for the upcoming period.
2025-09-19 23:00:00+03:00,2025-09-20 02:00:00+03:00,t+3,27,High,25.3,1.8,0.55,Typical,Increase operational monitoring and review operational readiness for the upcoming period.
2025-09-20 00:00:00+03:00,2025-09-20 01:00:00+03:00,t+1,23,High,24.1,-0.9,-0.21,Typical,Increase operational monitoring and review operational readiness for the upcoming period.
2025-09-20 00:00:00+03:00,2025-09-20 02:00:00+03:00,t+2,27,High,25.3,1.8,0.54,Typical,Increase operational monitoring and review operational readiness for the upcoming period.
2025-09-20 00:00:00+03:00,2025-09-20 03:00:00+03:00,t+3,16,Normal,16.3,-0.1,-0.03,Typical,Maintain standard operational monitoring.
2025-09-20 01:00:00+03:00,2025-09-20 02:00:00+03:00,t+1,27,High,25.3,1.8,0.54,Typical,Increase operational monitoring and review operational readiness for the upcoming period.
2025-09-20 01:00:00+03:00,2025-09-20 03:00:00+03:00,t+2,16,Normal,16.3,-0.4,-0.08,Typical,Maintain standard operational monitoring.
2025-09-20 01:00:00+03:00,2025-09-20 04:00:00+03:00,t+3,22,High,19.6,2.5,0.71,Typical,Increase operational monitoring and review operational readiness for the upcoming period.
2025-09-20 02:00:00+03:00,2025-09-20 03:00:00+03:00,t+1,16,Normal,16.3,0.0,0.01,Typical,Maintain standard operational monitoring.
2025-09-20 02:00:00+03:00,2025-09-20 04:00:00+03:00,t+2,22,High,19.6,2.7,0.78,Typical,Increase operational monitoring and review operational readiness for the upcoming period.
2025-09-20 02:00:00+03:00,2025-09-20 05:00:00+03:00,t+3,23,High,24.9,-1.6,-0.4,Typical,Increase operational monitoring and review operational readiness for the upcoming period.
2025-09-20 03:00:00+03:00,2025-09-20 04:00:00+03:00,t+1,22,High,19.6,2.6,0.74,Typical,Increase operational monitoring and review operational readiness for the upcoming period.
2025-09-20 03:00:00+03:00,2025-09-20 05:00:00+03:00,t+2,23,High,24.9,-1.9,-0.47,Typical,Increase operational monitoring and review operational readiness for the upcoming period.
2025-09-20 03:00:00+03:00,2025-09-20 06:00:00+03:00,t+3,30,High,27.2,2.8,0.77,Typical,Increase operational monitoring and review operational readiness for the upcoming period.
2025-09-20 04:00:00+03:00,2025-09-20 05:00:00+03:00,t+1,23,High,24.9,-1.7,-0.41,Typical,Increase operational monitoring and review operational readiness for the upcoming period.
2025-09-20 04:00:00+03:00,2025-09-20 06:00:00+03:00,t+2,30,High,27.2,2.9,0.78,Typical,Increase operational monitoring and review operational readiness for the upcoming period.
2025-09-20 04:00:00+03:00,2025-09-20 07:00:00+03:00,t+3,25,High,26.3,-1.2,-0.44,Typical,Increase operational monitoring and review operational readiness for the upcoming period.
2025-09-20 05:00:00+03:00,2025-09-20 06:00:00+03:00,t+1,30,High,27.2,3.2,0.86,Typical,Increase operational monitoring and review operational readiness for the upcoming period.
2025-09-20 05:00:00+03:00,2025-09-20 07:00:00+03:00,t+2,25,High,26.3,-0.9,-0.33,Typical,Increase operational monitoring and review operational readiness for the upcoming period.
2025-09-20 05:00:00+03:00,2025-09-20 08:00:00+03:00,t+3,25,High,24.3,1.1,0.29,Typical,Increase operational monitoring and review operational readiness for the upcoming period.
2025-09-20 06:00:00+03:00,2025-09-20 07:00:00+03:00,t+1,26,High,26.3,-0.7,-0.25,Typical,Increase operational monitoring and review operational readiness for the upcoming period.
2025-09-20 06:00:00+03:00,2025-09-20 08:00:00+03:00,t+2,26,High,24.3,1.5,0.41,Typical,Increase operational monitoring and review operational readiness for the upcoming period.
2025-09-20 06:00:00+03:00,2025-09-20 09:00:00+03:00,t+3,32,High,30.6,1.2,0.25,Typical,Increase operational monitoring and review operational readiness for the upcoming period.
2025-09-20 07:00:00+03:00,2025-09-20 08:00:00+03:00,t+1,26,High,24.3,1.2,0.33,Typical,Increase operational monitoring and review operational readiness for the upcoming period.
2025-09-20 07:00:00+03:00,2025-09-20 09:00:00+03:00,t+2,31,High,30.6,0.9,0.18,Typical,Increase operational monitoring and review operational readiness for the upcoming period.
2025-09-20 07:00:00+03:00,2025-09-20 10:00:00+03:00,t+3,37,Extreme,32.0,5.4,1.33,Above typical,Prioritize cross-team coordination and closely monitor passenger-processing and ground-operation readiness.
2025-09-20 08:00:00+03:00,2025-09-20 09:00:00+03:00,t+1,31,High,30.6,0.6,0.12,Typical,Increase operational monitoring and review operational readiness for the upcoming period.
2025-09-20 08:00:00+03:00,2025-09-20 10:00:00+03:00,t+2,37,Extreme,32.0,4.9,1.2,Above typical,Prioritize cross-team coordination and closely monitor passenger-processing and ground-operation readiness.
2025-09-20 08:00:00+03:00,2025-09-20 11:00:00+03:00,t+3,33,High,30.4,2.2,0.67,Typical,Increase operational monitoring and review operational readiness for the upcoming period.
2025-09-20 09:00:00+03:00,2025-09-20 10:00:00+03:00,t+1,37,Extreme,32.0,4.5,1.11,Above typical,Prioritize cross-team coordination and closely monitor passenger-processing and ground-operation readiness.
2025-09-20 09:00:00+03:00,2025-09-20 11:00:00+03:00,t+2,32,High,30.4,1.7,0.52,Typical,Increase operational monitoring and review operational readiness for the upcoming period.
2025-09-20 09:00:00+03:00,2025-09-20 12:00:00+03:00,t+3,23,High,26.8,-4.1,-0.85,Typical,Increase operational monitoring and review operational readiness for the upcoming period.
2025-09-20 10:00:00+03:00,2025-09-20 11:00:00+03:00,t+1,33,High,30.4,2.8,0.84,Typical,Increase operational monitoring and review operational readiness for the upcoming period.
2025-09-20 10:00:00+03:00,2025-09-20 12:00:00+03:00,t+2,24,High,26.8,-2.6,-0.54,Typical,Increase operational monitoring and review operational readiness for the upcoming period.
2025-09-20 10:00:00+03:00,2025-09-20 13:00:00+03:00,t+3,27,High,27.2,0.0,0.01,Typical,Increase operational monitoring and review operational readiness for the upcoming period.
2025-09-20 11:00:00+03:00,2025-09-20 12:00:00+03:00,t+1,25,High,26.8,-1.7,-0.36,Typical,Increase operational monitoring and review operational readiness for the upcoming period.
2025-09-20 11:00:00+03:00,2025-09-20 13:00:00+03:00,t+2,28,High,27.2,0.9,0.18,Typical,Increase operational monitoring and review operational readiness for the upcoming period.
2025-09-20 11:00:00+03:00,2025-09-20 14:00:00+03:00,t+3,35,Extreme,31.0,4.3,1.02,Above typical,Prioritize cross-team coordination and closely monitor passenger-processing and ground-operation readiness.
2025-09-20 12:00:00+03:00,2025-09-20 13:00:00+03:00,t+1,28,High,27.2,0.5,0.11,Typical,Increase operational monitoring and review operational readiness for the upcoming period.
2025-09-20 12:00:00+03:00,2025-09-20 14:00:00+03:00,t+2,35,Extreme,31.0,3.6,0.84,Typical,Prioritize operational coordination and maintain close monitoring during the upcoming peak period.
2025-09-20 12:00:00+03:00,2025-09-20 15:00:00+03:00,t+3,37,Extreme,35.7,1.7,0.25,Typical,Prioritize operational coordination and maintain close monitoring during the upcoming peak period.
2025-09-20 13:00:00+03:00,2025-09-20 14:00:00+03:00,t+1,34,High,31.0,3.1,0.73,Typical,Increase operational monitoring and review operational readiness for the upcoming period.
2025-09-20 13:00:00+03:00,2025-09-20 15:00:00+03:00,t+2,37,Extreme,35.7,1.2,0.17,Typical,Prioritize operational coordination and maintain close monitoring during the upcoming peak period.
2025-09-20 13:00:00+03:00,2025-09-20 16:00:00+03:00,t+3,35,Extreme,31.3,3.4,0.49,Typical,Prioritize operational coordination and maintain close monitoring during the upcoming peak period.
2025-09-20 14:00:00+03:00,2025-09-20 15:00:00+03:00,t+1,37,Extreme,35.7,1.4,0.2,Typical,Prioritize operational coordination and maintain close monitoring during the upcoming peak period.
2025-09-20 14:00:00+03:00,2025-09-20 16:00:00+03:00,t+2,35,Extreme,31.3,3.7,0.54,Typical,Prioritize operational coordination and maintain close monitoring during the upcoming peak period.
2025-09-20 14:00:00+03:00,2025-09-20 17:00:00+03:00,t+3,38,Extreme,34.5,3.5,0.74,Typical,Prioritize operational coordination and maintain close monitoring during the upcoming peak period.
2025-09-20 15:00:00+03:00,2025-09-20 16:00:00+03:00,t+1,35,Extreme,31.3,3.8,0.54,Typical,Prioritize operational coordination and maintain close monitoring during the upcoming peak period.
2025-09-20 15:00:00+03:00,2025-09-20 17:00:00+03:00,t+2,38,Extreme,34.5,3.7,0.79,Typical,Prioritize operational coordination and maintain close monitoring during the upcoming peak period.
2025-09-20 15:00:00+03:00,2025-09-20 18:00:00+03:00,t+3,36,Extreme,36.9,-0.8,-0.13,Typical,Prioritize operational coordination and maintain close monitoring during the upcoming peak period.
2025-09-20 16:00:00+03:00,2025-09-20 17:00:00+03:00,t+1,38,Extreme,34.5,3.6,0.77,Typical,Prioritize operational coordination and maintain close monitoring during the upcoming peak period.
2025-09-20 16:00:00+03:00,2025-09-20 18:00:00+03:00,t+2,36,Extreme,36.9,-0.7,-0.11,Typical,Prioritize operational coordination and maintain close monitoring during the upcoming peak period.
2025-09-20 16:00:00+03:00,2025-09-20 19:00:00+03:00,t+3,37,Extreme,33.5,3.6,0.7,Typical,Prioritize operational coordination and maintain close monitoring during the upcoming peak period.
2025-09-20 17:00:00+03:00,2025-09-20 18:00:00+03:00,t+1,36,Extreme,36.9,-0.8,-0.12,Typical,Prioritize operational coordination and maintain close monitoring during the upcoming peak period.
2025-09-20 17:00:00+03:00,2025-09-20 19:00:00+03:00,t+2,37,Extreme,33.5,3.7,0.72,Typical,Prioritize operational coordination and maintain close monitoring during the upcoming peak period.
2025-09-20 17:00:00+03:00,2025-09-20 20:00:00+03:00,t+3,41,Extreme,36.5,4.8,0.84,Typical,Prioritize operational coordination and maintain close monitoring during the upcoming peak period.
2025-09-20 18:00:00+03:00,2025-09-20 19:00:00+03:00,t+1,37,Extreme,33.5,3.5,0.68,Typical,Prioritize operational coordination and maintain close monitoring during the upcoming peak period.
2025-09-20 18:00:00+03:00,2025-09-20 20:00:00+03:00,t+2,41,Extreme,36.5,4.8,0.83,Typical,Prioritize operational coordination and maintain close monitoring during the upcoming peak period.
2025-09-20 18:00:00+03:00,2025-09-20 21:00:00+03:00,t+3,37,Extreme,35.6,1.7,0.25,Typical,Prioritize operational coordination and maintain close monitoring during the upcoming peak period.
2025-09-20 19:00:00+03:00,2025-09-20 20:00:00+03:00,t+1,41,Extreme,36.5,4.5,0.78,Typical,Prioritize operational coordination and maintain close monitoring during the upcoming peak period.
2025-09-20 19:00:00+03:00,2025-09-20 21:00:00+03:00,t+2,37,Extreme,35.6,1.5,0.23,Typical,Prioritize operational coordination and maintain close monitoring during the upcoming peak period.
2025-09-20 19:00:00+03:00,2025-09-20 22:00:00+03:00,t+3,40,Extreme,34.1,6.0,1.18,Above typical,Prioritize cross-team coordination and closely monitor passenger-processing and ground-operation readiness.
2025-09-20 20:00:00+03:00,2025-09-20 21:00:00+03:00,t+1,37,Extreme,35.6,1.4,0.2,Typical,Prioritize operational coordination and maintain close monitoring during the upcoming peak period.
2025-09-20 20:00:00+03:00,2025-09-20 22:00:00+03:00,t+2,40,Extreme,34.1,5.9,1.15,Above typical,Prioritize cross-team coordination and closely monitor passenger-processing and ground-operation readiness.
2025-09-20 20:00:00+03:00,2025-09-20 23:00:00+03:00,t+3,36,Extreme,32.9,3.3,0.64,Typical,Prioritize operational coordination and maintain close monitoring during the upcoming peak period.
2025-09-20 21:00:00+03:00,2025-09-20 22:00:00+03:00,t+1,40,Extreme,34.1,5.8,1.14,Above typical,Prioritize cross-team coordination and closely monitor passenger-processing and ground-operation readiness.
2025-09-20 21:00:00+03:00,2025-09-20 23:00:00+03:00,t+2,36,Extreme,32.9,3.2,0.61,Typical,Prioritize operational coordination and maintain close monitoring during the upcoming peak period.
2025-09-20 21:00:00+03:00,2025-09-21 00:00:00+03:00,t+3,32,High,30.4,1.7,0.33,Typical,Increase operational monitoring and review operational readiness for the upcoming period.
2025-09-20 22:00:00+03:00,2025-09-20 23:00:00+03:00,t+1,36,Extreme,32.9,3.3,0.63,Typical,Prioritize operational coordination and maintain close monitoring during the upcoming peak period.
2025-09-20 22:00:00+03:00,2025-09-21 00:00:00+03:00,t+2,32,High,30.4,1.7,0.32,Typical,Increase operational monitoring and review operational readiness for the upcoming period.
2025-09-20 22:00:00+03:00,2025-09-21 01:00:00+03:00,t+3,22,High,22.7,-0.5,-0.13,Typical,Increase operational monitoring and review operational readiness for the upcoming period.
2025-09-20 23:00:00+03:00,2025-09-21 00:00:00+03:00,t+1,32,High,30.4,1.3,0.25,Typical,Increase operational monitoring and review operational readiness for the upcoming period.
2025-09-20 23:00:00+03:00,2025-09-21 01:00:00+03:00,t+2,21,Normal,22.7,-1.4,-0.4,Typical,Maintain standard operational monitoring.
2025-09-20 23:00:00+03:00,2025-09-21 02:00:00+03:00,t+3,27,High,25.2,1.9,0.63,Typical,Increase operational monitoring and review operational readiness for the upcoming period.
2025-09-21 00:00:00+03:00,2025-09-21 01:00:00+03:00,t+1,22,High,22.7,-0.9,-0.25,Typical,Increase operational monitoring and review operational readiness for the upcoming period.
2025-09-21 00:00:00+03:00,2025-09-21 02:00:00+03:00,t+2,28,High,25.2,2.4,0.82,Typical,Increase operational monitoring and review operational readiness for the upcoming period.
2025-09-21 00:00:00+03:00,2025-09-21 03:00:00+03:00,t+3,16,Normal,17.4,-1.8,-0.51,Typical,Maintain standard operational monitoring.
2025-09-21 01:00:00+03:00,2025-09-21 02:00:00+03:00,t+1,28,High,25.2,2.6,0.89,Typical,Increase operational monitoring and review operational readiness for the upcoming period.
2025-09-21 01:00:00+03:00,2025-09-21 03:00:00+03:00,t+2,16,Normal,17.4,-1.7,-0.47,Typical,Maintain standard operational monitoring.
2025-09-21 01:00:00+03:00,2025-09-21 04:00:00+03:00,t+3,17,Normal,17.6,-0.8,-0.38,Typical,Maintain standard operational monitoring.
2025-09-21 02:00:00+03:00,2025-09-21 03:00:00+03:00,t+1,16,Normal,17.4,-1.3,-0.36,Typical,Maintain standard operational monitoring.
2025-09-21 02:00:00+03:00,2025-09-21 04:00:00+03:00,t+2,17,Normal,17.6,-0.6,-0.28,Typical,Maintain standard operational monitoring.
2025-09-21 02:00:00+03:00,2025-09-21 05:00:00+03:00,t+3,22,High,22.5,-0.5,-0.15,Typical,Increase operational monitoring and review operational readiness for the upcoming period.
2025-09-21 03:00:00+03:00,2025-09-21 04:00:00+03:00,t+1,17,Normal,17.6,-0.5,-0.23,Typical,Maintain standard operational monitoring.
2025-09-21 03:00:00+03:00,2025-09-21 05:00:00+03:00,t+2,22,High,22.5,-0.5,-0.16,Typical,Increase operational monitoring and review operational readiness for the upcoming period.
2025-09-21 03:00:00+03:00,2025-09-21 06:00:00+03:00,t+3,31,High,29.4,1.6,0.41,Typical,Increase operational monitoring and review operational readiness for the upcoming period.
2025-09-21 04:00:00+03:00,2025-09-21 05:00:00+03:00,t+1,22,High,22.5,-0.4,-0.13,Typical,Increase operational monitoring and review operational readiness for the upcoming period.
2025-09-21 04:00:00+03:00,2025-09-21 06:00:00+03:00,t+2,31,High,29.4,1.5,0.39,Typical,Increase operational monitoring and review operational readiness for the upcoming period.
2025-09-21 04:00:00+03:00,2025-09-21 07:00:00+03:00,t+3,29,High,28.4,0.6,0.17,Typical,Increase operational monitoring and review operational readiness for the upcoming period.
2025-09-21 05:00:00+03:00,2025-09-21 06:00:00+03:00,t+1,31,High,29.4,1.7,0.44,Typical,Increase operational monitoring and review operational readiness for the upcoming period.
2025-09-21 05:00:00+03:00,2025-09-21 07:00:00+03:00,t+2,29,High,28.4,0.7,0.19,Typical,Increase operational monitoring and review operational readiness for the upcoming period.
2025-09-21 05:00:00+03:00,2025-09-21 08:00:00+03:00,t+3,28,High,27.6,0.5,0.15,Typical,Increase operational monitoring and review operational readiness for the upcoming period.
2025-09-21 06:00:00+03:00,2025-09-21 07:00:00+03:00,t+1,29,High,28.4,0.8,0.22,Typical,Increase operational monitoring and review operational readiness for the upcoming period.
2025-09-21 06:00:00+03:00,2025-09-21 08:00:00+03:00,t+2,28,High,27.6,0.5,0.16,Typical,Increase operational monitoring and review operational readiness for the upcoming period.
2025-09-21 06:00:00+03:00,2025-09-21 09:00:00+03:00,t+3,34,High,31.0,3.1,0.64,Typical,Increase operational monitoring and review operational readiness for the upcoming period.
2025-09-21 07:00:00+03:00,2025-09-21 08:00:00+03:00,t+1,28,High,27.6,0.6,0.18,Typical,Increase operational monitoring and review operational readiness for the upcoming period.
2025-09-21 07:00:00+03:00,2025-09-21 09:00:00+03:00,t+2,34,High,31.0,3.1,0.64,Typical,Increase operational monitoring and review operational readiness for the upcoming period.
2025-09-21 07:00:00+03:00,2025-09-21 10:00:00+03:00,t+3,32,High,29.3,2.8,0.66,Typical,Increase operational monitoring and review operational readiness for the upcoming period.
2025-09-21 08:00:00+03:00,2025-09-21 09:00:00+03:00,t+1,34,High,31.0,3.1,0.64,Typical,Increase operational monitoring and review operational readiness for the upcoming period.
2025-09-21 08:00:00+03:00,2025-09-21 10:00:00+03:00,t+2,32,High,29.3,2.8,0.65,Typical,Increase operational monitoring and review operational readiness for the upcoming period.
2025-09-21 08:00:00+03:00,2025-09-21 11:00:00+03:00,t+3,33,High,31.3,1.7,0.49,Typical,Increase operational monitoring and review operational readiness for the upcoming period.
2025-09-21 09:00:00+03:00,2025-09-21 10:00:00+03:00,t+1,32,High,29.3,2.8,0.67,Typical,Increase operational monitoring and review operational readiness for the upcoming period.
2025-09-21 09:00:00+03:00,2025-09-21 11:00:00+03:00,t+2,33,High,31.3,1.7,0.48,Typical,Increase operational monitoring and review operational readiness for the upcoming period.
2025-09-21 09:00:00+03:00,2025-09-21 12:00:00+03:00,t+3,26,High,26.6,-0.5,-0.15,Typical,Increase operational monitoring and review operational readiness for the upcoming period.
2025-09-21 10:00:00+03:00,2025-09-21 11:00:00+03:00,t+1,33,High,31.3,1.9,0.56,Typical,Increase operational monitoring and review operational readiness for the upcoming period.
2025-09-21 10:00:00+03:00,2025-09-21 12:00:00+03:00,t+2,26,High,26.6,-0.4,-0.11,Typical,Increase operational monitoring and review operational readiness for the upcoming period.
2025-09-21 10:00:00+03:00,2025-09-21 13:00:00+03:00,t+3,28,High,27.0,1.3,0.31,Typical,Increase operational monitoring and review operational readiness for the upcoming period.
2025-09-21 11:00:00+03:00,2025-09-21 12:00:00+03:00,t+1,27,High,26.6,-0.0,-0.01,Typical,Increase operational monitoring and review operational readiness for the upcoming period.
2025-09-21 11:00:00+03:00,2025-09-21 13:00:00+03:00,t+2,28,High,27.0,1.5,0.35,Typical,Increase operational monitoring and review operational readiness for the upcoming period.
2025-09-21 11:00:00+03:00,2025-09-21 14:00:00+03:00,t+3,34,High,30.2,3.5,0.67,Typical,Increase operational monitoring and review operational readiness for the upcoming period.
2025-09-21 12:00:00+03:00,2025-09-21 13:00:00+03:00,t+1,28,High,27.0,1.4,0.34,Typical,Increase operational monitoring and review operational readiness for the upcoming period.
2025-09-21 12:00:00+03:00,2025-09-21 14:00:00+03:00,t+2,33,High,30.2,3.2,0.62,Typical,Increase operational monitoring and review operational readiness for the upcoming period.
2025-09-21 12:00:00+03:00,2025-09-21 15:00:00+03:00,t+3,36,Extreme,36.4,-0.8,-0.17,Typical,Prioritize operational coordination and maintain close monitoring during the upcoming peak period.
2025-09-21 13:00:00+03:00,2025-09-21 14:00:00+03:00,t+1,33,High,30.2,3.1,0.59,Typical,Increase operational monitoring and review operational readiness for the upcoming period.
2025-09-21 13:00:00+03:00,2025-09-21 15:00:00+03:00,t+2,35,Extreme,36.4,-1.3,-0.27,Typical,Prioritize operational coordination and maintain close monitoring during the upcoming peak period.
2025-09-21 13:00:00+03:00,2025-09-21 16:00:00+03:00,t+3,35,Extreme,32.6,2.7,0.58,Typical,Prioritize operational coordination and maintain close monitoring during the upcoming peak period.
2025-09-21 14:00:00+03:00,2025-09-21 15:00:00+03:00,t+1,35,Extreme,36.4,-1.2,-0.24,Typical,Prioritize operational coordination and maintain close monitoring during the upcoming peak period.
2025-09-21 14:00:00+03:00,2025-09-21 16:00:00+03:00,t+2,35,Extreme,32.6,2.5,0.54,Typical,Prioritize operational coordination and maintain close monitoring during the upcoming peak period.
2025-09-21 14:00:00+03:00,2025-09-21 17:00:00+03:00,t+3,36,Extreme,34.4,1.9,0.38,Typical,Prioritize operational coordination and maintain close monitoring during the upcoming peak period.
2025-09-21 15:00:00+03:00,2025-09-21 16:00:00+03:00,t+1,35,Extreme,32.6,2.6,0.57,Typical,Prioritize operational coordination and maintain close monitoring during the upcoming peak period.
2025-09-21 15:00:00+03:00,2025-09-21 17:00:00+03:00,t+2,36,Extreme,34.4,1.8,0.36,Typical,Prioritize operational coordination and maintain close monitoring during the upcoming peak period.
2025-09-21 15:00:00+03:00,2025-09-21 18:00:00+03:00,t+3,38,Extreme,39.3,-0.9,-0.15,Typical,Prioritize operational coordination and maintain close monitoring during the upcoming peak period.
2025-09-21 16:00:00+03:00,2025-09-21 17:00:00+03:00,t+1,36,Extreme,34.4,1.8,0.37,Typical,Prioritize operational coordination and maintain close monitoring during the upcoming peak period.
2025-09-21 16:00:00+03:00,2025-09-21 18:00:00+03:00,t+2,38,Extreme,39.3,-1.1,-0.17,Typical,Prioritize operational coordination and maintain close monitoring during the upcoming peak period.
2025-09-21 16:00:00+03:00,2025-09-21 19:00:00+03:00,t+3,38,Extreme,35.8,2.6,0.53,Typical,Prioritize operational coordination and maintain close monitoring during the upcoming peak period.
2025-09-21 17:00:00+03:00,2025-09-21 18:00:00+03:00,t+1,38,Extreme,39.3,-1.0,-0.17,Typical,Prioritize operational coordination and maintain close monitoring during the upcoming peak period.
2025-09-21 17:00:00+03:00,2025-09-21 19:00:00+03:00,t+2,38,Extreme,35.8,2.4,0.49,Typical,Prioritize operational coordination and maintain close monitoring during the upcoming peak period.
2025-09-21 17:00:00+03:00,2025-09-21 20:00:00+03:00,t+3,39,Extreme,35.3,4.1,0.78,Typical,Prioritize operational coordination and maintain close monitoring during the upcoming peak period.
2025-09-21 18:00:00+03:00,2025-09-21 19:00:00+03:00,t+1,38,Extreme,35.8,2.5,0.5,Typical,Prioritize operational coordination and maintain close monitoring during the upcoming peak period.
2025-09-21 18:00:00+03:00,2025-09-21 20:00:00+03:00,t+2,39,Extreme,35.3,3.9,0.74,Typical,Prioritize operational coordination and maintain close monitoring during the upcoming peak period.
2025-09-21 18:00:00+03:00,2025-09-21 21:00:00+03:00,t+3,37,Extreme,35.2,2.2,0.46,Typical,Prioritize operational coordination and maintain close monitoring during the upcoming peak period.
2025-09-21 19:00:00+03:00,2025-09-21 20:00:00+03:00,t+1,39,Extreme,35.3,3.9,0.75,Typical,Prioritize operational coordination and maintain close monitoring during the upcoming peak period.
2025-09-21 19:00:00+03:00,2025-09-21 21:00:00+03:00,t+2,37,Extreme,35.2,2.0,0.42,Typical,Prioritize operational coordination and maintain close monitoring during the upcoming peak period.
2025-09-21 19:00:00+03:00,2025-09-21 22:00:00+03:00,t+3,37,Extreme,35.7,1.6,0.33,Typical,Prioritize operational coordination and maintain close monitoring during the upcoming peak period.
2025-09-21 20:00:00+03:00,2025-09-21 21:00:00+03:00,t+1,37,Extreme,35.2,2.0,0.42,Typical,Prioritize operational coordination and maintain close monitoring during the upcoming peak period.
2025-09-21 20:00:00+03:00,2025-09-21 22:00:00+03:00,t+2,37,Extreme,35.7,1.4,0.28,Typical,Prioritize operational coordination and maintain close monitoring during the upcoming peak period.
2025-09-21 20:00:00+03:00,2025-09-21 23:00:00+03:00,t+3,35,Extreme,32.8,2.4,0.55,Typical,Prioritize operational coordination and maintain close monitoring during the upcoming peak period.
2025-09-21 21:00:00+03:00,2025-09-21 22:00:00+03:00,t+1,37,Extreme,35.7,1.4,0.29,Typical,Prioritize operational coordination and maintain close monitoring during the upcoming peak period.
2025-09-21 21:00:00+03:00,2025-09-21 23:00:00+03:00,t+2,35,Extreme,32.8,2.3,0.52,Typical,Prioritize operational coordination and maintain close monitoring during the upcoming peak period.
2025-09-21 21:00:00+03:00,2025-09-22 00:00:00+03:00,t+3,28,High,12.1,16.1,1.81,Above typical,Increase operational monitoring and review readiness across passenger-processing and ground-operation areas.
2025-09-21 22:00:00+03:00,2025-09-21 23:00:00+03:00,t+1,35,Extreme,32.8,2.3,0.52,Typical,Prioritize operational coordination and maintain close monitoring during the upcoming peak period.
2025-09-21 22:00:00+03:00,2025-09-22 00:00:00+03:00,t+2,28,High,12.1,15.9,1.8,Above typical,Increase operational monitoring and review readiness across passenger-processing and ground-operation areas.
2025-09-21 22:00:00+03:00,2025-09-22 01:00:00+03:00,t+3,25,High,14.2,11.0,1.77,Above typical,Increase operational monitoring and review readiness across passenger-processing and ground-operation areas.
2025-09-21 23:00:00+03:00,2025-09-22 00:00:00+03:00,t+1,28,High,12.1,15.9,1.8,Above typical,Increase operational monitoring and review readiness across passenger-processing and ground-operation areas.
2025-09-21 23:00:00+03:00,2025-09-22 01:00:00+03:00,t+2,25,High,14.2,10.9,1.75,Above typical,Increase operational monitoring and review readiness across passenger-processing and ground-operation areas.
2025-09-21 23:00:00+03:00,2025-09-22 02:00:00+03:00,t+3,23,High,20.3,2.8,1.55,Above typical,Increase operational monitoring and review readiness across passenger-processing and ground-operation areas.
2025-09-22 00:00:00+03:00,2025-09-22 01:00:00+03:00,t+1,25,High,14.2,10.8,1.74,Above typical,Increase operational monitoring and review readiness across passenger-processing and ground-operation areas.
2025-09-22 00:00:00+03:00,2025-09-22 02:00:00+03:00,t+2,23,High,20.3,2.7,1.45,Above typical,Increase operational monitoring and review readiness across passenger-processing and ground-operation areas.
2025-09-22 00:00:00+03:00,2025-09-22 03:00:00+03:00,t+3,17,Normal,17.6,-0.5,-0.23,Typical,Maintain standard operational monitoring.
2025-09-22 01:00:00+03:00,2025-09-22 02:00:00+03:00,t+1,23,High,20.3,2.7,1.46,Above typical,Increase operational monitoring and review readiness across passenger-processing and ground-operation areas.
2025-09-22 01:00:00+03:00,2025-09-22 03:00:00+03:00,t+2,17,Normal,17.6,-0.6,-0.31,Typical,Maintain standard operational monitoring.
2025-09-22 01:00:00+03:00,2025-09-22 04:00:00+03:00,t+3,19,Normal,16.8,2.2,0.99,Typical,Maintain standard operational monitoring.
2025-09-22 02:00:00+03:00,2025-09-22 03:00:00+03:00,t+1,17,Normal,17.6,-0.5,-0.27,Typical,Maintain standard operational monitoring.
2025-09-22 02:00:00+03:00,2025-09-22 04:00:00+03:00,t+2,19,Normal,16.8,2.1,0.93,Typical,Maintain standard operational monitoring.
2025-09-22 02:00:00+03:00,2025-09-22 05:00:00+03:00,t+3,18,Normal,20.2,-2.1,-1.18,Below typical,Maintain standard operational monitoring.
2025-09-22 03:00:00+03:00,2025-09-22 04:00:00+03:00,t+1,19,Normal,16.8,2.2,0.99,Typical,Maintain standard operational monitoring.
2025-09-22 03:00:00+03:00,2025-09-22 05:00:00+03:00,t+2,18,Normal,20.2,-2.3,-1.26,Below typical,Maintain standard operational monitoring.
2025-09-22 03:00:00+03:00,2025-09-22 06:00:00+03:00,t+3,30,High,28.6,1.5,0.6,Typical,Increase operational monitoring and review operational readiness for the upcoming period.
2025-09-22 04:00:00+03:00,2025-09-22 05:00:00+03:00,t+1,18,Normal,20.2,-2.1,-1.19,Below typical,Maintain standard operational monitoring.
2025-09-22 04:00:00+03:00,2025-09-22 06:00:00+03:00,t+2,30,High,28.6,1.3,0.51,Typical,Increase operational monitoring and review operational readiness for the upcoming period.
2025-09-22 04:00:00+03:00,2025-09-22 07:00:00+03:00,t+3,30,High,27.9,2.2,0.66,Typical,Increase operational monitoring and review operational readiness for the upcoming period.
2025-09-22 05:00:00+03:00,2025-09-22 06:00:00+03:00,t+1,30,High,28.6,1.4,0.57,Typical,Increase operational monitoring and review operational readiness for the upcoming period.
2025-09-22 05:00:00+03:00,2025-09-22 07:00:00+03:00,t+2,30,High,27.9,2.0,0.58,Typical,Increase operational monitoring and review operational readiness for the upcoming period.
2025-09-22 05:00:00+03:00,2025-09-22 08:00:00+03:00,t+3,31,High,29.7,1.4,0.36,Typical,Increase operational monitoring and review operational readiness for the upcoming period.
2025-09-22 06:00:00+03:00,2025-09-22 07:00:00+03:00,t+1,30,High,27.9,2.2,0.65,Typical,Increase operational monitoring and review operational readiness for the upcoming period.
2025-09-22 06:00:00+03:00,2025-09-22 08:00:00+03:00,t+2,31,High,29.7,1.2,0.3,Typical,Increase operational monitoring and review operational readiness for the upcoming period.
2025-09-22 06:00:00+03:00,2025-09-22 09:00:00+03:00,t+3,35,Extreme,35.2,-0.1,-0.03,Typical,Prioritize operational coordination and maintain close monitoring during the upcoming peak period.
2025-09-22 07:00:00+03:00,2025-09-22 08:00:00+03:00,t+1,31,High,29.7,1.4,0.35,Typical,Increase operational monitoring and review operational readiness for the upcoming period.
2025-09-22 07:00:00+03:00,2025-09-22 09:00:00+03:00,t+2,35,Extreme,35.2,-0.4,-0.1,Typical,Prioritize operational coordination and maintain close monitoring during the upcoming peak period.
2025-09-22 07:00:00+03:00,2025-09-22 10:00:00+03:00,t+3,36,Extreme,35.2,0.9,0.23,Typical,Prioritize operational coordination and maintain close monitoring during the upcoming peak period.
2025-09-22 08:00:00+03:00,2025-09-22 09:00:00+03:00,t+1,35,Extreme,35.2,-0.2,-0.05,Typical,Prioritize operational coordination and maintain close monitoring during the upcoming peak period.
2025-09-22 08:00:00+03:00,2025-09-22 10:00:00+03:00,t+2,36,Extreme,35.2,0.6,0.15,Typical,Prioritize operational coordination and maintain close monitoring during the upcoming peak period.
2025-09-22 08:00:00+03:00,2025-09-22 11:00:00+03:00,t+3,33,High,31.0,2.1,1.01,Above typical,Increase operational monitoring and review readiness across passenger-processing and ground-operation areas.
2025-09-22 09:00:00+03:00,2025-09-22 10:00:00+03:00,t+1,36,Extreme,35.2,0.8,0.2,Typical,Prioritize operational coordination and maintain close monitoring during the upcoming peak period.
2025-09-22 09:00:00+03:00,2025-09-22 11:00:00+03:00,t+2,33,High,31.0,1.8,0.89,Typical,Increase operational monitoring and review operational readiness for the upcoming period.
2025-09-22 09:00:00+03:00,2025-09-22 12:00:00+03:00,t+3,28,High,28.2,-0.1,-0.05,Typical,Increase operational monitoring and review operational readiness for the upcoming period.
2025-09-22 10:00:00+03:00,2025-09-22 11:00:00+03:00,t+1,33,High,31.0,2.0,0.99,Typical,Increase operational monitoring and review operational readiness for the upcoming period.
2025-09-22 10:00:00+03:00,2025-09-22 12:00:00+03:00,t+2,28,High,28.2,-0.2,-0.11,Typical,Increase operational monitoring and review operational readiness for the upcoming period.
2025-09-22 10:00:00+03:00,2025-09-22 13:00:00+03:00,t+3,33,High,30.2,2.8,0.87,Typical,Increase operational monitoring and review operational readiness for the upcoming period.
2025-09-22 11:00:00+03:00,2025-09-22 12:00:00+03:00,t+1,28,High,28.2,-0.1,-0.04,Typical,Increase operational monitoring and review operational readiness for the upcoming period.
2025-09-22 11:00:00+03:00,2025-09-22 13:00:00+03:00,t+2,33,High,30.2,2.7,0.84,Typical,Increase operational monitoring and review operational readiness for the upcoming period.
2025-09-22 11:00:00+03:00,2025-09-22 14:00:00+03:00,t+3,33,High,32.6,0.6,0.22,Typical,Increase operational monitoring and review operational readiness for the upcoming period.
2025-09-22 12:00:00+03:00,2025-09-22 13:00:00+03:00,t+1,33,High,30.2,2.8,0.87,Typical,Increase operational monitoring and review operational readiness for the upcoming period.
2025-09-22 12:00:00+03:00,2025-09-22 14:00:00+03:00,t+2,33,High,32.6,0.5,0.18,Typical,Increase operational monitoring and review operational readiness for the upcoming period.
2025-09-22 12:00:00+03:00,2025-09-22 15:00:00+03:00,t+3,34,High,33.7,0.4,0.15,Typical,Increase operational monitoring and review operational readiness for the upcoming period.
2025-09-22 13:00:00+03:00,2025-09-22 14:00:00+03:00,t+1,33,High,32.6,0.6,0.21,Typical,Increase operational monitoring and review operational readiness for the upcoming period.
2025-09-22 13:00:00+03:00,2025-09-22 15:00:00+03:00,t+2,34,High,33.7,0.4,0.13,Typical,Increase operational monitoring and review operational readiness for the upcoming period.
2025-09-22 13:00:00+03:00,2025-09-22 16:00:00+03:00,t+3,34,High,32.0,2.2,0.99,Typical,Increase operational monitoring and review operational readiness for the upcoming period.
2025-09-22 14:00:00+03:00,2025-09-22 15:00:00+03:00,t+1,34,High,33.7,0.4,0.16,Typical,Increase operational monitoring and review operational readiness for the upcoming period.
2025-09-22 14:00:00+03:00,2025-09-22 16:00:00+03:00,t+2,34,High,32.0,2.2,1.02,Above typical,Increase operational monitoring and review readiness across passenger-processing and ground-operation areas.
2025-09-22 14:00:00+03:00,2025-09-22 17:00:00+03:00,t+3,33,High,35.9,-2.6,-1.29,Below typical,Increase operational monitoring and review operational readiness for the upcoming period.
2025-09-22 15:00:00+03:00,2025-09-22 16:00:00+03:00,t+1,34,High,32.0,2.4,1.07,Above typical,Increase operational monitoring and review readiness across passenger-processing and ground-operation areas.
2025-09-22 15:00:00+03:00,2025-09-22 17:00:00+03:00,t+2,34,High,35.9,-2.4,-1.18,Below typical,Increase operational monitoring and review operational readiness for the upcoming period.
2025-09-22 15:00:00+03:00,2025-09-22 18:00:00+03:00,t+3,36,Extreme,39.7,-4.0,-1.68,Below typical,Prioritize operational coordination and maintain close monitoring during the upcoming peak period.
2025-09-22 16:00:00+03:00,2025-09-22 17:00:00+03:00,t+1,33,High,35.9,-2.5,-1.22,Below typical,Increase operational monitoring and review operational readiness for the upcoming period.
2025-09-22 16:00:00+03:00,2025-09-22 18:00:00+03:00,t+2,36,Extreme,39.7,-4.1,-1.68,Below typical,Prioritize operational coordination and maintain close monitoring during the upcoming peak period.
2025-09-22 16:00:00+03:00,2025-09-22 19:00:00+03:00,t+3,39,Extreme,36.0,2.7,0.98,Typical,Prioritize operational coordination and maintain close monitoring during the upcoming peak period.
2025-09-22 17:00:00+03:00,2025-09-22 18:00:00+03:00,t+1,35,Extreme,39.7,-4.3,-1.8,Below typical,Prioritize operational coordination and maintain close monitoring during the upcoming peak period.
2025-09-22 17:00:00+03:00,2025-09-22 19:00:00+03:00,t+2,39,Extreme,36.0,2.5,0.91,Typical,Prioritize operational coordination and maintain close monitoring during the upcoming peak period.
2025-09-22 17:00:00+03:00,2025-09-22 20:00:00+03:00,t+3,40,Extreme,36.6,3.1,1.73,Above typical,Prioritize cross-team coordination and closely monitor passenger-processing and ground-operation readiness.
2025-09-22 18:00:00+03:00,2025-09-22 19:00:00+03:00,t+1,38,Extreme,36.0,2.2,0.79,Typical,Prioritize operational coordination and maintain close monitoring during the upcoming peak period.
2025-09-22 18:00:00+03:00,2025-09-22 20:00:00+03:00,t+2,39,Extreme,36.6,2.8,1.56,Above typical,Prioritize cross-team coordination and closely monitor passenger-processing and ground-operation readiness.
2025-09-22 18:00:00+03:00,2025-09-22 21:00:00+03:00,t+3,37,Extreme,34.8,1.9,0.84,Typical,Prioritize operational coordination and maintain close monitoring during the upcoming peak period.
2025-09-22 19:00:00+03:00,2025-09-22 20:00:00+03:00,t+1,39,Extreme,36.6,2.5,1.41,Above typical,Prioritize cross-team coordination and closely monitor passenger-processing and ground-operation readiness.
2025-09-22 19:00:00+03:00,2025-09-22 21:00:00+03:00,t+2,36,Extreme,34.8,1.6,0.72,Typical,Prioritize operational coordination and maintain close monitoring during the upcoming peak period.
2025-09-22 19:00:00+03:00,2025-09-22 22:00:00+03:00,t+3,41,Extreme,36.4,4.1,1.33,Above typical,Prioritize cross-team coordination and closely monitor passenger-processing and ground-operation readiness.
2025-09-22 20:00:00+03:00,2025-09-22 21:00:00+03:00,t+1,36,Extreme,34.8,1.4,0.63,Typical,Prioritize operational coordination and maintain close monitoring during the upcoming peak period.
2025-09-22 20:00:00+03:00,2025-09-22 22:00:00+03:00,t+2,40,Extreme,36.4,3.9,1.26,Above typical,Prioritize cross-team coordination and closely monitor passenger-processing and ground-operation readiness.
2025-09-22 20:00:00+03:00,2025-09-22 23:00:00+03:00,t+3,39,Extreme,37.3,2.2,0.92,Typical,Prioritize operational coordination and maintain close monitoring during the upcoming peak period.
2025-09-22 21:00:00+03:00,2025-09-22 22:00:00+03:00,t+1,40,Extreme,36.4,3.8,1.23,Above typical,Prioritize cross-team coordination and closely monitor passenger-processing and ground-operation readiness.
2025-09-22 21:00:00+03:00,2025-09-22 23:00:00+03:00,t+2,39,Extreme,37.3,2.1,0.87,Typical,Prioritize operational coordination and maintain close monitoring during the upcoming peak period.
2025-09-22 21:00:00+03:00,2025-09-23 00:00:00+03:00,t+3,32,High,30.2,1.3,0.24,Typical,Increase operational monitoring and review operational readiness for the upcoming period.
2025-09-22 22:00:00+03:00,2025-09-22 23:00:00+03:00,t+1,39,Extreme,37.3,2.1,0.89,Typical,Prioritize operational coordination and maintain close monitoring during the upcoming peak period.
2025-09-22 22:00:00+03:00,2025-09-23 00:00:00+03:00,t+2,32,High,30.2,1.3,0.24,Typical,Increase operational monitoring and review operational readiness for the upcoming period.
2025-09-22 22:00:00+03:00,2025-09-23 01:00:00+03:00,t+3,24,High,22.5,1.3,0.3,Typical,Increase operational monitoring and review operational readiness for the upcoming period.
2025-09-22 23:00:00+03:00,2025-09-23 00:00:00+03:00,t+1,31,High,30.2,1.1,0.19,Typical,Increase operational monitoring and review operational readiness for the upcoming period.
2025-09-22 23:00:00+03:00,2025-09-23 01:00:00+03:00,t+2,23,High,22.5,0.8,0.18,Typical,Increase operational monitoring and review operational readiness for the upcoming period.
2025-09-22 23:00:00+03:00,2025-09-23 02:00:00+03:00,t+3,26,High,24.5,1.8,0.58,Typical,Increase operational monitoring and review operational readiness for the upcoming period.
2025-09-23 00:00:00+03:00,2025-09-23 01:00:00+03:00,t+1,23,High,22.5,0.7,0.16,Typical,Increase operational monitoring and review operational readiness for the upcoming period.
2025-09-23 00:00:00+03:00,2025-09-23 02:00:00+03:00,t+2,26,High,24.5,1.6,0.51,Typical,Increase operational monitoring and review operational readiness for the upcoming period.
2025-09-23 00:00:00+03:00,2025-09-23 03:00:00+03:00,t+3,19,Normal,18.2,1.0,0.27,Typical,Maintain standard operational monitoring.
2025-09-23 01:00:00+03:00,2025-09-23 02:00:00+03:00,t+1,26,High,24.5,1.5,0.47,Typical,Increase operational monitoring and review operational readiness for the upcoming period.
2025-09-23 01:00:00+03:00,2025-09-23 03:00:00+03:00,t+2,19,Normal,18.2,0.7,0.18,Typical,Maintain standard operational monitoring.
2025-09-23 01:00:00+03:00,2025-09-23 04:00:00+03:00,t+3,20,Normal,19.2,0.8,0.25,Typical,Maintain standard operational monitoring.
2025-09-23 02:00:00+03:00,2025-09-23 03:00:00+03:00,t+1,19,Normal,18.2,0.9,0.25,Typical,Maintain standard operational monitoring.
2025-09-23 02:00:00+03:00,2025-09-23 04:00:00+03:00,t+2,20,Normal,19.2,0.7,0.22,Typical,Maintain standard operational monitoring.
2025-09-23 02:00:00+03:00,2025-09-23 05:00:00+03:00,t+3,18,Normal,21.2,-3.2,-1.21,Below typical,Maintain standard operational monitoring.
2025-09-23 03:00:00+03:00,2025-09-23 04:00:00+03:00,t+1,20,Normal,19.2,1.0,0.3,Typical,Maintain standard operational monitoring.
2025-09-23 03:00:00+03:00,2025-09-23 05:00:00+03:00,t+2,18,Normal,21.2,-3.3,-1.26,Below typical,Maintain standard operational monitoring.
2025-09-23 03:00:00+03:00,2025-09-23 06:00:00+03:00,t+3,28,High,26.6,1.4,0.47,Typical,Increase operational monitoring and review operational readiness for the upcoming period.
2025-09-23 04:00:00+03:00,2025-09-23 05:00:00+03:00,t+1,18,Normal,21.2,-3.0,-1.16,Below typical,Maintain standard operational monitoring.
2025-09-23 04:00:00+03:00,2025-09-23 06:00:00+03:00,t+2,28,High,26.6,1.3,0.43,Typical,Increase operational monitoring and review operational readiness for the upcoming period.
2025-09-23 04:00:00+03:00,2025-09-23 07:00:00+03:00,t+3,25,High,25.3,-0.2,-0.06,Typical,Increase operational monitoring and review operational readiness for the upcoming period.
2025-09-23 05:00:00+03:00,2025-09-23 06:00:00+03:00,t+1,28,High,26.6,1.5,0.5,Typical,Increase operational monitoring and review operational readiness for the upcoming period.
2025-09-23 05:00:00+03:00,2025-09-23 07:00:00+03:00,t+2,25,High,25.3,-0.3,-0.11,Typical,Increase operational monitoring and review operational readiness for the upcoming period.
2025-09-23 05:00:00+03:00,2025-09-23 08:00:00+03:00,t+3,29,High,24.7,4.4,1.58,Above typical,Increase operational monitoring and review readiness across passenger-processing and ground-operation areas.
2025-09-23 06:00:00+03:00,2025-09-23 07:00:00+03:00,t+1,25,High,25.3,-0.1,-0.03,Typical,Increase operational monitoring and review operational readiness for the upcoming period.
2025-09-23 06:00:00+03:00,2025-09-23 08:00:00+03:00,t+2,29,High,24.7,4.4,1.57,Above typical,Increase operational monitoring and review readiness across passenger-processing and ground-operation areas.
2025-09-23 06:00:00+03:00,2025-09-23 09:00:00+03:00,t+3,29,High,28.3,0.8,0.24,Typical,Increase operational monitoring and review operational readiness for the upcoming period.
2025-09-23 07:00:00+03:00,2025-09-23 08:00:00+03:00,t+1,29,High,24.7,4.4,1.6,Above typical,Increase operational monitoring and review readiness across passenger-processing and ground-operation areas.
2025-09-23 07:00:00+03:00,2025-09-23 09:00:00+03:00,t+2,29,High,28.3,0.7,0.2,Typical,Increase operational monitoring and review operational readiness for the upcoming period.
2025-09-23 07:00:00+03:00,2025-09-23 10:00:00+03:00,t+3,36,Extreme,29.4,6.6,1.5,Above typical,Prioritize cross-team coordination and closely monitor passenger-processing and ground-operation readiness.
2025-09-23 08:00:00+03:00,2025-09-23 09:00:00+03:00,t+1,29,High,28.3,0.7,0.2,Typical,Increase operational monitoring and review operational readiness for the upcoming period.
2025-09-23 08:00:00+03:00,2025-09-23 10:00:00+03:00,t+2,36,Extreme,29.4,6.5,1.45,Above typical,Prioritize cross-team coordination and closely monitor passenger-processing and ground-operation readiness.
2025-09-23 08:00:00+03:00,2025-09-23 11:00:00+03:00,t+3,34,High,28.8,5.2,1.49,Above typical,Increase operational monitoring and review readiness across passenger-processing and ground-operation areas.
2025-09-23 09:00:00+03:00,2025-09-23 10:00:00+03:00,t+1,36,Extreme,29.4,6.2,1.4,Above typical,Prioritize cross-team coordination and closely monitor passenger-processing and ground-operation readiness.
2025-09-23 09:00:00+03:00,2025-09-23 11:00:00+03:00,t+2,34,High,28.8,5.0,1.41,Above typical,Increase operational monitoring and review readiness across passenger-processing and ground-operation areas.
2025-09-23 09:00:00+03:00,2025-09-23 12:00:00+03:00,t+3,27,High,26.4,0.3,0.21,Typical,Increase operational monitoring and review operational readiness for the upcoming period.
2025-09-23 10:00:00+03:00,2025-09-23 11:00:00+03:00,t+1,34,High,28.8,4.9,1.41,Above typical,Increase operational monitoring and review readiness across passenger-processing and ground-operation areas.
2025-09-23 10:00:00+03:00,2025-09-23 12:00:00+03:00,t+2,27,High,26.4,0.5,0.33,Typical,Increase operational monitoring and review operational readiness for the upcoming period.
2025-09-23 10:00:00+03:00,2025-09-23 13:00:00+03:00,t+3,31,High,28.3,2.6,1.93,Above typical,Increase operational monitoring and review readiness across passenger-processing and ground-operation areas.
2025-09-23 11:00:00+03:00,2025-09-23 12:00:00+03:00,t+1,27,High,26.4,0.6,0.39,Typical,Increase operational monitoring and review operational readiness for the upcoming period.
2025-09-23 11:00:00+03:00,2025-09-23 13:00:00+03:00,t+2,31,High,28.3,2.8,2.12,Above typical,Increase operational monitoring and review readiness across passenger-processing and ground-operation areas.
2025-09-23 11:00:00+03:00,2025-09-23 14:00:00+03:00,t+3,33,High,30.7,2.6,1.06,Above typical,Increase operational monitoring and review readiness across passenger-processing and ground-operation areas.
2025-09-23 12:00:00+03:00,2025-09-23 13:00:00+03:00,t+1,31,High,28.3,2.7,2.02,Above typical,Increase operational monitoring and review readiness across passenger-processing and ground-operation areas.
2025-09-23 12:00:00+03:00,2025-09-23 14:00:00+03:00,t+2,33,High,30.7,2.4,1.01,Above typical,Increase operational monitoring and review readiness across passenger-processing and ground-operation areas.
2025-09-23 12:00:00+03:00,2025-09-23 15:00:00+03:00,t+3,35,Extreme,36.7,-1.4,-0.38,Typical,Prioritize operational coordination and maintain close monitoring during the upcoming peak period.
2025-09-23 13:00:00+03:00,2025-09-23 14:00:00+03:00,t+1,33,High,30.7,2.1,0.86,Typical,Increase operational monitoring and review operational readiness for the upcoming period.
2025-09-23 13:00:00+03:00,2025-09-23 15:00:00+03:00,t+2,35,Extreme,36.7,-1.8,-0.48,Typical,Prioritize operational coordination and maintain close monitoring during the upcoming peak period.
2025-09-23 13:00:00+03:00,2025-09-23 16:00:00+03:00,t+3,33,High,32.4,0.5,0.15,Typical,Increase operational monitoring and review operational readiness for the upcoming period.
2025-09-23 14:00:00+03:00,2025-09-23 15:00:00+03:00,t+1,35,Extreme,36.7,-1.7,-0.44,Typical,Prioritize operational coordination and maintain close monitoring during the upcoming peak period.
2025-09-23 14:00:00+03:00,2025-09-23 16:00:00+03:00,t+2,33,High,32.4,0.6,0.19,Typical,Increase operational monitoring and review operational readiness for the upcoming period.
2025-09-23 14:00:00+03:00,2025-09-23 17:00:00+03:00,t+3,35,Extreme,36.6,-1.4,-0.89,Typical,Prioritize operational coordination and maintain close monitoring during the upcoming peak period.
2025-09-23 15:00:00+03:00,2025-09-23 16:00:00+03:00,t+1,33,High,32.4,0.7,0.22,Typical,Increase operational monitoring and review operational readiness for the upcoming period.
2025-09-23 15:00:00+03:00,2025-09-23 17:00:00+03:00,t+2,35,Extreme,36.6,-1.4,-0.9,Typical,Prioritize operational coordination and maintain close monitoring during the upcoming peak period.
2025-09-23 15:00:00+03:00,2025-09-23 18:00:00+03:00,t+3,39,Extreme,40.8,-1.5,-0.53,Typical,Prioritize operational coordination and maintain close monitoring during the upcoming peak period.
2025-09-23 16:00:00+03:00,2025-09-23 17:00:00+03:00,t+1,35,Extreme,36.6,-1.4,-0.89,Typical,Prioritize operational coordination and maintain close monitoring during the upcoming peak period.
2025-09-23 16:00:00+03:00,2025-09-23 18:00:00+03:00,t+2,39,Extreme,40.8,-1.7,-0.6,Typical,Prioritize operational coordination and maintain close monitoring during the upcoming peak period.
2025-09-23 16:00:00+03:00,2025-09-23 19:00:00+03:00,t+3,37,Extreme,36.4,0.9,0.38,Typical,Prioritize operational coordination and maintain close monitoring during the upcoming peak period.
2025-09-23 17:00:00+03:00,2025-09-23 18:00:00+03:00,t+1,39,Extreme,40.8,-1.7,-0.58,Typical,Prioritize operational coordination and maintain close monitoring during the upcoming peak period.
2025-09-23 17:00:00+03:00,2025-09-23 19:00:00+03:00,t+2,37,Extreme,36.4,0.7,0.3,Typical,Prioritize operational coordination and maintain close monitoring during the upcoming peak period.
2025-09-23 17:00:00+03:00,2025-09-23 20:00:00+03:00,t+3,41,Extreme,35.8,5.4,2.91,Above typical,Prioritize cross-team coordination and closely monitor passenger-processing and ground-operation readiness.
2025-09-23 18:00:00+03:00,2025-09-23 19:00:00+03:00,t+1,37,Extreme,36.4,0.7,0.33,Typical,Prioritize operational coordination and maintain close monitoring during the upcoming peak period.
2025-09-23 18:00:00+03:00,2025-09-23 20:00:00+03:00,t+2,41,Extreme,35.8,5.3,2.85,Above typical,Prioritize cross-team coordination and closely monitor passenger-processing and ground-operation readiness.
2025-09-23 18:00:00+03:00,2025-09-23 21:00:00+03:00,t+3,39,Extreme,36.6,2.6,1.57,Above typical,Prioritize cross-team coordination and closely monitor passenger-processing and ground-operation readiness.
2025-09-23 19:00:00+03:00,2025-09-23 20:00:00+03:00,t+1,41,Extreme,35.8,5.3,2.84,Above typical,Prioritize cross-team coordination and closely monitor passenger-processing and ground-operation readiness.
2025-09-23 19:00:00+03:00,2025-09-23 21:00:00+03:00,t+2,39,Extreme,36.6,2.5,1.5,Above typical,Prioritize cross-team coordination and closely monitor passenger-processing and ground-operation readiness.
2025-09-23 19:00:00+03:00,2025-09-23 22:00:00+03:00,t+3,40,Extreme,34.6,5.4,3.01,Above typical,Prioritize cross-team coordination and closely monitor passenger-processing and ground-operation readiness.
2025-09-23 20:00:00+03:00,2025-09-23 21:00:00+03:00,t+1,39,Extreme,36.6,2.4,1.44,Above typical,Prioritize cross-team coordination and closely monitor passenger-processing and ground-operation readiness.
2025-09-23 20:00:00+03:00,2025-09-23 22:00:00+03:00,t+2,40,Extreme,34.6,5.3,2.95,Above typical,Prioritize cross-team coordination and closely monitor passenger-processing and ground-operation readiness.
2025-09-23 20:00:00+03:00,2025-09-23 23:00:00+03:00,t+3,38,Extreme,34.4,3.3,1.82,Above typical,Prioritize cross-team coordination and closely monitor passenger-processing and ground-operation readiness.
2025-09-23 21:00:00+03:00,2025-09-23 22:00:00+03:00,t+1,40,Extreme,34.6,5.1,2.82,Above typical,Prioritize cross-team coordination and closely monitor passenger-processing and ground-operation readiness.
2025-09-23 21:00:00+03:00,2025-09-23 23:00:00+03:00,t+2,37,Extreme,34.4,3.0,1.66,Above typical,Prioritize cross-team coordination and closely monitor passenger-processing and ground-operation readiness.
2025-09-23 21:00:00+03:00,2025-09-24 00:00:00+03:00,t+3,28,High,27.3,0.8,0.17,Typical,Increase operational monitoring and review operational readiness for the upcoming period.
2025-09-23 22:00:00+03:00,2025-09-23 23:00:00+03:00,t+1,37,Extreme,34.4,2.5,1.4,Above typical,Prioritize cross-team coordination and closely monitor passenger-processing and ground-operation readiness.
2025-09-23 22:00:00+03:00,2025-09-24 00:00:00+03:00,t+2,28,High,27.3,0.2,0.05,Typical,Increase operational monitoring and review operational readiness for the upcoming period.
2025-09-23 22:00:00+03:00,2025-09-24 01:00:00+03:00,t+3,22,High,23.0,-0.7,-0.17,Typical,Increase operational monitoring and review operational readiness for the upcoming period.
2025-09-23 23:00:00+03:00,2025-09-24 00:00:00+03:00,t+1,26,High,27.3,-0.9,-0.2,Typical,Increase operational monitoring and review operational readiness for the upcoming period.
2025-09-23 23:00:00+03:00,2025-09-24 01:00:00+03:00,t+2,21,Normal,23.0,-2.1,-0.54,Typical,Maintain standard operational monitoring.
2025-09-23 23:00:00+03:00,2025-09-24 02:00:00+03:00,t+3,24,High,22.1,2.1,0.73,Typical,Increase operational monitoring and review operational readiness for the upcoming period.
2025-09-24 00:00:00+03:00,2025-09-24 01:00:00+03:00,t+1,21,Normal,23.0,-1.9,-0.49,Typical,Maintain standard operational monitoring.
2025-09-24 00:00:00+03:00,2025-09-24 02:00:00+03:00,t+2,24,High,22.1,2.2,0.77,Typical,Increase operational monitoring and review operational readiness for the upcoming period.
2025-09-24 00:00:00+03:00,2025-09-24 03:00:00+03:00,t+3,16,Normal,18.1,-2.0,-0.86,Typical,Maintain standard operational monitoring.
2025-09-24 01:00:00+03:00,2025-09-24 02:00:00+03:00,t+1,26,High,22.1,3.5,1.24,Above typical,Increase operational monitoring and review readiness across passenger-processing and ground-operation areas.
2025-09-24 01:00:00+03:00,2025-09-24 03:00:00+03:00,t+2,17,Normal,18.1,-1.5,-0.65,Typical,Maintain standard operational monitoring.
2025-09-24 01:00:00+03:00,2025-09-24 04:00:00+03:00,t+3,14,Normal,14.7,-0.8,-0.29,Typical,Maintain standard operational monitoring.
2025-09-24 02:00:00+03:00,2025-09-24 03:00:00+03:00,t+1,18,Normal,18.1,-0.2,-0.08,Typical,Maintain standard operational monitoring.
2025-09-24 02:00:00+03:00,2025-09-24 04:00:00+03:00,t+2,15,Normal,14.7,0.0,0.01,Typical,Maintain standard operational monitoring.
2025-09-24 02:00:00+03:00,2025-09-24 05:00:00+03:00,t+3,23,High,22.6,0.1,0.02,Typical,Increase operational monitoring and review operational readiness for the upcoming period.
2025-09-24 03:00:00+03:00,2025-09-24 04:00:00+03:00,t+1,15,Normal,14.7,0.5,0.18,Typical,Maintain standard operational monitoring.
2025-09-24 03:00:00+03:00,2025-09-24 05:00:00+03:00,t+2,23,High,22.6,0.4,0.11,Typical,Increase operational monitoring and review operational readiness for the upcoming period.
2025-09-24 03:00:00+03:00,2025-09-24 06:00:00+03:00,t+3,31,High,28.9,2.0,0.47,Typical,Increase operational monitoring and review operational readiness for the upcoming period.
2025-09-24 04:00:00+03:00,2025-09-24 05:00:00+03:00,t+1,23,High,22.6,0.5,0.12,Typical,Increase operational monitoring and review operational readiness for the upcoming period.
2025-09-24 04:00:00+03:00,2025-09-24 06:00:00+03:00,t+2,31,High,28.9,1.9,0.44,Typical,Increase operational monitoring and review operational readiness for the upcoming period.
2025-09-24 04:00:00+03:00,2025-09-24 07:00:00+03:00,t+3,30,High,27.5,2.3,0.42,Typical,Increase operational monitoring and review operational readiness for the upcoming period.
2025-09-24 05:00:00+03:00,2025-09-24 06:00:00+03:00,t+1,31,High,28.9,2.2,0.52,Typical,Increase operational monitoring and review operational readiness for the upcoming period.
2025-09-24 05:00:00+03:00,2025-09-24 07:00:00+03:00,t+2,30,High,27.5,2.4,0.44,Typical,Increase operational monitoring and review operational readiness for the upcoming period.
2025-09-24 05:00:00+03:00,2025-09-24 08:00:00+03:00,t+3,31,High,27.8,3.2,0.6,Typical,Increase operational monitoring and review operational readiness for the upcoming period.
2025-09-24 06:00:00+03:00,2025-09-24 07:00:00+03:00,t+1,30,High,27.5,2.6,0.47,Typical,Increase operational monitoring and review operational readiness for the upcoming period.
2025-09-24 06:00:00+03:00,2025-09-24 08:00:00+03:00,t+2,31,High,27.8,3.2,0.6,Typical,Increase operational monitoring and review operational readiness for the upcoming period.
2025-09-24 06:00:00+03:00,2025-09-24 09:00:00+03:00,t+3,34,High,32.6,1.4,0.29,Typical,Increase operational monitoring and review operational readiness for the upcoming period.
2025-09-24 07:00:00+03:00,2025-09-24 08:00:00+03:00,t+1,31,High,27.8,3.3,0.62,Typical,Increase operational monitoring and review operational readiness for the upcoming period.
2025-09-24 07:00:00+03:00,2025-09-24 09:00:00+03:00,t+2,34,High,32.6,1.3,0.27,Typical,Increase operational monitoring and review operational readiness for the upcoming period.
2025-09-24 07:00:00+03:00,2025-09-24 10:00:00+03:00,t+3,32,High,30.6,1.4,0.3,Typical,Increase operational monitoring and review operational readiness for the upcoming period.
2025-09-24 08:00:00+03:00,2025-09-24 09:00:00+03:00,t+1,34,High,32.6,1.4,0.3,Typical,Increase operational monitoring and review operational readiness for the upcoming period.
2025-09-24 08:00:00+03:00,2025-09-24 10:00:00+03:00,t+2,32,High,30.6,1.3,0.27,Typical,Increase operational monitoring and review operational readiness for the upcoming period.
2025-09-24 08:00:00+03:00,2025-09-24 11:00:00+03:00,t+3,30,High,27.7,2.2,0.54,Typical,Increase operational monitoring and review operational readiness for the upcoming period.
2025-09-24 09:00:00+03:00,2025-09-24 10:00:00+03:00,t+1,32,High,30.6,1.5,0.31,Typical,Increase operational monitoring and review operational readiness for the upcoming period.
2025-09-24 09:00:00+03:00,2025-09-24 11:00:00+03:00,t+2,30,High,27.7,2.2,0.52,Typical,Increase operational monitoring and review operational readiness for the upcoming period.
2025-09-24 09:00:00+03:00,2025-09-24 12:00:00+03:00,t+3,26,High,26.6,-0.5,-0.15,Typical,Increase operational monitoring and review operational readiness for the upcoming period.
2025-09-24 10:00:00+03:00,2025-09-24 11:00:00+03:00,t+1,30,High,27.7,2.4,0.59,Typical,Increase operational monitoring and review operational readiness for the upcoming period.
2025-09-24 10:00:00+03:00,2025-09-24 12:00:00+03:00,t+2,26,High,26.6,-0.4,-0.12,Typical,Increase operational monitoring and review operational readiness for the upcoming period.
2025-09-24 10:00:00+03:00,2025-09-24 13:00:00+03:00,t+3,31,High,29.3,2.0,0.48,Typical,Increase operational monitoring and review operational readiness for the upcoming period.
2025-09-24 11:00:00+03:00,2025-09-24 12:00:00+03:00,t+1,26,High,26.6,-0.3,-0.1,Typical,Increase operational monitoring and review operational readiness for the upcoming period.
2025-09-24 11:00:00+03:00,2025-09-24 13:00:00+03:00,t+2,31,High,29.3,1.9,0.45,Typical,Increase operational monitoring and review operational readiness for the upcoming period.
2025-09-24 11:00:00+03:00,2025-09-24 14:00:00+03:00,t+3,32,High,31.4,1.0,0.19,Typical,Increase operational monitoring and review operational readiness for the upcoming period.
2025-09-24 12:00:00+03:00,2025-09-24 13:00:00+03:00,t+1,31,High,29.3,1.7,0.4,Typical,Increase operational monitoring and review operational readiness for the upcoming period.
2025-09-24 12:00:00+03:00,2025-09-24 14:00:00+03:00,t+2,32,High,31.4,0.4,0.08,Typical,Increase operational monitoring and review operational readiness for the upcoming period.
2025-09-24 12:00:00+03:00,2025-09-24 15:00:00+03:00,t+3,34,High,34.4,-0.4,-0.1,Typical,Increase operational monitoring and review operational readiness for the upcoming period.
2025-09-24 13:00:00+03:00,2025-09-24 14:00:00+03:00,t+1,32,High,31.4,0.6,0.12,Typical,Increase operational monitoring and review operational readiness for the upcoming period.
2025-09-24 13:00:00+03:00,2025-09-24 15:00:00+03:00,t+2,34,High,34.4,-0.5,-0.12,Typical,Increase operational monitoring and review operational readiness for the upcoming period.
2025-09-24 13:00:00+03:00,2025-09-24 16:00:00+03:00,t+3,33,High,31.6,1.4,0.38,Typical,Increase operational monitoring and review operational readiness for the upcoming period.
2025-09-24 14:00:00+03:00,2025-09-24 15:00:00+03:00,t+1,34,High,34.4,-0.1,-0.03,Typical,Increase operational monitoring and review operational readiness for the upcoming period.
2025-09-24 14:00:00+03:00,2025-09-24 16:00:00+03:00,t+2,33,High,31.6,1.5,0.41,Typical,Increase operational monitoring and review operational readiness for the upcoming period.
2025-09-24 14:00:00+03:00,2025-09-24 17:00:00+03:00,t+3,34,High,34.2,0.1,0.01,Typical,Increase operational monitoring and review operational readiness for the upcoming period.
2025-09-24 15:00:00+03:00,2025-09-24 16:00:00+03:00,t+1,33,High,31.6,1.8,0.47,Typical,Increase operational monitoring and review operational readiness for the upcoming period.
2025-09-24 15:00:00+03:00,2025-09-24 17:00:00+03:00,t+2,34,High,34.2,0.0,0.01,Typical,Increase operational monitoring and review operational readiness for the upcoming period.
2025-09-24 15:00:00+03:00,2025-09-24 18:00:00+03:00,t+3,37,Extreme,37.8,-1.2,-0.24,Typical,Prioritize operational coordination and maintain close monitoring during the upcoming peak period.
2025-09-24 16:00:00+03:00,2025-09-24 17:00:00+03:00,t+1,34,High,34.2,0.1,0.01,Typical,Increase operational monitoring and review operational readiness for the upcoming period.
2025-09-24 16:00:00+03:00,2025-09-24 18:00:00+03:00,t+2,36,Extreme,37.8,-1.5,-0.31,Typical,Prioritize operational coordination and maintain close monitoring during the upcoming peak period.
2025-09-24 16:00:00+03:00,2025-09-24 19:00:00+03:00,t+3,38,Extreme,34.8,3.7,0.73,Typical,Prioritize operational coordination and maintain close monitoring during the upcoming peak period.
2025-09-24 17:00:00+03:00,2025-09-24 18:00:00+03:00,t+1,36,Extreme,37.8,-1.5,-0.3,Typical,Prioritize operational coordination and maintain close monitoring during the upcoming peak period.
2025-09-24 17:00:00+03:00,2025-09-24 19:00:00+03:00,t+2,38,Extreme,34.8,3.4,0.67,Typical,Prioritize operational coordination and maintain close monitoring during the upcoming peak period.
2025-09-24 17:00:00+03:00,2025-09-24 20:00:00+03:00,t+3,36,Extreme,34.8,1.4,0.32,Typical,Prioritize operational coordination and maintain close monitoring during the upcoming peak period.
2025-09-24 18:00:00+03:00,2025-09-24 19:00:00+03:00,t+1,38,Extreme,34.8,3.4,0.69,Typical,Prioritize operational coordination and maintain close monitoring during the upcoming peak period.
2025-09-24 18:00:00+03:00,2025-09-24 20:00:00+03:00,t+2,36,Extreme,34.8,1.3,0.28,Typical,Prioritize operational coordination and maintain close monitoring during the upcoming peak period.
2025-09-24 18:00:00+03:00,2025-09-24 21:00:00+03:00,t+3,35,Extreme,34.6,0.6,0.15,Typical,Prioritize operational coordination and maintain close monitoring during the upcoming peak period.
2025-09-24 19:00:00+03:00,2025-09-24 20:00:00+03:00,t+1,36,Extreme,34.8,1.3,0.28,Typical,Prioritize operational coordination and maintain close monitoring during the upcoming peak period.
2025-09-24 19:00:00+03:00,2025-09-24 21:00:00+03:00,t+2,35,Extreme,34.6,0.5,0.11,Typical,Prioritize operational coordination and maintain close monitoring during the upcoming peak period.
2025-09-24 19:00:00+03:00,2025-09-24 22:00:00+03:00,t+3,38,Extreme,35.8,2.4,0.37,Typical,Prioritize operational coordination and maintain close monitoring during the upcoming peak period.
2025-09-24 20:00:00+03:00,2025-09-24 21:00:00+03:00,t+1,35,Extreme,34.6,0.5,0.12,Typical,Prioritize operational coordination and maintain close monitoring during the upcoming peak period.
2025-09-24 20:00:00+03:00,2025-09-24 22:00:00+03:00,t+2,38,Extreme,35.8,2.3,0.35,Typical,Prioritize operational coordination and maintain close monitoring during the upcoming peak period.
2025-09-24 20:00:00+03:00,2025-09-24 23:00:00+03:00,t+3,42,Extreme,38.8,3.3,0.56,Typical,Prioritize operational coordination and maintain close monitoring during the upcoming peak period.
2025-09-24 21:00:00+03:00,2025-09-24 22:00:00+03:00,t+1,38,Extreme,35.8,2.4,0.37,Typical,Prioritize operational coordination and maintain close monitoring during the upcoming peak period.
2025-09-24 21:00:00+03:00,2025-09-24 23:00:00+03:00,t+2,42,Extreme,38.8,3.3,0.55,Typical,Prioritize operational coordination and maintain close monitoring during the upcoming peak period.
2025-09-24 21:00:00+03:00,2025-09-25 00:00:00+03:00,t+3,10,Normal,27.1,-17.0,-2.4,Below typical,Maintain standard operational monitoring.
2025-09-24 22:00:00+03:00,2025-09-24 23:00:00+03:00,t+1,43,Extreme,38.8,4.0,0.68,Typical,Prioritize operational coordination and maintain close monitoring during the upcoming peak period.
2025-09-24 22:00:00+03:00,2025-09-25 00:00:00+03:00,t+2,11,Normal,27.1,-16.4,-2.33,Below typical,Maintain standard operational monitoring.
2025-09-24 22:00:00+03:00,2025-09-25 01:00:00+03:00,t+3,14,Normal,23.4,-8.9,-2.09,Below typical,Maintain standard operational monitoring.
2025-09-24 23:00:00+03:00,2025-09-25 00:00:00+03:00,t+1,12,Normal,27.1,-15.5,-2.19,Below typical,Maintain standard operational monitoring.
2025-09-24 23:00:00+03:00,2025-09-25 01:00:00+03:00,t+2,15,Normal,23.4,-8.2,-1.92,Below typical,Maintain standard operational monitoring.
2025-09-24 23:00:00+03:00,2025-09-25 02:00:00+03:00,t+3,24,High,25.6,-2.0,-1.05,Below typical,Increase operational monitoring and review operational readiness for the upcoming period.
2025-09-25 00:00:00+03:00,2025-09-25 01:00:00+03:00,t+1,15,Normal,23.4,-8.7,-2.04,Below typical,Maintain standard operational monitoring.
2025-09-25 00:00:00+03:00,2025-09-25 02:00:00+03:00,t+2,23,High,25.6,-2.4,-1.26,Below typical,Increase operational monitoring and review operational readiness for the upcoming period.
2025-09-25 00:00:00+03:00,2025-09-25 03:00:00+03:00,t+3,18,Normal,18.5,-0.5,-0.22,Typical,Maintain standard operational monitoring.
2025-09-25 01:00:00+03:00,2025-09-25 02:00:00+03:00,t+1,23,High,25.6,-2.5,-1.32,Below typical,Increase operational monitoring and review operational readiness for the upcoming period.
2025-09-25 01:00:00+03:00,2025-09-25 03:00:00+03:00,t+2,18,Normal,18.5,-0.6,-0.29,Typical,Maintain standard operational monitoring.
2025-09-25 01:00:00+03:00,2025-09-25 04:00:00+03:00,t+3,20,Normal,19.9,0.1,0.04,Typical,Maintain standard operational monitoring.
2025-09-25 02:00:00+03:00,2025-09-25 03:00:00+03:00,t+1,18,Normal,18.5,-0.4,-0.19,Typical,Maintain standard operational monitoring.
2025-09-25 02:00:00+03:00,2025-09-25 04:00:00+03:00,t+2,20,Normal,19.9,0.1,0.04,Typical,Maintain standard operational monitoring.
2025-09-25 02:00:00+03:00,2025-09-25 05:00:00+03:00,t+3,22,High,22.4,-0.3,-0.13,Typical,Increase operational monitoring and review operational readiness for the upcoming period.
2025-09-25 03:00:00+03:00,2025-09-25 04:00:00+03:00,t+1,20,Normal,19.9,0.3,0.14,Typical,Maintain standard operational monitoring.
2025-09-25 03:00:00+03:00,2025-09-25 05:00:00+03:00,t+2,22,High,22.4,-0.3,-0.14,Typical,Increase operational monitoring and review operational readiness for the upcoming period.
2025-09-25 03:00:00+03:00,2025-09-25 06:00:00+03:00,t+3,28,High,27.4,0.8,0.5,Typical,Increase operational monitoring and review operational readiness for the upcoming period.
2025-09-25 04:00:00+03:00,2025-09-25 05:00:00+03:00,t+1,22,High,22.4,0.0,0.0,Typical,Increase operational monitoring and review operational readiness for the upcoming period.
2025-09-25 04:00:00+03:00,2025-09-25 06:00:00+03:00,t+2,28,High,27.4,0.9,0.52,Typical,Increase operational monitoring and review operational readiness for the upcoming period.
2025-09-25 04:00:00+03:00,2025-09-25 07:00:00+03:00,t+3,23,High,28.2,-4.8,-2.79,Below typical,Increase operational monitoring and review operational readiness for the upcoming period.
2025-09-25 05:00:00+03:00,2025-09-25 06:00:00+03:00,t+1,29,High,27.4,1.3,0.81,Typical,Increase operational monitoring and review operational readiness for the upcoming period.
2025-09-25 05:00:00+03:00,2025-09-25 07:00:00+03:00,t+2,24,High,28.2,-4.7,-2.69,Below typical,Increase operational monitoring and review operational readiness for the upcoming period.
2025-09-25 05:00:00+03:00,2025-09-25 08:00:00+03:00,t+3,26,High,27.4,-1.8,-1.68,Below typical,Increase operational monitoring and review operational readiness for the upcoming period.
2025-09-25 06:00:00+03:00,2025-09-25 07:00:00+03:00,t+1,24,High,28.2,-4.3,-2.47,Below typical,Increase operational monitoring and review operational readiness for the upcoming period.
2025-09-25 06:00:00+03:00,2025-09-25 08:00:00+03:00,t+2,26,High,27.4,-1.6,-1.5,Below typical,Increase operational monitoring and review operational readiness for the upcoming period.
2025-09-25 06:00:00+03:00,2025-09-25 09:00:00+03:00,t+3,33,High,32.3,0.5,0.2,Typical,Increase operational monitoring and review operational readiness for the upcoming period.
2025-09-25 07:00:00+03:00,2025-09-25 08:00:00+03:00,t+1,26,High,27.4,-1.7,-1.56,Below typical,Increase operational monitoring and review operational readiness for the upcoming period.
2025-09-25 07:00:00+03:00,2025-09-25 09:00:00+03:00,t+2,33,High,32.3,0.3,0.11,Typical,Increase operational monitoring and review operational readiness for the upcoming period.
2025-09-25 07:00:00+03:00,2025-09-25 10:00:00+03:00,t+3,39,Extreme,32.0,6.6,3.64,Above typical,Prioritize cross-team coordination and closely monitor passenger-processing and ground-operation readiness.
2025-09-25 08:00:00+03:00,2025-09-25 09:00:00+03:00,t+1,32,High,32.3,-0.1,-0.04,Typical,Increase operational monitoring and review operational readiness for the upcoming period.
2025-09-25 08:00:00+03:00,2025-09-25 10:00:00+03:00,t+2,38,Extreme,32.0,6.2,3.43,Above typical,Prioritize cross-team coordination and closely monitor passenger-processing and ground-operation readiness.
2025-09-25 08:00:00+03:00,2025-09-25 11:00:00+03:00,t+3,33,High,32.2,1.0,0.57,Typical,Increase operational monitoring and review operational readiness for the upcoming period.
2025-09-25 09:00:00+03:00,2025-09-25 10:00:00+03:00,t+1,38,Extreme,32.0,5.9,3.28,Above typical,Prioritize cross-team coordination and closely monitor passenger-processing and ground-operation readiness.
2025-09-25 09:00:00+03:00,2025-09-25 11:00:00+03:00,t+2,33,High,32.2,0.8,0.47,Typical,Increase operational monitoring and review operational readiness for the upcoming period.
2025-09-25 09:00:00+03:00,2025-09-25 12:00:00+03:00,t+3,24,High,26.6,-2.6,-2.12,Below typical,Increase operational monitoring and review operational readiness for the upcoming period.
2025-09-25 10:00:00+03:00,2025-09-25 11:00:00+03:00,t+1,33,High,32.2,0.9,0.51,Typical,Increase operational monitoring and review operational readiness for the upcoming period.
2025-09-25 10:00:00+03:00,2025-09-25 12:00:00+03:00,t+2,24,High,26.6,-2.5,-2.02,Below typical,Increase operational monitoring and review operational readiness for the upcoming period.
2025-09-25 10:00:00+03:00,2025-09-25 13:00:00+03:00,t+3,33,High,31.0,2.2,1.29,Above typical,Increase operational monitoring and review readiness across passenger-processing and ground-operation areas.
2025-09-25 11:00:00+03:00,2025-09-25 12:00:00+03:00,t+1,24,High,26.6,-2.4,-1.94,Below typical,Increase operational monitoring and review operational readiness for the upcoming period.
2025-09-25 11:00:00+03:00,2025-09-25 13:00:00+03:00,t+2,33,High,31.0,2.3,1.36,Above typical,Increase operational monitoring and review readiness across passenger-processing and ground-operation areas.
2025-09-25 11:00:00+03:00,2025-09-25 14:00:00+03:00,t+3,33,High,33.7,-0.4,-0.19,Typical,Increase operational monitoring and review operational readiness for the upcoming period.
2025-09-25 12:00:00+03:00,2025-09-25 13:00:00+03:00,t+1,33,High,31.0,2.0,1.18,Above typical,Increase operational monitoring and review readiness across passenger-processing and ground-operation areas.
2025-09-25 12:00:00+03:00,2025-09-25 14:00:00+03:00,t+2,33,High,33.7,-0.6,-0.29,Typical,Increase operational monitoring and review operational readiness for the upcoming period.
2025-09-25 12:00:00+03:00,2025-09-25 15:00:00+03:00,t+3,37,Extreme,40.4,-3.3,-1.49,Below typical,Prioritize operational coordination and maintain close monitoring during the upcoming peak period.
2025-09-25 13:00:00+03:00,2025-09-25 14:00:00+03:00,t+1,33,High,33.7,-0.8,-0.37,Typical,Increase operational monitoring and review operational readiness for the upcoming period.
2025-09-25 13:00:00+03:00,2025-09-25 15:00:00+03:00,t+2,37,Extreme,40.4,-3.4,-1.53,Below typical,Prioritize operational coordination and maintain close monitoring during the upcoming peak period.
2025-09-25 13:00:00+03:00,2025-09-25 16:00:00+03:00,t+3,36,Extreme,34.4,1.6,0.37,Typical,Prioritize operational coordination and maintain close monitoring during the upcoming peak period.
2025-09-25 14:00:00+03:00,2025-09-25 15:00:00+03:00,t+1,37,Extreme,40.4,-3.3,-1.48,Below typical,Prioritize operational coordination and maintain close monitoring during the upcoming peak period.
2025-09-25 14:00:00+03:00,2025-09-25 16:00:00+03:00,t+2,36,Extreme,34.4,1.8,0.41,Typical,Prioritize operational coordination and maintain close monitoring during the upcoming peak period.
2025-09-25 14:00:00+03:00,2025-09-25 17:00:00+03:00,t+3,38,Extreme,37.2,1.0,0.46,Typical,Prioritize operational coordination and maintain close monitoring during the upcoming peak period.
2025-09-25 15:00:00+03:00,2025-09-25 16:00:00+03:00,t+1,36,Extreme,34.4,1.8,0.41,Typical,Prioritize operational coordination and maintain close monitoring during the upcoming peak period.
2025-09-25 15:00:00+03:00,2025-09-25 17:00:00+03:00,t+2,38,Extreme,37.2,1.0,0.5,Typical,Prioritize operational coordination and maintain close monitoring during the upcoming peak period.
2025-09-25 15:00:00+03:00,2025-09-25 18:00:00+03:00,t+3,42,Extreme,41.0,1.1,0.44,Typical,Prioritize operational coordination and maintain close monitoring during the upcoming peak period.
2025-09-25 16:00:00+03:00,2025-09-25 17:00:00+03:00,t+1,38,Extreme,37.2,1.1,0.5,Typical,Prioritize operational coordination and maintain close monitoring during the upcoming peak period.
2025-09-25 16:00:00+03:00,2025-09-25 18:00:00+03:00,t+2,42,Extreme,41.0,1.1,0.45,Typical,Prioritize operational coordination and maintain close monitoring during the upcoming peak period.
2025-09-25 16:00:00+03:00,2025-09-25 19:00:00+03:00,t+3,40,Extreme,37.2,2.9,1.37,Above typical,Prioritize cross-team coordination and closely monitor passenger-processing and ground-operation readiness.
2025-09-25 17:00:00+03:00,2025-09-25 18:00:00+03:00,t+1,42,Extreme,41.0,1.1,0.45,Typical,Prioritize operational coordination and maintain close monitoring during the upcoming peak period.
2025-09-25 17:00:00+03:00,2025-09-25 19:00:00+03:00,t+2,40,Extreme,37.2,2.9,1.36,Above typical,Prioritize cross-team coordination and closely monitor passenger-processing and ground-operation readiness.
2025-09-25 17:00:00+03:00,2025-09-25 20:00:00+03:00,t+3,37,Extreme,37.8,-0.6,-0.49,Typical,Prioritize operational coordination and maintain close monitoring during the upcoming peak period.
2025-09-25 18:00:00+03:00,2025-09-25 19:00:00+03:00,t+1,40,Extreme,37.2,2.9,1.37,Above typical,Prioritize cross-team coordination and closely monitor passenger-processing and ground-operation readiness.
2025-09-25 18:00:00+03:00,2025-09-25 20:00:00+03:00,t+2,37,Extreme,37.8,-0.7,-0.51,Typical,Prioritize operational coordination and maintain close monitoring during the upcoming peak period.
2025-09-25 18:00:00+03:00,2025-09-25 21:00:00+03:00,t+3,41,Extreme,37.8,3.4,1.55,Above typical,Prioritize cross-team coordination and closely monitor passenger-processing and ground-operation readiness.
2025-09-25 19:00:00+03:00,2025-09-25 20:00:00+03:00,t+1,37,Extreme,37.8,-0.6,-0.48,Typical,Prioritize operational coordination and maintain close monitoring during the upcoming peak period.
2025-09-25 19:00:00+03:00,2025-09-25 21:00:00+03:00,t+2,41,Extreme,37.8,3.4,1.53,Above typical,Prioritize cross-team coordination and closely monitor passenger-processing and ground-operation readiness.
2025-09-25 19:00:00+03:00,2025-09-25 22:00:00+03:00,t+3,39,Extreme,35.1,4.0,3.32,Above typical,Prioritize cross-team coordination and closely monitor passenger-processing and ground-operation readiness.
2025-09-25 20:00:00+03:00,2025-09-25 21:00:00+03:00,t+1,41,Extreme,37.8,3.4,1.53,Above typical,Prioritize cross-team coordination and closely monitor passenger-processing and ground-operation readiness.
2025-09-25 20:00:00+03:00,2025-09-25 22:00:00+03:00,t+2,39,Extreme,35.1,3.9,3.19,Above typical,Prioritize cross-team coordination and closely monitor passenger-processing and ground-operation readiness.
2025-09-25 20:00:00+03:00,2025-09-25 23:00:00+03:00,t+3,35,Extreme,33.0,2.0,1.16,Above typical,Prioritize cross-team coordination and closely monitor passenger-processing and ground-operation readiness.
2025-09-25 21:00:00+03:00,2025-09-25 22:00:00+03:00,t+1,39,Extreme,35.1,3.7,3.08,Above typical,Prioritize cross-team coordination and closely monitor passenger-processing and ground-operation readiness.
2025-09-25 21:00:00+03:00,2025-09-25 23:00:00+03:00,t+2,35,Extreme,33.0,1.7,0.96,Typical,Prioritize operational coordination and maintain close monitoring during the upcoming peak period.
2025-09-25 21:00:00+03:00,2025-09-26 00:00:00+03:00,t+3,34,High,28.6,5.1,0.83,Typical,Increase operational monitoring and review operational readiness for the upcoming period.
2025-09-25 22:00:00+03:00,2025-09-25 23:00:00+03:00,t+1,34,High,33.0,1.5,0.87,Typical,Increase operational monitoring and review operational readiness for the upcoming period.
2025-09-25 22:00:00+03:00,2025-09-26 00:00:00+03:00,t+2,33,High,28.6,4.7,0.76,Typical,Increase operational monitoring and review operational readiness for the upcoming period.
2025-09-25 22:00:00+03:00,2025-09-26 01:00:00+03:00,t+3,23,High,21.5,2.0,0.37,Typical,Increase operational monitoring and review operational readiness for the upcoming period.
2025-09-25 23:00:00+03:00,2025-09-26 00:00:00+03:00,t+1,33,High,28.6,4.6,0.74,Typical,Increase operational monitoring and review operational readiness for the upcoming period.
2025-09-25 23:00:00+03:00,2025-09-26 01:00:00+03:00,t+2,23,High,21.5,1.5,0.29,Typical,Increase operational monitoring and review operational readiness for the upcoming period.
2025-09-25 23:00:00+03:00,2025-09-26 02:00:00+03:00,t+3,24,High,21.2,3.1,0.81,Typical,Increase operational monitoring and review operational readiness for the upcoming period.
2025-09-26 00:00:00+03:00,2025-09-26 01:00:00+03:00,t+1,24,High,21.5,2.0,0.38,Typical,Increase operational monitoring and review operational readiness for the upcoming period.
2025-09-26 00:00:00+03:00,2025-09-26 02:00:00+03:00,t+2,24,High,21.2,3.2,0.83,Typical,Increase operational monitoring and review operational readiness for the upcoming period.
2025-09-26 00:00:00+03:00,2025-09-26 03:00:00+03:00,t+3,15,Normal,15.8,-0.3,-0.08,Typical,Maintain standard operational monitoring.
2025-09-26 01:00:00+03:00,2025-09-26 02:00:00+03:00,t+1,25,High,21.2,3.5,0.92,Typical,Increase operational monitoring and review operational readiness for the upcoming period.
2025-09-26 01:00:00+03:00,2025-09-26 03:00:00+03:00,t+2,15,Normal,15.8,-0.3,-0.08,Typical,Maintain standard operational monitoring.
2025-09-26 01:00:00+03:00,2025-09-26 04:00:00+03:00,t+3,17,Normal,15.6,1.0,0.38,Typical,Maintain standard operational monitoring.
2025-09-26 02:00:00+03:00,2025-09-26 03:00:00+03:00,t+1,16,Normal,15.8,0.1,0.03,Typical,Maintain standard operational monitoring.
2025-09-26 02:00:00+03:00,2025-09-26 04:00:00+03:00,t+2,17,Normal,15.6,1.2,0.46,Typical,Maintain standard operational monitoring.
2025-09-26 02:00:00+03:00,2025-09-26 05:00:00+03:00,t+3,22,High,20.7,1.1,0.32,Typical,Increase operational monitoring and review operational readiness for the upcoming period.
2025-09-26 03:00:00+03:00,2025-09-26 04:00:00+03:00,t+1,17,Normal,15.6,1.4,0.53,Typical,Maintain standard operational monitoring.
2025-09-26 03:00:00+03:00,2025-09-26 05:00:00+03:00,t+2,22,High,20.7,1.2,0.34,Typical,Increase operational monitoring and review operational readiness for the upcoming period.
2025-09-26 03:00:00+03:00,2025-09-26 06:00:00+03:00,t+3,28,High,27.6,0.3,0.07,Typical,Increase operational monitoring and review operational readiness for the upcoming period.
2025-09-26 04:00:00+03:00,2025-09-26 05:00:00+03:00,t+1,22,High,20.7,1.2,0.36,Typical,Increase operational monitoring and review operational readiness for the upcoming period.
2025-09-26 04:00:00+03:00,2025-09-26 06:00:00+03:00,t+2,28,High,27.6,0.3,0.06,Typical,Increase operational monitoring and review operational readiness for the upcoming period.
2025-09-26 04:00:00+03:00,2025-09-26 07:00:00+03:00,t+3,29,High,28.0,0.7,0.18,Typical,Increase operational monitoring and review operational readiness for the upcoming period.
2025-09-26 05:00:00+03:00,2025-09-26 06:00:00+03:00,t+1,28,High,27.6,0.5,0.11,Typical,Increase operational monitoring and review operational readiness for the upcoming period.
2025-09-26 05:00:00+03:00,2025-09-26 07:00:00+03:00,t+2,29,High,28.0,0.9,0.23,Typical,Increase operational monitoring and review operational readiness for the upcoming period.
2025-09-26 05:00:00+03:00,2025-09-26 08:00:00+03:00,t+3,25,High,27.6,-2.7,-0.83,Typical,Increase operational monitoring and review operational readiness for the upcoming period.
2025-09-26 06:00:00+03:00,2025-09-26 07:00:00+03:00,t+1,29,High,28.0,1.1,0.28,Typical,Increase operational monitoring and review operational readiness for the upcoming period.
2025-09-26 06:00:00+03:00,2025-09-26 08:00:00+03:00,t+2,25,High,27.6,-2.6,-0.79,Typical,Increase operational monitoring and review operational readiness for the upcoming period.
2025-09-26 06:00:00+03:00,2025-09-26 09:00:00+03:00,t+3,37,Extreme,34.6,2.5,0.53,Typical,Prioritize operational coordination and maintain close monitoring during the upcoming peak period.
2025-09-26 07:00:00+03:00,2025-09-26 08:00:00+03:00,t+1,25,High,27.6,-2.5,-0.75,Typical,Increase operational monitoring and review operational readiness for the upcoming period.
2025-09-26 07:00:00+03:00,2025-09-26 09:00:00+03:00,t+2,37,Extreme,34.6,2.5,0.52,Typical,Prioritize operational coordination and maintain close monitoring during the upcoming peak period.
2025-09-26 07:00:00+03:00,2025-09-26 10:00:00+03:00,t+3,32,High,28.7,3.4,0.7,Typical,Increase operational monitoring and review operational readiness for the upcoming period.
2025-09-26 08:00:00+03:00,2025-09-26 09:00:00+03:00,t+1,37,Extreme,34.6,2.5,0.53,Typical,Prioritize operational coordination and maintain close monitoring during the upcoming peak period.
2025-09-26 08:00:00+03:00,2025-09-26 10:00:00+03:00,t+2,32,High,28.7,3.3,0.67,Typical,Increase operational monitoring and review operational readiness for the upcoming period.
2025-09-26 08:00:00+03:00,2025-09-26 11:00:00+03:00,t+3,32,High,32.0,0.0,0.01,Typical,Increase operational monitoring and review operational readiness for the upcoming period.
2025-09-26 09:00:00+03:00,2025-09-26 10:00:00+03:00,t+1,32,High,28.7,3.4,0.69,Typical,Increase operational monitoring and review operational readiness for the upcoming period.
2025-09-26 09:00:00+03:00,2025-09-26 11:00:00+03:00,t+2,32,High,32.0,0.0,0.01,Typical,Increase operational monitoring and review operational readiness for the upcoming period.
2025-09-26 09:00:00+03:00,2025-09-26 12:00:00+03:00,t+3,29,High,27.5,1.6,1.34,Above typical,Increase operational monitoring and review readiness across passenger-processing and ground-operation areas.
2025-09-26 10:00:00+03:00,2025-09-26 11:00:00+03:00,t+1,32,High,32.0,0.2,0.05,Typical,Increase operational monitoring and review operational readiness for the upcoming period.
2025-09-26 10:00:00+03:00,2025-09-26 12:00:00+03:00,t+2,29,High,27.5,1.7,1.43,Above typical,Increase operational monitoring and review readiness across passenger-processing and ground-operation areas.
2025-09-26 10:00:00+03:00,2025-09-26 13:00:00+03:00,t+3,29,High,28.3,0.9,0.47,Typical,Increase operational monitoring and review operational readiness for the upcoming period.
2025-09-26 11:00:00+03:00,2025-09-26 12:00:00+03:00,t+1,29,High,27.5,1.8,1.51,Above typical,Increase operational monitoring and review readiness across passenger-processing and ground-operation areas.
2025-09-26 11:00:00+03:00,2025-09-26 13:00:00+03:00,t+2,29,High,28.3,1.0,0.51,Typical,Increase operational monitoring and review operational readiness for the upcoming period.
2025-09-26 11:00:00+03:00,2025-09-26 14:00:00+03:00,t+3,33,High,28.8,4.5,1.98,Above typical,Increase operational monitoring and review readiness across passenger-processing and ground-operation areas.
2025-09-26 12:00:00+03:00,2025-09-26 13:00:00+03:00,t+1,29,High,28.3,1.0,0.51,Typical,Increase operational monitoring and review operational readiness for the upcoming period.
2025-09-26 12:00:00+03:00,2025-09-26 14:00:00+03:00,t+2,33,High,28.8,4.6,2.0,Above typical,Increase operational monitoring and review readiness across passenger-processing and ground-operation areas.
2025-09-26 12:00:00+03:00,2025-09-26 15:00:00+03:00,t+3,30,High,32.6,-2.2,-0.86,Typical,Increase operational monitoring and review operational readiness for the upcoming period.
2025-09-26 13:00:00+03:00,2025-09-26 14:00:00+03:00,t+1,33,High,28.8,4.5,1.96,Above typical,Increase operational monitoring and review readiness across passenger-processing and ground-operation areas.
2025-09-26 13:00:00+03:00,2025-09-26 15:00:00+03:00,t+2,30,High,32.6,-2.4,-0.9,Typical,Increase operational monitoring and review operational readiness for the upcoming period.
2025-09-26 13:00:00+03:00,2025-09-26 16:00:00+03:00,t+3,37,Extreme,35.8,1.5,0.51,Typical,Prioritize operational coordination and maintain close monitoring during the upcoming peak period.
2025-09-26 14:00:00+03:00,2025-09-26 15:00:00+03:00,t+1,30,High,32.6,-2.3,-0.9,Typical,Increase operational monitoring and review operational readiness for the upcoming period.
2025-09-26 14:00:00+03:00,2025-09-26 16:00:00+03:00,t+2,37,Extreme,35.8,1.5,0.54,Typical,Prioritize operational coordination and maintain close monitoring during the upcoming peak period.
2025-09-26 14:00:00+03:00,2025-09-26 17:00:00+03:00,t+3,34,High,34.6,-0.3,-0.21,Typical,Increase operational monitoring and review operational readiness for the upcoming period.
2025-09-26 15:00:00+03:00,2025-09-26 16:00:00+03:00,t+1,37,Extreme,35.8,1.3,0.46,Typical,Prioritize operational coordination and maintain close monitoring during the upcoming peak period.
2025-09-26 15:00:00+03:00,2025-09-26 17:00:00+03:00,t+2,34,High,34.6,-0.5,-0.29,Typical,Increase operational monitoring and review operational readiness for the upcoming period.
2025-09-26 15:00:00+03:00,2025-09-26 18:00:00+03:00,t+3,41,Extreme,41.2,-0.2,-0.09,Typical,Prioritize operational coordination and maintain close monitoring during the upcoming peak period.
2025-09-26 16:00:00+03:00,2025-09-26 17:00:00+03:00,t+1,34,High,34.6,-0.4,-0.26,Typical,Increase operational monitoring and review operational readiness for the upcoming period.
2025-09-26 16:00:00+03:00,2025-09-26 18:00:00+03:00,t+2,41,Extreme,41.2,-0.1,-0.05,Typical,Prioritize operational coordination and maintain close monitoring during the upcoming peak period.
2025-09-26 16:00:00+03:00,2025-09-26 19:00:00+03:00,t+3,39,Extreme,36.8,2.3,0.97,Typical,Prioritize operational coordination and maintain close monitoring during the upcoming peak period.
2025-09-26 17:00:00+03:00,2025-09-26 18:00:00+03:00,t+1,41,Extreme,41.2,-0.1,-0.03,Typical,Prioritize operational coordination and maintain close monitoring during the upcoming peak period.
2025-09-26 17:00:00+03:00,2025-09-26 19:00:00+03:00,t+2,39,Extreme,36.8,2.3,0.97,Typical,Prioritize operational coordination and maintain close monitoring during the upcoming peak period.
2025-09-26 17:00:00+03:00,2025-09-26 20:00:00+03:00,t+3,38,Extreme,38.0,0.1,0.05,Typical,Prioritize operational coordination and maintain close monitoring during the upcoming peak period.
2025-09-26 18:00:00+03:00,2025-09-26 19:00:00+03:00,t+1,39,Extreme,36.8,2.4,1.0,Above typical,Prioritize cross-team coordination and closely monitor passenger-processing and ground-operation readiness.
2025-09-26 18:00:00+03:00,2025-09-26 20:00:00+03:00,t+2,38,Extreme,38.0,0.2,0.06,Typical,Prioritize operational coordination and maintain close monitoring during the upcoming peak period.
2025-09-26 18:00:00+03:00,2025-09-26 21:00:00+03:00,t+3,34,High,34.3,-0.1,-0.09,Typical,Increase operational monitoring and review operational readiness for the upcoming period.
2025-09-26 19:00:00+03:00,2025-09-26 20:00:00+03:00,t+1,38,Extreme,38.0,0.2,0.06,Typical,Prioritize operational coordination and maintain close monitoring during the upcoming peak period.
2025-09-26 19:00:00+03:00,2025-09-26 21:00:00+03:00,t+2,34,High,34.3,-0.1,-0.1,Typical,Increase operational monitoring and review operational readiness for the upcoming period.
2025-09-26 19:00:00+03:00,2025-09-26 22:00:00+03:00,t+3,36,Extreme,34.7,1.6,0.92,Typical,Prioritize operational coordination and maintain close monitoring during the upcoming peak period.
2025-09-26 20:00:00+03:00,2025-09-26 21:00:00+03:00,t+1,34,High,34.3,-0.2,-0.12,Typical,Increase operational monitoring and review operational readiness for the upcoming period.
2025-09-26 20:00:00+03:00,2025-09-26 22:00:00+03:00,t+2,36,Extreme,34.7,1.4,0.85,Typical,Prioritize operational coordination and maintain close monitoring during the upcoming peak period.
2025-09-26 20:00:00+03:00,2025-09-26 23:00:00+03:00,t+3,38,Extreme,38.2,0.1,0.03,Typical,Prioritize operational coordination and maintain close monitoring during the upcoming peak period.
2025-09-26 21:00:00+03:00,2025-09-26 22:00:00+03:00,t+1,36,Extreme,34.7,1.4,0.85,Typical,Prioritize operational coordination and maintain close monitoring during the upcoming peak period.
2025-09-26 21:00:00+03:00,2025-09-26 23:00:00+03:00,t+2,38,Extreme,38.2,-0.2,-0.09,Typical,Prioritize operational coordination and maintain close monitoring during the upcoming peak period.
2025-09-26 21:00:00+03:00,2025-09-27 00:00:00+03:00,t+3,29,High,26.5,2.6,0.58,Typical,Increase operational monitoring and review operational readiness for the upcoming period.
2025-09-26 22:00:00+03:00,2025-09-26 23:00:00+03:00,t+1,38,Extreme,38.2,-0.2,-0.08,Typical,Prioritize operational coordination and maintain close monitoring during the upcoming peak period.
2025-09-26 22:00:00+03:00,2025-09-27 00:00:00+03:00,t+2,29,High,26.5,2.2,0.48,Typical,Increase operational monitoring and review operational readiness for the upcoming period.
2025-09-26 22:00:00+03:00,2025-09-27 01:00:00+03:00,t+3,24,High,24.1,-0.4,-0.08,Typical,Increase operational monitoring and review operational readiness for the upcoming period.
2025-09-26 23:00:00+03:00,2025-09-27 00:00:00+03:00,t+1,29,High,26.5,2.4,0.54,Typical,Increase operational monitoring and review operational readiness for the upcoming period.
2025-09-26 23:00:00+03:00,2025-09-27 01:00:00+03:00,t+2,24,High,24.1,-0.4,-0.1,Typical,Increase operational monitoring and review operational readiness for the upcoming period.
2025-09-26 23:00:00+03:00,2025-09-27 02:00:00+03:00,t+3,27,High,25.3,1.5,0.46,Typical,Increase operational monitoring and review operational readiness for the upcoming period.
2025-09-27 00:00:00+03:00,2025-09-27 01:00:00+03:00,t+1,24,High,24.1,-0.1,-0.03,Typical,Increase operational monitoring and review operational readiness for the upcoming period.
2025-09-27 00:00:00+03:00,2025-09-27 02:00:00+03:00,t+2,27,High,25.3,1.4,0.42,Typical,Increase operational monitoring and review operational readiness for the upcoming period.
2025-09-27 00:00:00+03:00,2025-09-27 03:00:00+03:00,t+3,14,Normal,16.3,-2.4,-0.55,Typical,Maintain standard operational monitoring.
2025-09-27 01:00:00+03:00,2025-09-27 02:00:00+03:00,t+1,27,High,25.3,1.7,0.51,Typical,Increase operational monitoring and review operational readiness for the upcoming period.
2025-09-27 01:00:00+03:00,2025-09-27 03:00:00+03:00,t+2,14,Normal,16.3,-2.5,-0.59,Typical,Maintain standard operational monitoring.
2025-09-27 01:00:00+03:00,2025-09-27 04:00:00+03:00,t+3,23,High,19.6,3.4,0.97,Typical,Increase operational monitoring and review operational readiness for the upcoming period.
2025-09-27 02:00:00+03:00,2025-09-27 03:00:00+03:00,t+1,14,Normal,16.3,-2.2,-0.5,Typical,Maintain standard operational monitoring.
2025-09-27 02:00:00+03:00,2025-09-27 04:00:00+03:00,t+2,23,High,19.6,3.5,0.99,Typical,Increase operational monitoring and review operational readiness for the upcoming period.
2025-09-27 02:00:00+03:00,2025-09-27 05:00:00+03:00,t+3,23,High,24.9,-1.8,-0.44,Typical,Increase operational monitoring and review operational readiness for the upcoming period.
2025-09-27 03:00:00+03:00,2025-09-27 04:00:00+03:00,t+1,23,High,19.6,3.6,1.02,Above typical,Increase operational monitoring and review readiness across passenger-processing and ground-operation areas.
2025-09-27 03:00:00+03:00,2025-09-27 05:00:00+03:00,t+2,23,High,24.9,-1.8,-0.45,Typical,Increase operational monitoring and review operational readiness for the upcoming period.
2025-09-27 03:00:00+03:00,2025-09-27 06:00:00+03:00,t+3,30,High,27.2,2.9,0.78,Typical,Increase operational monitoring and review operational readiness for the upcoming period.
2025-09-27 04:00:00+03:00,2025-09-27 05:00:00+03:00,t+1,23,High,24.9,-1.7,-0.41,Typical,Increase operational monitoring and review operational readiness for the upcoming period.
2025-09-27 04:00:00+03:00,2025-09-27 06:00:00+03:00,t+2,30,High,27.2,2.9,0.78,Typical,Increase operational monitoring and review operational readiness for the upcoming period.
2025-09-27 04:00:00+03:00,2025-09-27 07:00:00+03:00,t+3,26,High,26.3,-0.2,-0.08,Typical,Increase operational monitoring and review operational readiness for the upcoming period.
2025-09-27 05:00:00+03:00,2025-09-27 06:00:00+03:00,t+1,30,High,27.2,3.0,0.83,Typical,Increase operational monitoring and review operational readiness for the upcoming period.
2025-09-27 05:00:00+03:00,2025-09-27 07:00:00+03:00,t+2,26,High,26.3,-0.1,-0.05,Typical,Increase operational monitoring and review operational readiness for the upcoming period.
2025-09-27 05:00:00+03:00,2025-09-27 08:00:00+03:00,t+3,26,High,24.3,1.8,0.5,Typical,Increase operational monitoring and review operational readiness for the upcoming period.
2025-09-27 06:00:00+03:00,2025-09-27 07:00:00+03:00,t+1,26,High,26.3,0.0,0.01,Typical,Increase operational monitoring and review operational readiness for the upcoming period.
2025-09-27 06:00:00+03:00,2025-09-27 08:00:00+03:00,t+2,26,High,24.3,1.9,0.53,Typical,Increase operational monitoring and review operational readiness for the upcoming period.
2025-09-27 06:00:00+03:00,2025-09-27 09:00:00+03:00,t+3,33,High,30.6,2.6,0.56,Typical,Increase operational monitoring and review operational readiness for the upcoming period.
2025-09-27 07:00:00+03:00,2025-09-27 08:00:00+03:00,t+1,26,High,24.3,1.9,0.52,Typical,Increase operational monitoring and review operational readiness for the upcoming period.
2025-09-27 07:00:00+03:00,2025-09-27 09:00:00+03:00,t+2,33,High,30.6,2.5,0.52,Typical,Increase operational monitoring and review operational readiness for the upcoming period.
2025-09-27 07:00:00+03:00,2025-09-27 10:00:00+03:00,t+3,37,Extreme,32.0,5.0,1.23,Above typical,Prioritize cross-team coordination and closely monitor passenger-processing and ground-operation readiness.
2025-09-27 08:00:00+03:00,2025-09-27 09:00:00+03:00,t+1,33,High,30.6,2.4,0.5,Typical,Increase operational monitoring and review operational readiness for the upcoming period.
2025-09-27 08:00:00+03:00,2025-09-27 10:00:00+03:00,t+2,37,Extreme,32.0,4.5,1.12,Above typical,Prioritize cross-team coordination and closely monitor passenger-processing and ground-operation readiness.
2025-09-27 08:00:00+03:00,2025-09-27 11:00:00+03:00,t+3,32,High,30.4,1.8,0.55,Typical,Increase operational monitoring and review operational readiness for the upcoming period.
2025-09-27 09:00:00+03:00,2025-09-27 10:00:00+03:00,t+1,36,Extreme,32.0,3.9,0.96,Typical,Prioritize operational coordination and maintain close monitoring during the upcoming peak period.
2025-09-27 09:00:00+03:00,2025-09-27 11:00:00+03:00,t+2,31,High,30.4,0.8,0.24,Typical,Increase operational monitoring and review operational readiness for the upcoming period.
2025-09-27 09:00:00+03:00,2025-09-27 12:00:00+03:00,t+3,25,High,26.8,-2.3,-0.48,Typical,Increase operational monitoring and review operational readiness for the upcoming period.
2025-09-27 10:00:00+03:00,2025-09-27 11:00:00+03:00,t+1,32,High,30.4,1.6,0.46,Typical,Increase operational monitoring and review operational readiness for the upcoming period.
2025-09-27 10:00:00+03:00,2025-09-27 12:00:00+03:00,t+2,25,High,26.8,-1.3,-0.28,Typical,Increase operational monitoring and review operational readiness for the upcoming period.
2025-09-27 10:00:00+03:00,2025-09-27 13:00:00+03:00,t+3,27,High,27.2,-0.1,-0.02,Typical,Increase operational monitoring and review operational readiness for the upcoming period.
2025-09-27 11:00:00+03:00,2025-09-27 12:00:00+03:00,t+1,26,High,26.8,-0.5,-0.1,Typical,Increase operational monitoring and review operational readiness for the upcoming period.
2025-09-27 11:00:00+03:00,2025-09-27 13:00:00+03:00,t+2,28,High,27.2,1.0,0.19,Typical,Increase operational monitoring and review operational readiness for the upcoming period.
2025-09-27 11:00:00+03:00,2025-09-27 14:00:00+03:00,t+3,34,High,31.0,3.0,0.72,Typical,Increase operational monitoring and review operational readiness for the upcoming period.
2025-09-27 12:00:00+03:00,2025-09-27 13:00:00+03:00,t+1,28,High,27.2,1.2,0.24,Typical,Increase operational monitoring and review operational readiness for the upcoming period.
2025-09-27 12:00:00+03:00,2025-09-27 14:00:00+03:00,t+2,34,High,31.0,3.2,0.75,Typical,Increase operational monitoring and review operational readiness for the upcoming period.
2025-09-27 12:00:00+03:00,2025-09-27 15:00:00+03:00,t+3,35,Extreme,35.7,-0.7,-0.11,Typical,Prioritize operational coordination and maintain close monitoring during the upcoming peak period.
2025-09-27 13:00:00+03:00,2025-09-27 14:00:00+03:00,t+1,34,High,31.0,2.7,0.63,Typical,Increase operational monitoring and review operational readiness for the upcoming period.
2025-09-27 13:00:00+03:00,2025-09-27 15:00:00+03:00,t+2,34,High,35.7,-1.4,-0.2,Typical,Increase operational monitoring and review operational readiness for the upcoming period.
2025-09-27 13:00:00+03:00,2025-09-27 16:00:00+03:00,t+3,33,High,31.3,1.8,0.26,Typical,Increase operational monitoring and review operational readiness for the upcoming period.
2025-09-27 14:00:00+03:00,2025-09-27 15:00:00+03:00,t+1,35,Extreme,35.7,-0.6,-0.08,Typical,Prioritize operational coordination and maintain close monitoring during the upcoming peak period.
2025-09-27 14:00:00+03:00,2025-09-27 16:00:00+03:00,t+2,34,High,31.3,2.6,0.38,Typical,Increase operational monitoring and review operational readiness for the upcoming period.
2025-09-27 14:00:00+03:00,2025-09-27 17:00:00+03:00,t+3,37,Extreme,34.5,2.4,0.51,Typical,Prioritize operational coordination and maintain close monitoring during the upcoming peak period.
2025-09-27 15:00:00+03:00,2025-09-27 16:00:00+03:00,t+1,35,Extreme,31.3,3.3,0.48,Typical,Prioritize operational coordination and maintain close monitoring during the upcoming peak period.
2025-09-27 15:00:00+03:00,2025-09-27 17:00:00+03:00,t+2,38,Extreme,34.5,3.1,0.66,Typical,Prioritize operational coordination and maintain close monitoring during the upcoming peak period.
2025-09-27 15:00:00+03:00,2025-09-27 18:00:00+03:00,t+3,37,Extreme,36.9,0.5,0.08,Typical,Prioritize operational coordination and maintain close monitoring during the upcoming peak period.
2025-09-27 16:00:00+03:00,2025-09-27 17:00:00+03:00,t+1,38,Extreme,34.5,3.4,0.73,Typical,Prioritize operational coordination and maintain close monitoring during the upcoming peak period.
2025-09-27 16:00:00+03:00,2025-09-27 18:00:00+03:00,t+2,38,Extreme,36.9,1.0,0.15,Typical,Prioritize operational coordination and maintain close monitoring during the upcoming peak period.
2025-09-27 16:00:00+03:00,2025-09-27 19:00:00+03:00,t+3,36,Extreme,33.5,2.3,0.44,Typical,Prioritize operational coordination and maintain close monitoring during the upcoming peak period.
2025-09-27 17:00:00+03:00,2025-09-27 18:00:00+03:00,t+1,38,Extreme,36.9,1.1,0.16,Typical,Prioritize operational coordination and maintain close monitoring during the upcoming peak period.
2025-09-27 17:00:00+03:00,2025-09-27 19:00:00+03:00,t+2,36,Extreme,33.5,2.5,0.48,Typical,Prioritize operational coordination and maintain close monitoring during the upcoming peak period.
2025-09-27 17:00:00+03:00,2025-09-27 20:00:00+03:00,t+3,41,Extreme,36.5,4.5,0.79,Typical,Prioritize operational coordination and maintain close monitoring during the upcoming peak period.
2025-09-27 18:00:00+03:00,2025-09-27 19:00:00+03:00,t+1,36,Extreme,33.5,2.5,0.47,Typical,Prioritize operational coordination and maintain close monitoring during the upcoming peak period.
2025-09-27 18:00:00+03:00,2025-09-27 20:00:00+03:00,t+2,41,Extreme,36.5,4.5,0.79,Typical,Prioritize operational coordination and maintain close monitoring during the upcoming peak period.
2025-09-27 18:00:00+03:00,2025-09-27 21:00:00+03:00,t+3,38,Extreme,35.6,2.4,0.37,Typical,Prioritize operational coordination and maintain close monitoring during the upcoming peak period.
2025-09-27 19:00:00+03:00,2025-09-27 20:00:00+03:00,t+1,41,Extreme,36.5,4.4,0.77,Typical,Prioritize operational coordination and maintain close monitoring during the upcoming peak period.
2025-09-27 19:00:00+03:00,2025-09-27 21:00:00+03:00,t+2,38,Extreme,35.6,2.4,0.36,Typical,Prioritize operational coordination and maintain close monitoring during the upcoming peak period.
2025-09-27 19:00:00+03:00,2025-09-27 22:00:00+03:00,t+3,39,Extreme,34.1,4.9,0.96,Typical,Prioritize operational coordination and maintain close monitoring during the upcoming peak period.
2025-09-27 20:00:00+03:00,2025-09-27 21:00:00+03:00,t+1,38,Extreme,35.6,2.3,0.35,Typical,Prioritize operational coordination and maintain close monitoring during the upcoming peak period.
2025-09-27 20:00:00+03:00,2025-09-27 22:00:00+03:00,t+2,39,Extreme,34.1,4.8,0.93,Typical,Prioritize operational coordination and maintain close monitoring during the upcoming peak period.
2025-09-27 20:00:00+03:00,2025-09-27 23:00:00+03:00,t+3,36,Extreme,32.9,3.2,0.61,Typical,Prioritize operational coordination and maintain close monitoring during the upcoming peak period.
2025-09-27 21:00:00+03:00,2025-09-27 22:00:00+03:00,t+1,39,Extreme,34.1,4.7,0.92,Typical,Prioritize operational coordination and maintain close monitoring during the upcoming peak period.
2025-09-27 21:00:00+03:00,2025-09-27 23:00:00+03:00,t+2,36,Extreme,32.9,2.9,0.57,Typical,Prioritize operational coordination and maintain close monitoring during the upcoming peak period.
2025-09-27 21:00:00+03:00,2025-09-28 00:00:00+03:00,t+3,33,High,30.4,2.4,0.46,Typical,Increase operational monitoring and review operational readiness for the upcoming period.
2025-09-27 22:00:00+03:00,2025-09-27 23:00:00+03:00,t+1,36,Extreme,32.9,3.0,0.58,Typical,Prioritize operational coordination and maintain close monitoring during the upcoming peak period.
2025-09-27 22:00:00+03:00,2025-09-28 00:00:00+03:00,t+2,33,High,30.4,2.3,0.44,Typical,Increase operational monitoring and review operational readiness for the upcoming period.
2025-09-27 22:00:00+03:00,2025-09-28 01:00:00+03:00,t+3,22,High,22.7,-1.0,-0.29,Typical,Increase operational monitoring and review operational readiness for the upcoming period.
2025-09-27 23:00:00+03:00,2025-09-28 00:00:00+03:00,t+1,33,High,30.4,2.3,0.44,Typical,Increase operational monitoring and review operational readiness for the upcoming period.
2025-09-27 23:00:00+03:00,2025-09-28 01:00:00+03:00,t+2,22,High,22.7,-1.2,-0.33,Typical,Increase operational monitoring and review operational readiness for the upcoming period.
2025-09-27 23:00:00+03:00,2025-09-28 02:00:00+03:00,t+3,27,High,25.2,2.2,0.76,Typical,Increase operational monitoring and review operational readiness for the upcoming period.
2025-09-28 00:00:00+03:00,2025-09-28 01:00:00+03:00,t+1,22,High,22.7,-0.8,-0.21,Typical,Increase operational monitoring and review operational readiness for the upcoming period.
2025-09-28 00:00:00+03:00,2025-09-28 02:00:00+03:00,t+2,28,High,25.2,2.7,0.92,Typical,Increase operational monitoring and review operational readiness for the upcoming period.
2025-09-28 00:00:00+03:00,2025-09-28 03:00:00+03:00,t+3,14,Normal,17.4,-3.4,-0.95,Typical,Maintain standard operational monitoring.
2025-09-28 01:00:00+03:00,2025-09-28 02:00:00+03:00,t+1,28,High,25.2,2.7,0.92,Typical,Increase operational monitoring and review operational readiness for the upcoming period.
2025-09-28 01:00:00+03:00,2025-09-28 03:00:00+03:00,t+2,14,Normal,17.4,-3.5,-0.97,Typical,Maintain standard operational monitoring.
2025-09-28 01:00:00+03:00,2025-09-28 04:00:00+03:00,t+3,19,Normal,17.6,1.4,0.67,Typical,Maintain standard operational monitoring.
2025-09-28 02:00:00+03:00,2025-09-28 03:00:00+03:00,t+1,14,Normal,17.4,-3.2,-0.9,Typical,Maintain standard operational monitoring.
2025-09-28 02:00:00+03:00,2025-09-28 04:00:00+03:00,t+2,19,Normal,17.6,1.4,0.69,Typical,Maintain standard operational monitoring.
2025-09-28 02:00:00+03:00,2025-09-28 05:00:00+03:00,t+3,23,High,22.5,0.5,0.16,Typical,Increase operational monitoring and review operational readiness for the upcoming period.
2025-09-28 03:00:00+03:00,2025-09-28 04:00:00+03:00,t+1,19,Normal,17.6,1.6,0.77,Typical,Maintain standard operational monitoring.
2025-09-28 03:00:00+03:00,2025-09-28 05:00:00+03:00,t+2,23,High,22.5,0.5,0.15,Typical,Increase operational monitoring and review operational readiness for the upcoming period.
2025-09-28 03:00:00+03:00,2025-09-28 06:00:00+03:00,t+3,31,High,29.4,1.7,0.42,Typical,Increase operational monitoring and review operational readiness for the upcoming period.
2025-09-28 04:00:00+03:00,2025-09-28 05:00:00+03:00,t+1,23,High,22.5,0.6,0.18,Typical,Increase operational monitoring and review operational readiness for the upcoming period.
2025-09-28 04:00:00+03:00,2025-09-28 06:00:00+03:00,t+2,31,High,29.4,1.5,0.4,Typical,Increase operational monitoring and review operational readiness for the upcoming period.
2025-09-28 04:00:00+03:00,2025-09-28 07:00:00+03:00,t+3,27,High,28.4,-1.4,-0.37,Typical,Increase operational monitoring and review operational readiness for the upcoming period.
2025-09-28 05:00:00+03:00,2025-09-28 06:00:00+03:00,t+1,31,High,29.4,1.7,0.43,Typical,Increase operational monitoring and review operational readiness for the upcoming period.
2025-09-28 05:00:00+03:00,2025-09-28 07:00:00+03:00,t+2,27,High,28.4,-1.4,-0.39,Typical,Increase operational monitoring and review operational readiness for the upcoming period.
2025-09-28 05:00:00+03:00,2025-09-28 08:00:00+03:00,t+3,27,High,27.6,-0.6,-0.17,Typical,Increase operational monitoring and review operational readiness for the upcoming period.
2025-09-28 06:00:00+03:00,2025-09-28 07:00:00+03:00,t+1,27,High,28.4,-1.3,-0.35,Typical,Increase operational monitoring and review operational readiness for the upcoming period.
2025-09-28 06:00:00+03:00,2025-09-28 08:00:00+03:00,t+2,27,High,27.6,-0.6,-0.17,Typical,Increase operational monitoring and review operational readiness for the upcoming period.
2025-09-28 06:00:00+03:00,2025-09-28 09:00:00+03:00,t+3,34,High,31.0,3.0,0.63,Typical,Increase operational monitoring and review operational readiness for the upcoming period.
2025-09-28 07:00:00+03:00,2025-09-28 08:00:00+03:00,t+1,27,High,27.6,-0.5,-0.15,Typical,Increase operational monitoring and review operational readiness for the upcoming period.
2025-09-28 07:00:00+03:00,2025-09-28 09:00:00+03:00,t+2,34,High,31.0,3.0,0.62,Typical,Increase operational monitoring and review operational readiness for the upcoming period.
2025-09-28 07:00:00+03:00,2025-09-28 10:00:00+03:00,t+3,33,High,29.3,3.7,0.88,Typical,Increase operational monitoring and review operational readiness for the upcoming period.
2025-09-28 08:00:00+03:00,2025-09-28 09:00:00+03:00,t+1,34,High,31.0,3.0,0.62,Typical,Increase operational monitoring and review operational readiness for the upcoming period.
2025-09-28 08:00:00+03:00,2025-09-28 10:00:00+03:00,t+2,33,High,29.3,3.7,0.86,Typical,Increase operational monitoring and review operational readiness for the upcoming period.
2025-09-28 08:00:00+03:00,2025-09-28 11:00:00+03:00,t+3,33,High,31.3,1.6,0.47,Typical,Increase operational monitoring and review operational readiness for the upcoming period.
2025-09-28 09:00:00+03:00,2025-09-28 10:00:00+03:00,t+1,33,High,29.3,3.8,0.88,Typical,Increase operational monitoring and review operational readiness for the upcoming period.
2025-09-28 09:00:00+03:00,2025-09-28 11:00:00+03:00,t+2,33,High,31.3,1.6,0.47,Typical,Increase operational monitoring and review operational readiness for the upcoming period.
2025-09-28 09:00:00+03:00,2025-09-28 12:00:00+03:00,t+3,25,High,26.6,-1.6,-0.48,Typical,Increase operational monitoring and review operational readiness for the upcoming period.
2025-09-28 10:00:00+03:00,2025-09-28 11:00:00+03:00,t+1,33,High,31.3,2.0,0.56,Typical,Increase operational monitoring and review operational readiness for the upcoming period.
2025-09-28 10:00:00+03:00,2025-09-28 12:00:00+03:00,t+2,25,High,26.6,-1.3,-0.41,Typical,Increase operational monitoring and review operational readiness for the upcoming period.
2025-09-28 10:00:00+03:00,2025-09-28 13:00:00+03:00,t+3,27,High,27.0,0.3,0.08,Typical,Increase operational monitoring and review operational readiness for the upcoming period.
2025-09-28 11:00:00+03:00,2025-09-28 12:00:00+03:00,t+1,26,High,26.6,-0.9,-0.27,Typical,Increase operational monitoring and review operational readiness for the upcoming period.
2025-09-28 11:00:00+03:00,2025-09-28 13:00:00+03:00,t+2,28,High,27.0,0.6,0.15,Typical,Increase operational monitoring and review operational readiness for the upcoming period.
2025-09-28 11:00:00+03:00,2025-09-28 14:00:00+03:00,t+3,33,High,30.2,2.7,0.5,Typical,Increase operational monitoring and review operational readiness for the upcoming period.
2025-09-28 12:00:00+03:00,2025-09-28 13:00:00+03:00,t+1,28,High,27.0,0.6,0.15,Typical,Increase operational monitoring and review operational readiness for the upcoming period.
2025-09-28 12:00:00+03:00,2025-09-28 14:00:00+03:00,t+2,33,High,30.2,2.4,0.46,Typical,Increase operational monitoring and review operational readiness for the upcoming period.
2025-09-28 12:00:00+03:00,2025-09-28 15:00:00+03:00,t+3,38,Extreme,36.4,1.4,0.28,Typical,Prioritize operational coordination and maintain close monitoring during the upcoming peak period.
2025-09-28 13:00:00+03:00,2025-09-28 14:00:00+03:00,t+1,32,High,30.2,2.3,0.43,Typical,Increase operational monitoring and review operational readiness for the upcoming period.
2025-09-28 13:00:00+03:00,2025-09-28 15:00:00+03:00,t+2,37,Extreme,36.4,0.9,0.19,Typical,Prioritize operational coordination and maintain close monitoring during the upcoming peak period.
2025-09-28 13:00:00+03:00,2025-09-28 16:00:00+03:00,t+3,36,Extreme,32.6,2.9,0.63,Typical,Prioritize operational coordination and maintain close monitoring during the upcoming peak period.
2025-09-28 14:00:00+03:00,2025-09-28 15:00:00+03:00,t+1,37,Extreme,36.4,0.9,0.19,Typical,Prioritize operational coordination and maintain close monitoring during the upcoming peak period.
2025-09-28 14:00:00+03:00,2025-09-28 16:00:00+03:00,t+2,35,Extreme,32.6,2.6,0.57,Typical,Prioritize operational coordination and maintain close monitoring during the upcoming peak period.
2025-09-28 14:00:00+03:00,2025-09-28 17:00:00+03:00,t+3,35,Extreme,34.4,1.0,0.2,Typical,Prioritize operational coordination and maintain close monitoring during the upcoming peak period.
2025-09-28 15:00:00+03:00,2025-09-28 16:00:00+03:00,t+1,35,Extreme,32.6,2.7,0.58,Typical,Prioritize operational coordination and maintain close monitoring during the upcoming peak period.
2025-09-28 15:00:00+03:00,2025-09-28 17:00:00+03:00,t+2,35,Extreme,34.4,0.8,0.17,Typical,Prioritize operational coordination and maintain close monitoring during the upcoming peak period.
2025-09-28 15:00:00+03:00,2025-09-28 18:00:00+03:00,t+3,38,Extreme,39.3,-0.9,-0.14,Typical,Prioritize operational coordination and maintain close monitoring during the upcoming peak period.
2025-09-28 16:00:00+03:00,2025-09-28 17:00:00+03:00,t+1,35,Extreme,34.4,0.8,0.17,Typical,Prioritize operational coordination and maintain close monitoring during the upcoming peak period.
2025-09-28 16:00:00+03:00,2025-09-28 18:00:00+03:00,t+2,38,Extreme,39.3,-1.1,-0.17,Typical,Prioritize operational coordination and maintain close monitoring during the upcoming peak period.
2025-09-28 16:00:00+03:00,2025-09-28 19:00:00+03:00,t+3,37,Extreme,35.8,1.6,0.33,Typical,Prioritize operational coordination and maintain close monitoring during the upcoming peak period.
2025-09-28 17:00:00+03:00,2025-09-28 18:00:00+03:00,t+1,38,Extreme,39.3,-1.0,-0.16,Typical,Prioritize operational coordination and maintain close monitoring during the upcoming peak period.
2025-09-28 17:00:00+03:00,2025-09-28 19:00:00+03:00,t+2,37,Extreme,35.8,1.5,0.29,Typical,Prioritize operational coordination and maintain close monitoring during the upcoming peak period.
2025-09-28 17:00:00+03:00,2025-09-28 20:00:00+03:00,t+3,37,Extreme,35.3,2.0,0.39,Typical,Prioritize operational coordination and maintain close monitoring during the upcoming peak period.
2025-09-28 18:00:00+03:00,2025-09-28 19:00:00+03:00,t+1,37,Extreme,35.8,1.5,0.3,Typical,Prioritize operational coordination and maintain close monitoring during the upcoming peak period.
2025-09-28 18:00:00+03:00,2025-09-28 20:00:00+03:00,t+2,37,Extreme,35.3,1.9,0.36,Typical,Prioritize operational coordination and maintain close monitoring during the upcoming peak period.
2025-09-28 18:00:00+03:00,2025-09-28 21:00:00+03:00,t+3,37,Extreme,35.2,2.2,0.46,Typical,Prioritize operational coordination and maintain close monitoring during the upcoming peak period.
2025-09-28 19:00:00+03:00,2025-09-28 20:00:00+03:00,t+1,37,Extreme,35.3,1.9,0.37,Typical,Prioritize operational coordination and maintain close monitoring during the upcoming peak period.
2025-09-28 19:00:00+03:00,2025-09-28 21:00:00+03:00,t+2,37,Extreme,35.2,2.0,0.42,Typical,Prioritize operational coordination and maintain close monitoring during the upcoming peak period.
2025-09-28 19:00:00+03:00,2025-09-28 22:00:00+03:00,t+3,39,Extreme,35.7,3.6,0.73,Typical,Prioritize operational coordination and maintain close monitoring during the upcoming peak period.
2025-09-28 20:00:00+03:00,2025-09-28 21:00:00+03:00,t+1,37,Extreme,35.2,2.1,0.43,Typical,Prioritize operational coordination and maintain close monitoring during the upcoming peak period.
2025-09-28 20:00:00+03:00,2025-09-28 22:00:00+03:00,t+2,39,Extreme,35.7,3.4,0.69,Typical,Prioritize operational coordination and maintain close monitoring during the upcoming peak period.
2025-09-28 20:00:00+03:00,2025-09-28 23:00:00+03:00,t+3,36,Extreme,32.8,3.4,0.78,Typical,Prioritize operational coordination and maintain close monitoring during the upcoming peak period.
2025-09-28 21:00:00+03:00,2025-09-28 22:00:00+03:00,t+1,39,Extreme,35.7,3.5,0.7,Typical,Prioritize operational coordination and maintain close monitoring during the upcoming peak period.
2025-09-28 21:00:00+03:00,2025-09-28 23:00:00+03:00,t+2,36,Extreme,32.8,3.3,0.75,Typical,Prioritize operational coordination and maintain close monitoring during the upcoming peak period.
2025-09-28 21:00:00+03:00,2025-09-29 00:00:00+03:00,t+3,29,High,12.1,17.1,1.93,Above typical,Increase operational monitoring and review readiness across passenger-processing and ground-operation areas.
2025-09-28 22:00:00+03:00,2025-09-28 23:00:00+03:00,t+1,36,Extreme,32.8,3.3,0.75,Typical,Prioritize operational coordination and maintain close monitoring during the upcoming peak period.
2025-09-28 22:00:00+03:00,2025-09-29 00:00:00+03:00,t+2,29,High,12.1,16.9,1.91,Above typical,Increase operational monitoring and review readiness across passenger-processing and ground-operation areas.
2025-09-28 22:00:00+03:00,2025-09-29 01:00:00+03:00,t+3,23,High,14.2,9.0,1.44,Above typical,Increase operational monitoring and review readiness across passenger-processing and ground-operation areas.
2025-09-28 23:00:00+03:00,2025-09-29 00:00:00+03:00,t+1,29,High,12.1,16.9,1.9,Above typical,Increase operational monitoring and review readiness across passenger-processing and ground-operation areas.
2025-09-28 23:00:00+03:00,2025-09-29 01:00:00+03:00,t+2,23,High,14.2,8.8,1.42,Above typical,Increase operational monitoring and review readiness across passenger-processing and ground-operation areas.
2025-09-28 23:00:00+03:00,2025-09-29 02:00:00+03:00,t+3,22,High,20.3,1.8,0.97,Typical,Increase operational monitoring and review operational readiness for the upcoming period.
2025-09-29 00:00:00+03:00,2025-09-29 01:00:00+03:00,t+1,23,High,14.2,8.8,1.41,Above typical,Increase operational monitoring and review readiness across passenger-processing and ground-operation areas.
2025-09-29 00:00:00+03:00,2025-09-29 02:00:00+03:00,t+2,22,High,20.3,1.6,0.88,Typical,Increase operational monitoring and review operational readiness for the upcoming period.
2025-09-29 00:00:00+03:00,2025-09-29 03:00:00+03:00,t+3,17,Normal,17.6,-0.5,-0.26,Typical,Maintain standard operational monitoring.
2025-09-29 01:00:00+03:00,2025-09-29 02:00:00+03:00,t+1,22,High,20.3,1.7,0.9,Typical,Increase operational monitoring and review operational readiness for the upcoming period.
2025-09-29 01:00:00+03:00,2025-09-29 03:00:00+03:00,t+2,17,Normal,17.6,-0.6,-0.32,Typical,Maintain standard operational monitoring.
2025-09-29 01:00:00+03:00,2025-09-29 04:00:00+03:00,t+3,17,Normal,16.8,0.2,0.08,Typical,Maintain standard operational monitoring.
2025-09-29 02:00:00+03:00,2025-09-29 03:00:00+03:00,t+1,17,Normal,17.6,-0.5,-0.25,Typical,Maintain standard operational monitoring.
2025-09-29 02:00:00+03:00,2025-09-29 04:00:00+03:00,t+2,17,Normal,16.8,0.1,0.03,Typical,Maintain standard operational monitoring.
2025-09-29 02:00:00+03:00,2025-09-29 05:00:00+03:00,t+3,18,Normal,20.2,-2.1,-1.17,Below typical,Maintain standard operational monitoring.
2025-09-29 03:00:00+03:00,2025-09-29 04:00:00+03:00,t+1,17,Normal,16.8,0.2,0.1,Typical,Maintain standard operational monitoring.
2025-09-29 03:00:00+03:00,2025-09-29 05:00:00+03:00,t+2,18,Normal,20.2,-2.2,-1.24,Below typical,Maintain standard operational monitoring.
2025-09-29 03:00:00+03:00,2025-09-29 06:00:00+03:00,t+3,32,High,28.6,3.5,1.39,Above typical,Increase operational monitoring and review readiness across passenger-processing and ground-operation areas.
2025-09-29 04:00:00+03:00,2025-09-29 05:00:00+03:00,t+1,18,Normal,20.2,-2.1,-1.18,Below typical,Maintain standard operational monitoring.
2025-09-29 04:00:00+03:00,2025-09-29 06:00:00+03:00,t+2,32,High,28.6,3.4,1.34,Above typical,Increase operational monitoring and review readiness across passenger-processing and ground-operation areas.
2025-09-29 04:00:00+03:00,2025-09-29 07:00:00+03:00,t+3,29,High,27.9,1.2,0.37,Typical,Increase operational monitoring and review operational readiness for the upcoming period.
2025-09-29 05:00:00+03:00,2025-09-29 06:00:00+03:00,t+1,32,High,28.6,3.5,1.36,Above typical,Increase operational monitoring and review readiness across passenger-processing and ground-operation areas.
2025-09-29 05:00:00+03:00,2025-09-29 07:00:00+03:00,t+2,29,High,27.9,1.1,0.31,Typical,Increase operational monitoring and review operational readiness for the upcoming period.
2025-09-29 05:00:00+03:00,2025-09-29 08:00:00+03:00,t+3,30,High,29.7,0.4,0.11,Typical,Increase operational monitoring and review operational readiness for the upcoming period.
2025-09-29 06:00:00+03:00,2025-09-29 07:00:00+03:00,t+1,29,High,27.9,1.2,0.36,Typical,Increase operational monitoring and review operational readiness for the upcoming period.
2025-09-29 06:00:00+03:00,2025-09-29 08:00:00+03:00,t+2,30,High,29.7,0.2,0.06,Typical,Increase operational monitoring and review operational readiness for the upcoming period.
2025-09-29 06:00:00+03:00,2025-09-29 09:00:00+03:00,t+3,35,Extreme,35.2,-0.1,-0.03,Typical,Prioritize operational coordination and maintain close monitoring during the upcoming peak period.
2025-09-29 07:00:00+03:00,2025-09-29 08:00:00+03:00,t+1,30,High,29.7,0.4,0.1,Typical,Increase operational monitoring and review operational readiness for the upcoming period.
2025-09-29 07:00:00+03:00,2025-09-29 09:00:00+03:00,t+2,35,Extreme,35.2,-0.4,-0.09,Typical,Prioritize operational coordination and maintain close monitoring during the upcoming peak period.
2025-09-29 07:00:00+03:00,2025-09-29 10:00:00+03:00,t+3,38,Extreme,35.2,2.8,0.74,Typical,Prioritize operational coordination and maintain close monitoring during the upcoming peak period.
2025-09-29 08:00:00+03:00,2025-09-29 09:00:00+03:00,t+1,35,Extreme,35.2,-0.2,-0.05,Typical,Prioritize operational coordination and maintain close monitoring during the upcoming peak period.
2025-09-29 08:00:00+03:00,2025-09-29 10:00:00+03:00,t+2,38,Extreme,35.2,2.5,0.66,Typical,Prioritize operational coordination and maintain close monitoring during the upcoming peak period.
2025-09-29 08:00:00+03:00,2025-09-29 11:00:00+03:00,t+3,32,High,31.0,1.0,0.49,Typical,Increase operational monitoring and review operational readiness for the upcoming period.
2025-09-29 09:00:00+03:00,2025-09-29 10:00:00+03:00,t+1,38,Extreme,35.2,2.7,0.71,Typical,Prioritize operational coordination and maintain close monitoring during the upcoming peak period.
2025-09-29 09:00:00+03:00,2025-09-29 11:00:00+03:00,t+2,32,High,31.0,0.7,0.36,Typical,Increase operational monitoring and review operational readiness for the upcoming period.
2025-09-29 09:00:00+03:00,2025-09-29 12:00:00+03:00,t+3,30,High,28.2,1.8,0.84,Typical,Increase operational monitoring and review operational readiness for the upcoming period.
2025-09-29 10:00:00+03:00,2025-09-29 11:00:00+03:00,t+1,32,High,31.0,1.0,0.48,Typical,Increase operational monitoring and review operational readiness for the upcoming period.
2025-09-29 10:00:00+03:00,2025-09-29 12:00:00+03:00,t+2,30,High,28.2,1.6,0.74,Typical,Increase operational monitoring and review operational readiness for the upcoming period.
2025-09-29 10:00:00+03:00,2025-09-29 13:00:00+03:00,t+3,35,Extreme,30.2,4.7,1.45,Above typical,Prioritize cross-team coordination and closely monitor passenger-processing and ground-operation readiness.
2025-09-29 11:00:00+03:00,2025-09-29 12:00:00+03:00,t+1,30,High,28.2,1.8,0.84,Typical,Increase operational monitoring and review operational readiness for the upcoming period.
2025-09-29 11:00:00+03:00,2025-09-29 13:00:00+03:00,t+2,35,Extreme,30.2,4.5,1.39,Above typical,Prioritize cross-team coordination and closely monitor passenger-processing and ground-operation readiness.
2025-09-29 11:00:00+03:00,2025-09-29 14:00:00+03:00,t+3,33,High,32.6,0.4,0.16,Typical,Increase operational monitoring and review operational readiness for the upcoming period.
2025-09-29 12:00:00+03:00,2025-09-29 13:00:00+03:00,t+1,35,Extreme,30.2,4.8,1.46,Above typical,Prioritize cross-team coordination and closely monitor passenger-processing and ground-operation readiness.
2025-09-29 12:00:00+03:00,2025-09-29 14:00:00+03:00,t+2,33,High,32.6,0.2,0.09,Typical,Increase operational monitoring and review operational readiness for the upcoming period.
2025-09-29 12:00:00+03:00,2025-09-29 15:00:00+03:00,t+3,34,High,33.7,0.3,0.1,Typical,Increase operational monitoring and review operational readiness for the upcoming period.
2025-09-29 13:00:00+03:00,2025-09-29 14:00:00+03:00,t+1,33,High,32.6,0.5,0.19,Typical,Increase operational monitoring and review operational readiness for the upcoming period.
2025-09-29 13:00:00+03:00,2025-09-29 15:00:00+03:00,t+2,34,High,33.7,0.1,0.03,Typical,Increase operational monitoring and review operational readiness for the upcoming period.
2025-09-29 13:00:00+03:00,2025-09-29 16:00:00+03:00,t+3,36,Extreme,32.0,4.0,1.81,Above typical,Prioritize cross-team coordination and closely monitor passenger-processing and ground-operation readiness.
2025-09-29 14:00:00+03:00,2025-09-29 15:00:00+03:00,t+1,34,High,33.7,0.4,0.13,Typical,Increase operational monitoring and review operational readiness for the upcoming period.
2025-09-29 14:00:00+03:00,2025-09-29 16:00:00+03:00,t+2,36,Extreme,32.0,3.9,1.75,Above typical,Prioritize cross-team coordination and closely monitor passenger-processing and ground-operation readiness.
2025-09-29 14:00:00+03:00,2025-09-29 17:00:00+03:00,t+3,34,High,35.9,-1.9,-0.96,Typical,Increase operational monitoring and review operational readiness for the upcoming period.
2025-09-29 15:00:00+03:00,2025-09-29 16:00:00+03:00,t+1,36,Extreme,32.0,4.1,1.85,Above typical,Prioritize cross-team coordination and closely monitor passenger-processing and ground-operation readiness.
2025-09-29 15:00:00+03:00,2025-09-29 17:00:00+03:00,t+2,34,High,35.9,-2.0,-1.0,Typical,Increase operational monitoring and review operational readiness for the upcoming period.
2025-09-29 15:00:00+03:00,2025-09-29 18:00:00+03:00,t+3,35,Extreme,39.7,-4.7,-1.95,Below typical,Prioritize operational coordination and maintain close monitoring during the upcoming peak period.
2025-09-29 16:00:00+03:00,2025-09-29 17:00:00+03:00,t+1,34,High,35.9,-1.9,-0.92,Typical,Increase operational monitoring and review operational readiness for the upcoming period.
2025-09-29 16:00:00+03:00,2025-09-29 18:00:00+03:00,t+2,35,Extreme,39.7,-4.8,-1.99,Below typical,Prioritize operational coordination and maintain close monitoring during the upcoming peak period.
2025-09-29 16:00:00+03:00,2025-09-29 19:00:00+03:00,t+3,39,Extreme,36.0,3.0,1.06,Above typical,Prioritize cross-team coordination and closely monitor passenger-processing and ground-operation readiness.
2025-09-29 17:00:00+03:00,2025-09-29 18:00:00+03:00,t+1,35,Extreme,39.7,-4.6,-1.93,Below typical,Prioritize operational coordination and maintain close monitoring during the upcoming peak period.
2025-09-29 17:00:00+03:00,2025-09-29 19:00:00+03:00,t+2,39,Extreme,36.0,2.9,1.03,Above typical,Prioritize cross-team coordination and closely monitor passenger-processing and ground-operation readiness.
2025-09-29 17:00:00+03:00,2025-09-29 20:00:00+03:00,t+3,39,Extreme,36.6,2.4,1.33,Above typical,Prioritize cross-team coordination and closely monitor passenger-processing and ground-operation readiness.
2025-09-29 18:00:00+03:00,2025-09-29 19:00:00+03:00,t+1,39,Extreme,36.0,3.0,1.09,Above typical,Prioritize cross-team coordination and closely monitor passenger-processing and ground-operation readiness.
2025-09-29 18:00:00+03:00,2025-09-29 20:00:00+03:00,t+2,39,Extreme,36.6,2.3,1.29,Above typical,Prioritize cross-team coordination and closely monitor passenger-processing and ground-operation readiness.
2025-09-29 18:00:00+03:00,2025-09-29 21:00:00+03:00,t+3,38,Extreme,34.8,3.3,1.5,Above typical,Prioritize cross-team coordination and closely monitor passenger-processing and ground-operation readiness.
2025-09-29 19:00:00+03:00,2025-09-29 20:00:00+03:00,t+1,39,Extreme,36.6,2.4,1.35,Above typical,Prioritize cross-team coordination and closely monitor passenger-processing and ground-operation readiness.
2025-09-29 19:00:00+03:00,2025-09-29 21:00:00+03:00,t+2,38,Extreme,34.8,3.2,1.46,Above typical,Prioritize cross-team coordination and closely monitor passenger-processing and ground-operation readiness.
2025-09-29 19:00:00+03:00,2025-09-29 22:00:00+03:00,t+3,40,Extreme,36.4,3.7,1.19,Above typical,Prioritize cross-team coordination and closely monitor passenger-processing and ground-operation readiness.
2025-09-29 20:00:00+03:00,2025-09-29 21:00:00+03:00,t+1,38,Extreme,34.8,3.3,1.49,Above typical,Prioritize cross-team coordination and closely monitor passenger-processing and ground-operation readiness.
2025-09-29 20:00:00+03:00,2025-09-29 22:00:00+03:00,t+2,40,Extreme,36.4,3.6,1.15,Above typical,Prioritize cross-team coordination and closely monitor passenger-processing and ground-operation readiness.
2025-09-29 20:00:00+03:00,2025-09-29 23:00:00+03:00,t+3,39,Extreme,37.3,1.8,0.75,Typical,Prioritize operational coordination and maintain close monitoring during the upcoming peak period.
2025-09-29 21:00:00+03:00,2025-09-29 22:00:00+03:00,t+1,40,Extreme,36.4,3.6,1.16,Above typical,Prioritize cross-team coordination and closely monitor passenger-processing and ground-operation readiness.
2025-09-29 21:00:00+03:00,2025-09-29 23:00:00+03:00,t+2,39,Extreme,37.3,1.6,0.68,Typical,Prioritize operational coordination and maintain close monitoring during the upcoming peak period.
2025-09-29 21:00:00+03:00,2025-09-30 00:00:00+03:00,t+3,32,High,30.2,1.7,0.31,Typical,Increase operational monitoring and review operational readiness for the upcoming period.
2025-09-29 22:00:00+03:00,2025-09-29 23:00:00+03:00,t+1,39,Extreme,37.3,1.7,0.7,Typical,Prioritize operational coordination and maintain close monitoring during the upcoming peak period.
2025-09-29 22:00:00+03:00,2025-09-30 00:00:00+03:00,t+2,32,High,30.2,1.6,0.29,Typical,Increase operational monitoring and review operational readiness for the upcoming period.
2025-09-29 22:00:00+03:00,2025-09-30 01:00:00+03:00,t+3,21,Normal,22.5,-1.7,-0.39,Typical,Maintain standard operational monitoring.
2025-09-29 23:00:00+03:00,2025-09-30 00:00:00+03:00,t+1,32,High,30.2,1.6,0.29,Typical,Increase operational monitoring and review operational readiness for the upcoming period.
2025-09-29 23:00:00+03:00,2025-09-30 01:00:00+03:00,t+2,21,Normal,22.5,-1.8,-0.43,Typical,Maintain standard operational monitoring.
2025-09-29 23:00:00+03:00,2025-09-30 02:00:00+03:00,t+3,26,High,24.5,1.3,0.43,Typical,Increase operational monitoring and review operational readiness for the upcoming period.
2025-09-30 00:00:00+03:00,2025-09-30 01:00:00+03:00,t+1,21,Normal,22.5,-1.7,-0.39,Typical,Maintain standard operational monitoring.
2025-09-30 00:00:00+03:00,2025-09-30 02:00:00+03:00,t+2,26,High,24.5,1.2,0.39,Typical,Increase operational monitoring and review operational readiness for the upcoming period.
2025-09-30 00:00:00+03:00,2025-09-30 03:00:00+03:00,t+3,19,Normal,18.2,0.8,0.23,Typical,Maintain standard operational monitoring.
2025-09-30 01:00:00+03:00,2025-09-30 02:00:00+03:00,t+1,26,High,24.5,1.3,0.41,Typical,Increase operational monitoring and review operational readiness for the upcoming period.
2025-09-30 01:00:00+03:00,2025-09-30 03:00:00+03:00,t+2,19,Normal,18.2,0.5,0.13,Typical,Maintain standard operational monitoring.
2025-09-30 01:00:00+03:00,2025-09-30 04:00:00+03:00,t+3,21,Normal,19.2,1.8,0.54,Typical,Maintain standard operational monitoring.
2025-09-30 02:00:00+03:00,2025-09-30 03:00:00+03:00,t+1,19,Normal,18.2,0.7,0.2,Typical,Maintain standard operational monitoring.
2025-09-30 02:00:00+03:00,2025-09-30 04:00:00+03:00,t+2,21,Normal,19.2,1.6,0.47,Typical,Maintain standard operational monitoring.
2025-09-30 02:00:00+03:00,2025-09-30 05:00:00+03:00,t+3,18,Normal,21.2,-3.2,-1.23,Below typical,Maintain standard operational monitoring.
2025-09-30 03:00:00+03:00,2025-09-30 04:00:00+03:00,t+1,21,Normal,19.2,1.7,0.53,Typical,Maintain standard operational monitoring.
2025-09-30 03:00:00+03:00,2025-09-30 05:00:00+03:00,t+2,18,Normal,21.2,-3.5,-1.33,Below typical,Maintain standard operational monitoring.
2025-09-30 03:00:00+03:00,2025-09-30 06:00:00+03:00,t+3,28,High,26.6,1.3,0.42,Typical,Increase operational monitoring and review operational readiness for the upcoming period.
2025-09-30 04:00:00+03:00,2025-09-30 05:00:00+03:00,t+1,18,Normal,21.2,-3.3,-1.26,Below typical,Maintain standard operational monitoring.
2025-09-30 04:00:00+03:00,2025-09-30 06:00:00+03:00,t+2,28,High,26.6,1.1,0.35,Typical,Increase operational monitoring and review operational readiness for the upcoming period.
2025-09-30 04:00:00+03:00,2025-09-30 07:00:00+03:00,t+3,25,High,25.3,-0.4,-0.13,Typical,Increase operational monitoring and review operational readiness for the upcoming period.
2025-09-30 05:00:00+03:00,2025-09-30 06:00:00+03:00,t+1,28,High,26.6,1.2,0.41,Typical,Increase operational monitoring and review operational readiness for the upcoming period.
2025-09-30 05:00:00+03:00,2025-09-30 07:00:00+03:00,t+2,25,High,25.3,-0.6,-0.21,Typical,Increase operational monitoring and review operational readiness for the upcoming period.
2025-09-30 05:00:00+03:00,2025-09-30 08:00:00+03:00,t+3,29,High,24.7,4.2,1.5,Above typical,Increase operational monitoring and review readiness across passenger-processing and ground-operation areas.
2025-09-30 06:00:00+03:00,2025-09-30 07:00:00+03:00,t+1,25,High,25.3,-0.4,-0.13,Typical,Increase operational monitoring and review operational readiness for the upcoming period.
2025-09-30 06:00:00+03:00,2025-09-30 08:00:00+03:00,t+2,29,High,24.7,4.0,1.44,Above typical,Increase operational monitoring and review readiness across passenger-processing and ground-operation areas.
2025-09-30 06:00:00+03:00,2025-09-30 09:00:00+03:00,t+3,29,High,28.3,0.6,0.17,Typical,Increase operational monitoring and review operational readiness for the upcoming period.
2025-09-30 07:00:00+03:00,2025-09-30 08:00:00+03:00,t+1,29,High,24.7,4.2,1.5,Above typical,Increase operational monitoring and review readiness across passenger-processing and ground-operation areas.
2025-09-30 07:00:00+03:00,2025-09-30 09:00:00+03:00,t+2,29,High,28.3,0.4,0.11,Typical,Increase operational monitoring and review operational readiness for the upcoming period.
2025-09-30 07:00:00+03:00,2025-09-30 10:00:00+03:00,t+3,37,Extreme,29.4,7.4,1.66,Above typical,Prioritize cross-team coordination and closely monitor passenger-processing and ground-operation readiness.
2025-09-30 08:00:00+03:00,2025-09-30 09:00:00+03:00,t+1,29,High,28.3,0.5,0.14,Typical,Increase operational monitoring and review operational readiness for the upcoming period.
2025-09-30 08:00:00+03:00,2025-09-30 10:00:00+03:00,t+2,37,Extreme,29.4,7.2,1.62,Above typical,Prioritize cross-team coordination and closely monitor passenger-processing and ground-operation readiness.
2025-09-30 08:00:00+03:00,2025-09-30 11:00:00+03:00,t+3,34,High,28.8,5.0,1.43,Above typical,Increase operational monitoring and review readiness across passenger-processing and ground-operation areas.
2025-09-30 09:00:00+03:00,2025-09-30 10:00:00+03:00,t+1,36,Extreme,29.4,7.0,1.58,Above typical,Prioritize cross-team coordination and closely monitor passenger-processing and ground-operation readiness.
2025-09-30 09:00:00+03:00,2025-09-30 11:00:00+03:00,t+2,33,High,28.8,4.7,1.34,Above typical,Increase operational monitoring and review readiness across passenger-processing and ground-operation areas.
2025-09-30 09:00:00+03:00,2025-09-30 12:00:00+03:00,t+3,27,High,26.4,0.1,0.07,Typical,Increase operational monitoring and review operational readiness for the upcoming period.
2025-09-30 10:00:00+03:00,2025-09-30 11:00:00+03:00,t+1,34,High,28.8,4.8,1.36,Above typical,Increase operational monitoring and review readiness across passenger-processing and ground-operation areas.
2025-09-30 10:00:00+03:00,2025-09-30 12:00:00+03:00,t+2,27,High,26.4,0.2,0.14,Typical,Increase operational monitoring and review operational readiness for the upcoming period.
2025-09-30 10:00:00+03:00,2025-09-30 13:00:00+03:00,t+3,29,High,28.3,0.4,0.31,Typical,Increase operational monitoring and review operational readiness for the upcoming period.
2025-09-30 11:00:00+03:00,2025-09-30 12:00:00+03:00,t+1,27,High,26.4,0.3,0.2,Typical,Increase operational monitoring and review operational readiness for the upcoming period.
2025-09-30 11:00:00+03:00,2025-09-30 13:00:00+03:00,t+2,29,High,28.3,0.5,0.4,Typical,Increase operational monitoring and review operational readiness for the upcoming period.
2025-09-30 11:00:00+03:00,2025-09-30 14:00:00+03:00,t+3,36,Extreme,30.7,5.2,2.17,Above typical,Prioritize cross-team coordination and closely monitor passenger-processing and ground-operation readiness.
2025-09-30 12:00:00+03:00,2025-09-30 13:00:00+03:00,t+1,29,High,28.3,0.5,0.36,Typical,Increase operational monitoring and review operational readiness for the upcoming period.
2025-09-30 12:00:00+03:00,2025-09-30 14:00:00+03:00,t+2,36,Extreme,30.7,5.2,2.16,Above typical,Prioritize cross-team coordination and closely monitor passenger-processing and ground-operation readiness.
2025-09-30 12:00:00+03:00,2025-09-30 15:00:00+03:00,t+3,35,Extreme,36.7,-1.8,-0.46,Typical,Prioritize operational coordination and maintain close monitoring during the upcoming peak period.
2025-09-30 13:00:00+03:00,2025-09-30 14:00:00+03:00,t+1,36,Extreme,30.7,5.0,2.09,Above typical,Prioritize cross-team coordination and closely monitor passenger-processing and ground-operation readiness.
2025-09-30 13:00:00+03:00,2025-09-30 15:00:00+03:00,t+2,35,Extreme,36.7,-1.9,-0.49,Typical,Prioritize operational coordination and maintain close monitoring during the upcoming peak period.
2025-09-30 13:00:00+03:00,2025-09-30 16:00:00+03:00,t+3,33,High,32.4,0.4,0.13,Typical,Increase operational monitoring and review operational readiness for the upcoming period.
2025-09-30 14:00:00+03:00,2025-09-30 15:00:00+03:00,t+1,35,Extreme,36.7,-1.8,-0.47,Typical,Prioritize operational coordination and maintain close monitoring during the upcoming peak period.
2025-09-30 14:00:00+03:00,2025-09-30 16:00:00+03:00,t+2,33,High,32.4,0.5,0.15,Typical,Increase operational monitoring and review operational readiness for the upcoming period.
2025-09-30 14:00:00+03:00,2025-09-30 17:00:00+03:00,t+3,36,Extreme,36.6,-0.6,-0.4,Typical,Prioritize operational coordination and maintain close monitoring during the upcoming peak period.
2025-09-30 15:00:00+03:00,2025-09-30 16:00:00+03:00,t+1,33,High,32.4,0.6,0.18,Typical,Increase operational monitoring and review operational readiness for the upcoming period.
2025-09-30 15:00:00+03:00,2025-09-30 17:00:00+03:00,t+2,36,Extreme,36.6,-0.6,-0.36,Typical,Prioritize operational coordination and maintain close monitoring during the upcoming peak period.
2025-09-30 15:00:00+03:00,2025-09-30 18:00:00+03:00,t+3,39,Extreme,40.8,-1.9,-0.64,Typical,Prioritize operational coordination and maintain close monitoring during the upcoming peak period.
2025-09-30 16:00:00+03:00,2025-09-30 17:00:00+03:00,t+1,36,Extreme,36.6,-0.5,-0.34,Typical,Prioritize operational coordination and maintain close monitoring during the upcoming peak period.
2025-09-30 16:00:00+03:00,2025-09-30 18:00:00+03:00,t+2,39,Extreme,40.8,-1.9,-0.66,Typical,Prioritize operational coordination and maintain close monitoring during the upcoming peak period.
2025-09-30 16:00:00+03:00,2025-09-30 19:00:00+03:00,t+3,40,Extreme,36.4,3.6,1.6,Above typical,Prioritize cross-team coordination and closely monitor passenger-processing and ground-operation readiness.
2025-09-30 17:00:00+03:00,2025-09-30 18:00:00+03:00,t+1,39,Extreme,40.8,-1.8,-0.63,Typical,Prioritize operational coordination and maintain close monitoring during the upcoming peak period.
2025-09-30 17:00:00+03:00,2025-09-30 19:00:00+03:00,t+2,40,Extreme,36.4,3.5,1.57,Above typical,Prioritize cross-team coordination and closely monitor passenger-processing and ground-operation readiness.
2025-09-30 17:00:00+03:00,2025-09-30 20:00:00+03:00,t+3,40,Extreme,35.8,4.3,2.3,Above typical,Prioritize cross-team coordination and closely monitor passenger-processing and ground-operation readiness.
2025-09-30 18:00:00+03:00,2025-09-30 19:00:00+03:00,t+1,40,Extreme,36.4,3.6,1.62,Above typical,Prioritize cross-team coordination and closely monitor passenger-processing and ground-operation readiness.
2025-09-30 18:00:00+03:00,2025-09-30 20:00:00+03:00,t+2,40,Extreme,35.8,4.2,2.27,Above typical,Prioritize cross-team coordination and closely monitor passenger-processing and ground-operation readiness.
2025-09-30 18:00:00+03:00,2025-09-30 21:00:00+03:00,t+3,39,Extreme,36.6,2.5,1.54,Above typical,Prioritize cross-team coordination and closely monitor passenger-processing and ground-operation readiness.
2025-09-30 19:00:00+03:00,2025-09-30 20:00:00+03:00,t+1,40,Extreme,35.8,4.2,2.28,Above typical,Prioritize cross-team coordination and closely monitor passenger-processing and ground-operation readiness.
2025-09-30 19:00:00+03:00,2025-09-30 21:00:00+03:00,t+2,39,Extreme,36.6,2.4,1.48,Above typical,Prioritize cross-team coordination and closely monitor passenger-processing and ground-operation readiness.
2025-09-30 19:00:00+03:00,2025-09-30 22:00:00+03:00,t+3,40,Extreme,34.6,5.4,3.04,Above typical,Prioritize cross-team coordination and closely monitor passenger-processing and ground-operation readiness.
2025-09-30 20:00:00+03:00,2025-09-30 21:00:00+03:00,t+1,39,Extreme,36.6,2.4,1.48,Above typical,Prioritize cross-team coordination and closely monitor passenger-processing and ground-operation readiness.
2025-09-30 20:00:00+03:00,2025-09-30 22:00:00+03:00,t+2,40,Extreme,34.6,5.3,2.99,Above typical,Prioritize cross-team coordination and closely monitor passenger-processing and ground-operation readiness.
2025-09-30 20:00:00+03:00,2025-09-30 23:00:00+03:00,t+3,38,Extreme,34.4,3.6,1.98,Above typical,Prioritize cross-team coordination and closely monitor passenger-processing and ground-operation readiness.
2025-09-30 21:00:00+03:00,2025-09-30 22:00:00+03:00,t+1,40,Extreme,34.6,5.3,2.96,Above typical,Prioritize cross-team coordination and closely monitor passenger-processing and ground-operation readiness.
2025-09-30 21:00:00+03:00,2025-09-30 23:00:00+03:00,t+2,38,Extreme,34.4,3.4,1.92,Above typical,Prioritize cross-team coordination and closely monitor passenger-processing and ground-operation readiness.
2025-09-30 21:00:00+03:00,2025-10-01 00:00:00+03:00,t+3,29,High,27.3,1.6,0.34,Typical,Increase operational monitoring and review operational readiness for the upcoming period.
2025-09-30 22:00:00+03:00,2025-09-30 23:00:00+03:00,t+1,38,Extreme,34.4,3.3,1.83,Above typical,Prioritize cross-team coordination and closely monitor passenger-processing and ground-operation readiness.
2025-09-30 22:00:00+03:00,2025-10-01 00:00:00+03:00,t+2,29,High,27.3,1.4,0.31,Typical,Increase operational monitoring and review operational readiness for the upcoming period.
2025-09-30 22:00:00+03:00,2025-10-01 01:00:00+03:00,t+3,23,High,23.0,-0.3,-0.07,Typical,Increase operational monitoring and review operational readiness for the upcoming period.
2025-09-30 23:00:00+03:00,2025-10-01 00:00:00+03:00,t+1,28,High,27.3,1.1,0.24,Typical,Increase operational monitoring and review operational readiness for the upcoming period.
2025-09-30 23:00:00+03:00,2025-10-01 01:00:00+03:00,t+2,22,High,23.0,-0.6,-0.14,Typical,Increase operational monitoring and review operational readiness for the upcoming period.
2025-09-30 23:00:00+03:00,2025-10-01 02:00:00+03:00,t+3,27,High,22.1,4.6,1.63,Above typical,Increase operational monitoring and review readiness across passenger-processing and ground-operation areas.
2025-10-01 00:00:00+03:00,2025-10-01 01:00:00+03:00,t+1,22,High,23.0,-0.6,-0.15,Typical,Increase operational monitoring and review operational readiness for the upcoming period.
2025-10-01 00:00:00+03:00,2025-10-01 02:00:00+03:00,t+2,26,High,22.1,4.4,1.55,Above typical,Increase operational monitoring and review readiness across passenger-processing and ground-operation areas.
2025-10-01 00:00:00+03:00,2025-10-01 03:00:00+03:00,t+3,17,Normal,18.1,-1.4,-0.61,Typical,Maintain standard operational monitoring.
2025-10-01 01:00:00+03:00,2025-10-01 02:00:00+03:00,t+1,27,High,22.1,4.5,1.61,Above typical,Increase operational monitoring and review readiness across passenger-processing and ground-operation areas.
2025-10-01 01:00:00+03:00,2025-10-01 03:00:00+03:00,t+2,17,Normal,18.1,-1.6,-0.65,Typical,Maintain standard operational monitoring.
2025-10-01 01:00:00+03:00,2025-10-01 04:00:00+03:00,t+3,16,Normal,14.7,0.9,0.35,Typical,Maintain standard operational monitoring.
2025-10-01 02:00:00+03:00,2025-10-01 03:00:00+03:00,t+1,17,Normal,18.1,-1.2,-0.51,Typical,Maintain standard operational monitoring.
2025-10-01 02:00:00+03:00,2025-10-01 04:00:00+03:00,t+2,16,Normal,14.7,1.0,0.39,Typical,Maintain standard operational monitoring.
2025-10-01 02:00:00+03:00,2025-10-01 05:00:00+03:00,t+3,24,High,22.6,1.2,0.31,Typical,Increase operational monitoring and review operational readiness for the upcoming period.
2025-10-01 03:00:00+03:00,2025-10-01 04:00:00+03:00,t+1,16,Normal,14.7,1.3,0.48,Typical,Maintain standard operational monitoring.
2025-10-01 03:00:00+03:00,2025-10-01 05:00:00+03:00,t+2,24,High,22.6,1.2,0.32,Typical,Increase operational monitoring and review operational readiness for the upcoming period.
2025-10-01 03:00:00+03:00,2025-10-01 06:00:00+03:00,t+3,31,High,28.9,2.0,0.45,Typical,Increase operational monitoring and review operational readiness for the upcoming period.
2025-10-01 04:00:00+03:00,2025-10-01 05:00:00+03:00,t+1,24,High,22.6,1.3,0.34,Typical,Increase operational monitoring and review operational readiness for the upcoming period.
2025-10-01 04:00:00+03:00,2025-10-01 06:00:00+03:00,t+2,31,High,28.9,1.8,0.42,Typical,Increase operational monitoring and review operational readiness for the upcoming period.
2025-10-01 04:00:00+03:00,2025-10-01 07:00:00+03:00,t+3,31,High,27.5,3.2,0.59,Typical,Increase operational monitoring and review operational readiness for the upcoming period.
2025-10-01 05:00:00+03:00,2025-10-01 06:00:00+03:00,t+1,31,High,28.9,2.0,0.47,Typical,Increase operational monitoring and review operational readiness for the upcoming period.
2025-10-01 05:00:00+03:00,2025-10-01 07:00:00+03:00,t+2,31,High,27.5,3.2,0.58,Typical,Increase operational monitoring and review operational readiness for the upcoming period.
2025-10-01 05:00:00+03:00,2025-10-01 08:00:00+03:00,t+3,31,High,27.8,3.0,0.57,Typical,Increase operational monitoring and review operational readiness for the upcoming period.
2025-10-01 06:00:00+03:00,2025-10-01 07:00:00+03:00,t+1,31,High,27.5,3.4,0.62,Typical,Increase operational monitoring and review operational readiness for the upcoming period.
2025-10-01 06:00:00+03:00,2025-10-01 08:00:00+03:00,t+2,31,High,27.8,2.9,0.55,Typical,Increase operational monitoring and review operational readiness for the upcoming period.
2025-10-01 06:00:00+03:00,2025-10-01 09:00:00+03:00,t+3,34,High,32.6,1.2,0.25,Typical,Increase operational monitoring and review operational readiness for the upcoming period.
2025-10-01 07:00:00+03:00,2025-10-01 08:00:00+03:00,t+1,31,High,27.8,3.0,0.57,Typical,Increase operational monitoring and review operational readiness for the upcoming period.
2025-10-01 07:00:00+03:00,2025-10-01 09:00:00+03:00,t+2,34,High,32.6,1.1,0.22,Typical,Increase operational monitoring and review operational readiness for the upcoming period.
2025-10-01 07:00:00+03:00,2025-10-01 10:00:00+03:00,t+3,32,High,30.6,1.2,0.25,Typical,Increase operational monitoring and review operational readiness for the upcoming period.
2025-10-01 08:00:00+03:00,2025-10-01 09:00:00+03:00,t+1,34,High,32.6,1.0,0.21,Typical,Increase operational monitoring and review operational readiness for the upcoming period.
2025-10-01 08:00:00+03:00,2025-10-01 10:00:00+03:00,t+2,31,High,30.6,0.9,0.19,Typical,Increase operational monitoring and review operational readiness for the upcoming period.
2025-10-01 08:00:00+03:00,2025-10-01 11:00:00+03:00,t+3,29,High,27.7,0.9,0.21,Typical,Increase operational monitoring and review operational readiness for the upcoming period.
2025-10-01 09:00:00+03:00,2025-10-01 10:00:00+03:00,t+1,32,High,30.6,1.1,0.23,Typical,Increase operational monitoring and review operational readiness for the upcoming period.
2025-10-01 09:00:00+03:00,2025-10-01 11:00:00+03:00,t+2,29,High,27.7,0.9,0.21,Typical,Increase operational monitoring and review operational readiness for the upcoming period.
2025-10-01 09:00:00+03:00,2025-10-01 12:00:00+03:00,t+3,25,High,26.6,-1.9,-0.56,Typical,Increase operational monitoring and review operational readiness for the upcoming period.
2025-10-01 10:00:00+03:00,2025-10-01 11:00:00+03:00,t+1,29,High,27.7,1.1,0.27,Typical,Increase operational monitoring and review operational readiness for the upcoming period.
2025-10-01 10:00:00+03:00,2025-10-01 12:00:00+03:00,t+2,25,High,26.6,-1.7,-0.5,Typical,Increase operational monitoring and review operational readiness for the upcoming period.
2025-10-01 10:00:00+03:00,2025-10-01 13:00:00+03:00,t+3,31,High,29.3,1.6,0.38,Typical,Increase operational monitoring and review operational readiness for the upcoming period.
2025-10-01 11:00:00+03:00,2025-10-01 12:00:00+03:00,t+1,25,High,26.6,-1.5,-0.43,Typical,Increase operational monitoring and review operational readiness for the upcoming period.
2025-10-01 11:00:00+03:00,2025-10-01 13:00:00+03:00,t+2,31,High,29.3,1.8,0.42,Typical,Increase operational monitoring and review operational readiness for the upcoming period.
2025-10-01 11:00:00+03:00,2025-10-01 14:00:00+03:00,t+3,33,High,31.4,1.7,0.34,Typical,Increase operational monitoring and review operational readiness for the upcoming period.
2025-10-01 12:00:00+03:00,2025-10-01 13:00:00+03:00,t+1,31,High,29.3,1.7,0.41,Typical,Increase operational monitoring and review operational readiness for the upcoming period.
2025-10-01 12:00:00+03:00,2025-10-01 14:00:00+03:00,t+2,33,High,31.4,1.6,0.3,Typical,Increase operational monitoring and review operational readiness for the upcoming period.
2025-10-01 12:00:00+03:00,2025-10-01 15:00:00+03:00,t+3,33,High,34.4,-1.4,-0.32,Typical,Increase operational monitoring and review operational readiness for the upcoming period.
2025-10-01 13:00:00+03:00,2025-10-01 14:00:00+03:00,t+1,33,High,31.4,1.6,0.31,Typical,Increase operational monitoring and review operational readiness for the upcoming period.
2025-10-01 13:00:00+03:00,2025-10-01 15:00:00+03:00,t+2,33,High,34.4,-1.5,-0.35,Typical,Increase operational monitoring and review operational readiness for the upcoming period.
2025-10-01 13:00:00+03:00,2025-10-01 16:00:00+03:00,t+3,33,High,31.6,1.4,0.38,Typical,Increase operational monitoring and review operational readiness for the upcoming period.
2025-10-01 14:00:00+03:00,2025-10-01 15:00:00+03:00,t+1,33,High,34.4,-1.2,-0.28,Typical,Increase operational monitoring and review operational readiness for the upcoming period.
2025-10-01 14:00:00+03:00,2025-10-01 16:00:00+03:00,t+2,33,High,31.6,1.5,0.41,Typical,Increase operational monitoring and review operational readiness for the upcoming period.
2025-10-01 14:00:00+03:00,2025-10-01 17:00:00+03:00,t+3,34,High,34.2,-0.0,-0.0,Typical,Increase operational monitoring and review operational readiness for the upcoming period.
2025-10-01 15:00:00+03:00,2025-10-01 16:00:00+03:00,t+1,33,High,31.6,1.7,0.44,Typical,Increase operational monitoring and review operational readiness for the upcoming period.
2025-10-01 15:00:00+03:00,2025-10-01 17:00:00+03:00,t+2,34,High,34.2,-0.0,-0.0,Typical,Increase operational monitoring and review operational readiness for the upcoming period.
2025-10-01 15:00:00+03:00,2025-10-01 18:00:00+03:00,t+3,36,Extreme,37.8,-1.4,-0.28,Typical,Prioritize operational coordination and maintain close monitoring during the upcoming peak period.
2025-10-01 16:00:00+03:00,2025-10-01 17:00:00+03:00,t+1,34,High,34.2,-0.0,-0.0,Typical,Increase operational monitoring and review operational readiness for the upcoming period.
2025-10-01 16:00:00+03:00,2025-10-01 18:00:00+03:00,t+2,36,Extreme,37.8,-1.6,-0.31,Typical,Prioritize operational coordination and maintain close monitoring during the upcoming peak period.
2025-10-01 16:00:00+03:00,2025-10-01 19:00:00+03:00,t+3,38,Extreme,34.8,3.5,0.7,Typical,Prioritize operational coordination and maintain close monitoring during the upcoming peak period.
2025-10-01 17:00:00+03:00,2025-10-01 18:00:00+03:00,t+1,36,Extreme,37.8,-1.6,-0.31,Typical,Prioritize operational coordination and maintain close monitoring during the upcoming peak period.
2025-10-01 17:00:00+03:00,2025-10-01 19:00:00+03:00,t+2,38,Extreme,34.8,3.4,0.68,Typical,Prioritize operational coordination and maintain close monitoring during the upcoming peak period.
2025-10-01 17:00:00+03:00,2025-10-01 20:00:00+03:00,t+3,37,Extreme,34.8,2.4,0.52,Typical,Prioritize operational coordination and maintain close monitoring during the upcoming peak period.
2025-10-01 18:00:00+03:00,2025-10-01 19:00:00+03:00,t+1,38,Extreme,34.8,3.4,0.68,Typical,Prioritize operational coordination and maintain close monitoring during the upcoming peak period.
2025-10-01 18:00:00+03:00,2025-10-01 20:00:00+03:00,t+2,37,Extreme,34.8,2.3,0.51,Typical,Prioritize operational coordination and maintain close monitoring during the upcoming peak period.
2025-10-01 18:00:00+03:00,2025-10-01 21:00:00+03:00,t+3,34,High,34.6,-0.4,-0.1,Typical,Increase operational monitoring and review operational readiness for the upcoming period.
2025-10-01 19:00:00+03:00,2025-10-01 20:00:00+03:00,t+1,37,Extreme,34.8,2.2,0.49,Typical,Prioritize operational coordination and maintain close monitoring during the upcoming peak period.
2025-10-01 19:00:00+03:00,2025-10-01 21:00:00+03:00,t+2,34,High,34.6,-0.5,-0.12,Typical,Increase operational monitoring and review operational readiness for the upcoming period.
2025-10-01 19:00:00+03:00,2025-10-01 22:00:00+03:00,t+3,38,Extreme,35.8,2.4,0.36,Typical,Prioritize operational coordination and maintain close monitoring during the upcoming peak period.
2025-10-01 20:00:00+03:00,2025-10-01 21:00:00+03:00,t+1,34,High,34.6,-0.5,-0.12,Typical,Increase operational monitoring and review operational readiness for the upcoming period.
2025-10-01 20:00:00+03:00,2025-10-01 22:00:00+03:00,t+2,38,Extreme,35.8,2.3,0.35,Typical,Prioritize operational coordination and maintain close monitoring during the upcoming peak period.
2025-10-01 20:00:00+03:00,2025-10-01 23:00:00+03:00,t+3,41,Extreme,38.8,2.3,0.38,Typical,Prioritize operational coordination and maintain close monitoring during the upcoming peak period.
2025-10-01 21:00:00+03:00,2025-10-01 22:00:00+03:00,t+1,38,Extreme,35.8,2.3,0.36,Typical,Prioritize operational coordination and maintain close monitoring during the upcoming peak period.
2025-10-01 21:00:00+03:00,2025-10-01 23:00:00+03:00,t+2,41,Extreme,38.8,2.2,0.38,Typical,Prioritize operational coordination and maintain close monitoring during the upcoming peak period.
2025-10-01 21:00:00+03:00,2025-10-02 00:00:00+03:00,t+3,12,Normal,27.1,-15.1,-2.13,Below typical,Maintain standard operational monitoring.
2025-10-01 22:00:00+03:00,2025-10-01 23:00:00+03:00,t+1,41,Extreme,38.8,2.5,0.42,Typical,Prioritize operational coordination and maintain close monitoring during the upcoming peak period.
2025-10-01 22:00:00+03:00,2025-10-02 00:00:00+03:00,t+2,12,Normal,27.1,-14.9,-2.11,Below typical,Maintain standard operational monitoring.
2025-10-01 22:00:00+03:00,2025-10-02 01:00:00+03:00,t+3,14,Normal,23.4,-9.3,-2.17,Below typical,Maintain standard operational monitoring.
2025-10-01 23:00:00+03:00,2025-10-02 00:00:00+03:00,t+1,13,Normal,27.1,-14.3,-2.02,Below typical,Maintain standard operational monitoring.
2025-10-01 23:00:00+03:00,2025-10-02 01:00:00+03:00,t+2,14,Normal,23.4,-8.9,-2.08,Below typical,Maintain standard operational monitoring.
2025-10-01 23:00:00+03:00,2025-10-02 02:00:00+03:00,t+3,22,High,25.6,-3.4,-1.79,Below typical,Increase operational monitoring and review operational readiness for the upcoming period.
2025-10-02 00:00:00+03:00,2025-10-02 01:00:00+03:00,t+1,14,Normal,23.4,-9.1,-2.13,Below typical,Maintain standard operational monitoring.
2025-10-02 00:00:00+03:00,2025-10-02 02:00:00+03:00,t+2,22,High,25.6,-3.5,-1.86,Below typical,Increase operational monitoring and review operational readiness for the upcoming period.
2025-10-02 00:00:00+03:00,2025-10-02 03:00:00+03:00,t+3,18,Normal,18.5,-0.5,-0.23,Typical,Maintain standard operational monitoring.
2025-10-02 01:00:00+03:00,2025-10-02 02:00:00+03:00,t+1,22,High,25.6,-3.7,-1.97,Below typical,Increase operational monitoring and review operational readiness for the upcoming period.
2025-10-02 01:00:00+03:00,2025-10-02 03:00:00+03:00,t+2,18,Normal,18.5,-0.7,-0.37,Typical,Maintain standard operational monitoring.
2025-10-02 01:00:00+03:00,2025-10-02 04:00:00+03:00,t+3,20,Normal,19.9,-0.1,-0.02,Typical,Maintain standard operational monitoring.
2025-10-02 02:00:00+03:00,2025-10-02 03:00:00+03:00,t+1,18,Normal,18.5,-0.5,-0.25,Typical,Maintain standard operational monitoring.
2025-10-02 02:00:00+03:00,2025-10-02 04:00:00+03:00,t+2,20,Normal,19.9,-0.0,-0.0,Typical,Maintain standard operational monitoring.
2025-10-02 02:00:00+03:00,2025-10-02 05:00:00+03:00,t+3,22,High,22.4,-0.4,-0.17,Typical,Increase operational monitoring and review operational readiness for the upcoming period.
2025-10-02 03:00:00+03:00,2025-10-02 04:00:00+03:00,t+1,20,Normal,19.9,0.3,0.12,Typical,Maintain standard operational monitoring.
2025-10-02 03:00:00+03:00,2025-10-02 05:00:00+03:00,t+2,22,High,22.4,-0.4,-0.15,Typical,Increase operational monitoring and review operational readiness for the upcoming period.
2025-10-02 03:00:00+03:00,2025-10-02 06:00:00+03:00,t+3,27,High,27.4,-0.2,-0.12,Typical,Increase operational monitoring and review operational readiness for the upcoming period.
2025-10-02 04:00:00+03:00,2025-10-02 05:00:00+03:00,t+1,22,High,22.4,-0.0,-0.01,Typical,Increase operational monitoring and review operational readiness for the upcoming period.
2025-10-02 04:00:00+03:00,2025-10-02 06:00:00+03:00,t+2,27,High,27.4,-0.2,-0.11,Typical,Increase operational monitoring and review operational readiness for the upcoming period.
2025-10-02 04:00:00+03:00,2025-10-02 07:00:00+03:00,t+3,25,High,28.2,-2.9,-1.65,Below typical,Increase operational monitoring and review operational readiness for the upcoming period.
2025-10-02 05:00:00+03:00,2025-10-02 06:00:00+03:00,t+1,28,High,27.4,0.2,0.14,Typical,Increase operational monitoring and review operational readiness for the upcoming period.
2025-10-02 05:00:00+03:00,2025-10-02 07:00:00+03:00,t+2,25,High,28.2,-2.8,-1.61,Below typical,Increase operational monitoring and review operational readiness for the upcoming period.
2025-10-02 05:00:00+03:00,2025-10-02 08:00:00+03:00,t+3,26,High,27.4,-1.0,-0.87,Typical,Increase operational monitoring and review operational readiness for the upcoming period.
2025-10-02 06:00:00+03:00,2025-10-02 07:00:00+03:00,t+1,26,High,28.2,-2.4,-1.39,Below typical,Increase operational monitoring and review operational readiness for the upcoming period.
2025-10-02 06:00:00+03:00,2025-10-02 08:00:00+03:00,t+2,27,High,27.4,-0.8,-0.74,Typical,Increase operational monitoring and review operational readiness for the upcoming period.
2025-10-02 06:00:00+03:00,2025-10-02 09:00:00+03:00,t+3,33,High,32.3,0.4,0.14,Typical,Increase operational monitoring and review operational readiness for the upcoming period.
2025-10-02 07:00:00+03:00,2025-10-02 08:00:00+03:00,t+1,27,High,27.4,-0.9,-0.8,Typical,Increase operational monitoring and review operational readiness for the upcoming period.
2025-10-02 07:00:00+03:00,2025-10-02 09:00:00+03:00,t+2,32,High,32.3,0.2,0.06,Typical,Increase operational monitoring and review operational readiness for the upcoming period.
2025-10-02 07:00:00+03:00,2025-10-02 10:00:00+03:00,t+3,37,Extreme,32.0,5.5,3.04,Above typical,Prioritize cross-team coordination and closely monitor passenger-processing and ground-operation readiness.
2025-10-02 08:00:00+03:00,2025-10-02 09:00:00+03:00,t+1,32,High,32.3,-0.2,-0.07,Typical,Increase operational monitoring and review operational readiness for the upcoming period.
2025-10-02 08:00:00+03:00,2025-10-02 10:00:00+03:00,t+2,37,Extreme,32.0,5.2,2.86,Above typical,Prioritize cross-team coordination and closely monitor passenger-processing and ground-operation readiness.
2025-10-02 08:00:00+03:00,2025-10-02 11:00:00+03:00,t+3,32,High,32.2,-0.1,-0.03,Typical,Increase operational monitoring and review operational readiness for the upcoming period.
2025-10-02 09:00:00+03:00,2025-10-02 10:00:00+03:00,t+1,37,Extreme,32.0,5.1,2.81,Above typical,Prioritize cross-team coordination and closely monitor passenger-processing and ground-operation readiness.
2025-10-02 09:00:00+03:00,2025-10-02 11:00:00+03:00,t+2,32,High,32.2,-0.0,-0.02,Typical,Increase operational monitoring and review operational readiness for the upcoming period.
2025-10-02 09:00:00+03:00,2025-10-02 12:00:00+03:00,t+3,24,High,26.6,-2.4,-1.98,Below typical,Increase operational monitoring and review operational readiness for the upcoming period.
2025-10-02 10:00:00+03:00,2025-10-02 11:00:00+03:00,t+1,33,High,32.2,0.3,0.18,Typical,Increase operational monitoring and review operational readiness for the upcoming period.
2025-10-02 10:00:00+03:00,2025-10-02 12:00:00+03:00,t+2,24,High,26.6,-2.1,-1.74,Below typical,Increase operational monitoring and review operational readiness for the upcoming period.
2025-10-02 10:00:00+03:00,2025-10-02 13:00:00+03:00,t+3,31,High,31.0,0.5,0.29,Typical,Increase operational monitoring and review operational readiness for the upcoming period.
2025-10-02 11:00:00+03:00,2025-10-02 12:00:00+03:00,t+1,25,High,26.6,-1.8,-1.43,Below typical,Increase operational monitoring and review operational readiness for the upcoming period.
2025-10-02 11:00:00+03:00,2025-10-02 13:00:00+03:00,t+2,32,High,31.0,0.7,0.41,Typical,Increase operational monitoring and review operational readiness for the upcoming period.
2025-10-02 11:00:00+03:00,2025-10-02 14:00:00+03:00,t+3,34,High,33.7,-0.1,-0.07,Typical,Increase operational monitoring and review operational readiness for the upcoming period.
2025-10-02 12:00:00+03:00,2025-10-02 13:00:00+03:00,t+1,32,High,31.0,0.6,0.34,Typical,Increase operational monitoring and review operational readiness for the upcoming period.
2025-10-02 12:00:00+03:00,2025-10-02 14:00:00+03:00,t+2,33,High,33.7,-0.3,-0.13,Typical,Increase operational monitoring and review operational readiness for the upcoming period.
2025-10-02 12:00:00+03:00,2025-10-02 15:00:00+03:00,t+3,36,Extreme,40.4,-4.0,-1.8,Below typical,Prioritize operational coordination and maintain close monitoring during the upcoming peak period.
2025-10-02 13:00:00+03:00,2025-10-02 14:00:00+03:00,t+1,33,High,33.7,-0.3,-0.14,Typical,Increase operational monitoring and review operational readiness for the upcoming period.
2025-10-02 13:00:00+03:00,2025-10-02 15:00:00+03:00,t+2,36,Extreme,40.4,-4.0,-1.8,Below typical,Prioritize operational coordination and maintain close monitoring during the upcoming peak period.
2025-10-02 13:00:00+03:00,2025-10-02 16:00:00+03:00,t+3,36,Extreme,34.4,1.9,0.44,Typical,Prioritize operational coordination and maintain close monitoring during the upcoming peak period.
2025-10-02 14:00:00+03:00,2025-10-02 15:00:00+03:00,t+1,36,Extreme,40.4,-4.0,-1.81,Below typical,Prioritize operational coordination and maintain close monitoring during the upcoming peak period.
2025-10-02 14:00:00+03:00,2025-10-02 16:00:00+03:00,t+2,36,Extreme,34.4,2.0,0.45,Typical,Prioritize operational coordination and maintain close monitoring during the upcoming peak period.
2025-10-02 14:00:00+03:00,2025-10-02 17:00:00+03:00,t+3,37,Extreme,37.2,0.1,0.06,Typical,Prioritize operational coordination and maintain close monitoring during the upcoming peak period.
2025-10-02 15:00:00+03:00,2025-10-02 16:00:00+03:00,t+1,36,Extreme,34.4,1.9,0.44,Typical,Prioritize operational coordination and maintain close monitoring during the upcoming peak period.
2025-10-02 15:00:00+03:00,2025-10-02 17:00:00+03:00,t+2,37,Extreme,37.2,0.2,0.08,Typical,Prioritize operational coordination and maintain close monitoring during the upcoming peak period.
2025-10-02 15:00:00+03:00,2025-10-02 18:00:00+03:00,t+3,41,Extreme,41.0,0.2,0.08,Typical,Prioritize operational coordination and maintain close monitoring during the upcoming peak period.
2025-10-02 16:00:00+03:00,2025-10-02 17:00:00+03:00,t+1,37,Extreme,37.2,0.1,0.04,Typical,Prioritize operational coordination and maintain close monitoring during the upcoming peak period.
2025-10-02 16:00:00+03:00,2025-10-02 18:00:00+03:00,t+2,41,Extreme,41.0,0.2,0.09,Typical,Prioritize operational coordination and maintain close monitoring during the upcoming peak period.
2025-10-02 16:00:00+03:00,2025-10-02 19:00:00+03:00,t+3,39,Extreme,37.2,2.0,0.92,Typical,Prioritize operational coordination and maintain close monitoring during the upcoming peak period.
2025-10-02 17:00:00+03:00,2025-10-02 18:00:00+03:00,t+1,41,Extreme,41.0,0.1,0.06,Typical,Prioritize operational coordination and maintain close monitoring during the upcoming peak period.
2025-10-02 17:00:00+03:00,2025-10-02 19:00:00+03:00,t+2,39,Extreme,37.2,2.0,0.93,Typical,Prioritize operational coordination and maintain close monitoring during the upcoming peak period.
2025-10-02 17:00:00+03:00,2025-10-02 20:00:00+03:00,t+3,38,Extreme,37.8,0.4,0.31,Typical,Prioritize operational coordination and maintain close monitoring during the upcoming peak period.
2025-10-02 18:00:00+03:00,2025-10-02 19:00:00+03:00,t+1,39,Extreme,37.2,1.9,0.9,Typical,Prioritize operational coordination and maintain close monitoring during the upcoming peak period.
2025-10-02 18:00:00+03:00,2025-10-02 20:00:00+03:00,t+2,38,Extreme,37.8,0.4,0.34,Typical,Prioritize operational coordination and maintain close monitoring during the upcoming peak period.
2025-10-02 18:00:00+03:00,2025-10-02 21:00:00+03:00,t+3,40,Extreme,37.8,2.4,1.1,Above typical,Prioritize cross-team coordination and closely monitor passenger-processing and ground-operation readiness.
2025-10-02 19:00:00+03:00,2025-10-02 20:00:00+03:00,t+1,38,Extreme,37.8,0.4,0.3,Typical,Prioritize operational coordination and maintain close monitoring during the upcoming peak period.
2025-10-02 19:00:00+03:00,2025-10-02 21:00:00+03:00,t+2,40,Extreme,37.8,2.5,1.12,Above typical,Prioritize cross-team coordination and closely monitor passenger-processing and ground-operation readiness.
2025-10-02 19:00:00+03:00,2025-10-02 22:00:00+03:00,t+3,35,Extreme,35.1,0.1,0.04,Typical,Prioritize operational coordination and maintain close monitoring during the upcoming peak period.
2025-10-02 20:00:00+03:00,2025-10-02 21:00:00+03:00,t+1,40,Extreme,37.8,2.4,1.09,Above typical,Prioritize cross-team coordination and closely monitor passenger-processing and ground-operation readiness.
2025-10-02 20:00:00+03:00,2025-10-02 22:00:00+03:00,t+2,35,Extreme,35.1,0.0,0.04,Typical,Prioritize operational coordination and maintain close monitoring during the upcoming peak period.
2025-10-02 20:00:00+03:00,2025-10-02 23:00:00+03:00,t+3,36,Extreme,33.0,3.2,1.79,Above typical,Prioritize cross-team coordination and closely monitor passenger-processing and ground-operation readiness.
2025-10-02 21:00:00+03:00,2025-10-02 22:00:00+03:00,t+1,35,Extreme,35.1,-0.1,-0.09,Typical,Prioritize operational coordination and maintain close monitoring during the upcoming peak period.
2025-10-02 21:00:00+03:00,2025-10-02 23:00:00+03:00,t+2,36,Extreme,33.0,3.0,1.7,Above typical,Prioritize cross-team coordination and closely monitor passenger-processing and ground-operation readiness.
2025-10-02 21:00:00+03:00,2025-10-03 00:00:00+03:00,t+3,34,High,28.6,5.4,0.87,Typical,Increase operational monitoring and review operational readiness for the upcoming period.
2025-10-02 22:00:00+03:00,2025-10-02 23:00:00+03:00,t+1,36,Extreme,33.0,3.0,1.68,Above typical,Prioritize cross-team coordination and closely monitor passenger-processing and ground-operation readiness.
2025-10-02 22:00:00+03:00,2025-10-03 00:00:00+03:00,t+2,34,High,28.6,5.3,0.85,Typical,Increase operational monitoring and review operational readiness for the upcoming period.
2025-10-02 22:00:00+03:00,2025-10-03 01:00:00+03:00,t+3,22,High,21.5,0.4,0.07,Typical,Increase operational monitoring and review operational readiness for the upcoming period.
2025-10-02 23:00:00+03:00,2025-10-03 00:00:00+03:00,t+1,34,High,28.6,5.2,0.84,Typical,Increase operational monitoring and review operational readiness for the upcoming period.
2025-10-02 23:00:00+03:00,2025-10-03 01:00:00+03:00,t+2,22,High,21.5,0.3,0.05,Typical,Increase operational monitoring and review operational readiness for the upcoming period.
2025-10-02 23:00:00+03:00,2025-10-03 02:00:00+03:00,t+3,24,High,21.2,2.7,0.69,Typical,Increase operational monitoring and review operational readiness for the upcoming period.
2025-10-03 00:00:00+03:00,2025-10-03 01:00:00+03:00,t+1,22,High,21.5,0.5,0.09,Typical,Increase operational monitoring and review operational readiness for the upcoming period.
2025-10-03 00:00:00+03:00,2025-10-03 02:00:00+03:00,t+2,24,High,21.2,2.7,0.7,Typical,Increase operational monitoring and review operational readiness for the upcoming period.
2025-10-03 00:00:00+03:00,2025-10-03 03:00:00+03:00,t+3,15,Normal,15.8,-0.9,-0.23,Typical,Maintain standard operational monitoring.
2025-10-03 01:00:00+03:00,2025-10-03 02:00:00+03:00,t+1,24,High,21.2,2.8,0.72,Typical,Increase operational monitoring and review operational readiness for the upcoming period.
2025-10-03 01:00:00+03:00,2025-10-03 03:00:00+03:00,t+2,15,Normal,15.8,-1.1,-0.27,Typical,Maintain standard operational monitoring.
2025-10-03 01:00:00+03:00,2025-10-03 04:00:00+03:00,t+3,16,Normal,15.6,0.2,0.09,Typical,Maintain standard operational monitoring.
2025-10-03 02:00:00+03:00,2025-10-03 03:00:00+03:00,t+1,15,Normal,15.8,-0.7,-0.18,Typical,Maintain standard operational monitoring.
2025-10-03 02:00:00+03:00,2025-10-03 04:00:00+03:00,t+2,16,Normal,15.6,0.4,0.15,Typical,Maintain standard operational monitoring.
2025-10-03 02:00:00+03:00,2025-10-03 05:00:00+03:00,t+3,22,High,20.7,1.3,0.37,Typical,Increase operational monitoring and review operational readiness for the upcoming period.
2025-10-03 03:00:00+03:00,2025-10-03 04:00:00+03:00,t+1,16,Normal,15.6,0.5,0.21,Typical,Maintain standard operational monitoring.
2025-10-03 03:00:00+03:00,2025-10-03 05:00:00+03:00,t+2,22,High,20.7,1.3,0.39,Typical,Increase operational monitoring and review operational readiness for the upcoming period.
2025-10-03 03:00:00+03:00,2025-10-03 06:00:00+03:00,t+3,29,High,27.6,1.5,0.35,Typical,Increase operational monitoring and review operational readiness for the upcoming period.
2025-10-03 04:00:00+03:00,2025-10-03 05:00:00+03:00,t+1,22,High,20.7,1.4,0.42,Typical,Increase operational monitoring and review operational readiness for the upcoming period.
2025-10-03 04:00:00+03:00,2025-10-03 06:00:00+03:00,t+2,29,High,27.6,1.5,0.35,Typical,Increase operational monitoring and review operational readiness for the upcoming period.
2025-10-03 04:00:00+03:00,2025-10-03 07:00:00+03:00,t+3,28,High,28.0,-0.0,-0.0,Typical,Increase operational monitoring and review operational readiness for the upcoming period.
2025-10-03 05:00:00+03:00,2025-10-03 06:00:00+03:00,t+1,29,High,27.6,1.7,0.4,Typical,Increase operational monitoring and review operational readiness for the upcoming period.
2025-10-03 05:00:00+03:00,2025-10-03 07:00:00+03:00,t+2,28,High,28.0,0.2,0.04,Typical,Increase operational monitoring and review operational readiness for the upcoming period.
2025-10-03 05:00:00+03:00,2025-10-03 08:00:00+03:00,t+3,26,High,27.6,-1.4,-0.42,Typical,Increase operational monitoring and review operational readiness for the upcoming period.
2025-10-03 06:00:00+03:00,2025-10-03 07:00:00+03:00,t+1,28,High,28.0,0.3,0.09,Typical,Increase operational monitoring and review operational readiness for the upcoming period.
2025-10-03 06:00:00+03:00,2025-10-03 08:00:00+03:00,t+2,26,High,27.6,-1.3,-0.4,Typical,Increase operational monitoring and review operational readiness for the upcoming period.
2025-10-03 06:00:00+03:00,2025-10-03 09:00:00+03:00,t+3,37,Extreme,34.6,2.8,0.59,Typical,Prioritize operational coordination and maintain close monitoring during the upcoming peak period.
2025-10-03 07:00:00+03:00,2025-10-03 08:00:00+03:00,t+1,26,High,27.6,-1.3,-0.39,Typical,Increase operational monitoring and review operational readiness for the upcoming period.
2025-10-03 07:00:00+03:00,2025-10-03 09:00:00+03:00,t+2,37,Extreme,34.6,2.7,0.57,Typical,Prioritize operational coordination and maintain close monitoring during the upcoming peak period.
2025-10-03 07:00:00+03:00,2025-10-03 10:00:00+03:00,t+3,32,High,28.7,3.6,0.74,Typical,Increase operational monitoring and review operational readiness for the upcoming period.
2025-10-03 08:00:00+03:00,2025-10-03 09:00:00+03:00,t+1,37,Extreme,34.6,2.6,0.55,Typical,Prioritize operational coordination and maintain close monitoring during the upcoming peak period.
2025-10-03 08:00:00+03:00,2025-10-03 10:00:00+03:00,t+2,32,High,28.7,3.4,0.7,Typical,Increase operational monitoring and review operational readiness for the upcoming period.
2025-10-03 08:00:00+03:00,2025-10-03 11:00:00+03:00,t+3,32,High,32.0,0.2,0.04,Typical,Increase operational monitoring and review operational readiness for the upcoming period.
2025-10-03 09:00:00+03:00,2025-10-03 10:00:00+03:00,t+1,32,High,28.7,3.5,0.71,Typical,Increase operational monitoring and review operational readiness for the upcoming period.
2025-10-03 09:00:00+03:00,2025-10-03 11:00:00+03:00,t+2,32,High,32.0,0.1,0.03,Typical,Increase operational monitoring and review operational readiness for the upcoming period.
2025-10-03 09:00:00+03:00,2025-10-03 12:00:00+03:00,t+3,28,High,27.5,0.7,0.55,Typical,Increase operational monitoring and review operational readiness for the upcoming period.
2025-10-03 10:00:00+03:00,2025-10-03 11:00:00+03:00,t+1,32,High,32.0,0.4,0.09,Typical,Increase operational monitoring and review operational readiness for the upcoming period.
2025-10-03 10:00:00+03:00,2025-10-03 12:00:00+03:00,t+2,28,High,27.5,0.8,0.71,Typical,Increase operational monitoring and review operational readiness for the upcoming period.
2025-10-03 10:00:00+03:00,2025-10-03 13:00:00+03:00,t+3,27,High,28.3,-0.9,-0.47,Typical,Increase operational monitoring and review operational readiness for the upcoming period.
2025-10-03 11:00:00+03:00,2025-10-03 12:00:00+03:00,t+1,29,High,27.5,1.1,0.91,Typical,Increase operational monitoring and review operational readiness for the upcoming period.
2025-10-03 11:00:00+03:00,2025-10-03 13:00:00+03:00,t+2,28,High,28.3,-0.7,-0.35,Typical,Increase operational monitoring and review operational readiness for the upcoming period.
2025-10-03 11:00:00+03:00,2025-10-03 14:00:00+03:00,t+3,33,High,28.8,3.8,1.65,Above typical,Increase operational monitoring and review readiness across passenger-processing and ground-operation areas.
2025-10-03 12:00:00+03:00,2025-10-03 13:00:00+03:00,t+1,28,High,28.3,-0.4,-0.22,Typical,Increase operational monitoring and review operational readiness for the upcoming period.
2025-10-03 12:00:00+03:00,2025-10-03 14:00:00+03:00,t+2,33,High,28.8,4.1,1.8,Above typical,Increase operational monitoring and review readiness across passenger-processing and ground-operation areas.
2025-10-03 12:00:00+03:00,2025-10-03 15:00:00+03:00,t+3,28,High,32.6,-4.7,-1.81,Below typical,Increase operational monitoring and review operational readiness for the upcoming period.
2025-10-03 13:00:00+03:00,2025-10-03 14:00:00+03:00,t+1,33,High,28.8,4.1,1.78,Above typical,Increase operational monitoring and review readiness across passenger-processing and ground-operation areas.
2025-10-03 13:00:00+03:00,2025-10-03 15:00:00+03:00,t+2,28,High,32.6,-4.7,-1.8,Below typical,Increase operational monitoring and review operational readiness for the upcoming period.
2025-10-03 13:00:00+03:00,2025-10-03 16:00:00+03:00,t+3,38,Extreme,35.8,2.0,0.72,Typical,Prioritize operational coordination and maintain close monitoring during the upcoming peak period.
2025-10-03 14:00:00+03:00,2025-10-03 15:00:00+03:00,t+1,28,High,32.6,-4.8,-1.85,Below typical,Increase operational monitoring and review operational readiness for the upcoming period.
2025-10-03 14:00:00+03:00,2025-10-03 16:00:00+03:00,t+2,38,Extreme,35.8,2.1,0.74,Typical,Prioritize operational coordination and maintain close monitoring during the upcoming peak period.
2025-10-03 14:00:00+03:00,2025-10-03 17:00:00+03:00,t+3,35,Extreme,34.6,0.2,0.12,Typical,Prioritize operational coordination and maintain close monitoring during the upcoming peak period.
2025-10-03 15:00:00+03:00,2025-10-03 16:00:00+03:00,t+1,38,Extreme,35.8,1.8,0.62,Typical,Prioritize operational coordination and maintain close monitoring during the upcoming peak period.
2025-10-03 15:00:00+03:00,2025-10-03 17:00:00+03:00,t+2,35,Extreme,34.6,0.1,0.05,Typical,Prioritize operational coordination and maintain close monitoring during the upcoming peak period.
2025-10-03 15:00:00+03:00,2025-10-03 18:00:00+03:00,t+3,40,Extreme,41.2,-1.7,-0.63,Typical,Prioritize operational coordination and maintain close monitoring during the upcoming peak period.
2025-10-03 16:00:00+03:00,2025-10-03 17:00:00+03:00,t+1,34,High,34.6,-0.2,-0.11,Typical,Increase operational monitoring and review operational readiness for the upcoming period.
2025-10-03 16:00:00+03:00,2025-10-03 18:00:00+03:00,t+2,39,Extreme,41.2,-1.8,-0.64,Typical,Prioritize operational coordination and maintain close monitoring during the upcoming peak period.
2025-10-03 16:00:00+03:00,2025-10-03 19:00:00+03:00,t+3,39,Extreme,36.8,2.6,1.1,Above typical,Prioritize cross-team coordination and closely monitor passenger-processing and ground-operation readiness.
2025-10-03 17:00:00+03:00,2025-10-03 18:00:00+03:00,t+1,39,Extreme,41.2,-2.0,-0.71,Typical,Prioritize operational coordination and maintain close monitoring during the upcoming peak period.
2025-10-03 17:00:00+03:00,2025-10-03 19:00:00+03:00,t+2,39,Extreme,36.8,2.6,1.09,Above typical,Prioritize cross-team coordination and closely monitor passenger-processing and ground-operation readiness.
2025-10-03 17:00:00+03:00,2025-10-03 20:00:00+03:00,t+3,38,Extreme,38.0,0.3,0.12,Typical,Prioritize operational coordination and maintain close monitoring during the upcoming peak period.
2025-10-03 18:00:00+03:00,2025-10-03 19:00:00+03:00,t+1,39,Extreme,36.8,2.5,1.04,Above typical,Prioritize cross-team coordination and closely monitor passenger-processing and ground-operation readiness.
2025-10-03 18:00:00+03:00,2025-10-03 20:00:00+03:00,t+2,38,Extreme,38.0,0.4,0.13,Typical,Prioritize operational coordination and maintain close monitoring during the upcoming peak period.
2025-10-03 18:00:00+03:00,2025-10-03 21:00:00+03:00,t+3,33,High,34.3,-1.0,-0.72,Typical,Increase operational monitoring and review operational readiness for the upcoming period.
2025-10-03 19:00:00+03:00,2025-10-03 20:00:00+03:00,t+1,38,Extreme,38.0,0.2,0.08,Typical,Prioritize operational coordination and maintain close monitoring during the upcoming peak period.
2025-10-03 19:00:00+03:00,2025-10-03 21:00:00+03:00,t+2,33,High,34.3,-1.0,-0.73,Typical,Increase operational monitoring and review operational readiness for the upcoming period.
2025-10-03 19:00:00+03:00,2025-10-03 22:00:00+03:00,t+3,34,High,34.7,-0.3,-0.2,Typical,Increase operational monitoring and review operational readiness for the upcoming period.
2025-10-03 20:00:00+03:00,2025-10-03 21:00:00+03:00,t+1,33,High,34.3,-1.1,-0.77,Typical,Increase operational monitoring and review operational readiness for the upcoming period.
2025-10-03 20:00:00+03:00,2025-10-03 22:00:00+03:00,t+2,34,High,34.7,-0.4,-0.24,Typical,Increase operational monitoring and review operational readiness for the upcoming period.
2025-10-03 20:00:00+03:00,2025-10-03 23:00:00+03:00,t+3,38,Extreme,38.2,0.3,0.12,Typical,Prioritize operational coordination and maintain close monitoring during the upcoming peak period.
2025-10-03 21:00:00+03:00,2025-10-03 22:00:00+03:00,t+1,34,High,34.7,-0.4,-0.26,Typical,Increase operational monitoring and review operational readiness for the upcoming period.
2025-10-03 21:00:00+03:00,2025-10-03 23:00:00+03:00,t+2,38,Extreme,38.2,-0.1,-0.03,Typical,Prioritize operational coordination and maintain close monitoring during the upcoming peak period.
2025-10-03 21:00:00+03:00,2025-10-04 00:00:00+03:00,t+3,29,High,26.5,2.9,0.63,Typical,Increase operational monitoring and review operational readiness for the upcoming period.
2025-10-03 22:00:00+03:00,2025-10-03 23:00:00+03:00,t+1,38,Extreme,38.2,0.0,0.01,Typical,Prioritize operational coordination and maintain close monitoring during the upcoming peak period.
2025-10-03 22:00:00+03:00,2025-10-04 00:00:00+03:00,t+2,29,High,26.5,2.3,0.51,Typical,Increase operational monitoring and review operational readiness for the upcoming period.
2025-10-03 22:00:00+03:00,2025-10-04 01:00:00+03:00,t+3,24,High,24.1,-0.2,-0.04,Typical,Increase operational monitoring and review operational readiness for the upcoming period.
2025-10-03 23:00:00+03:00,2025-10-04 00:00:00+03:00,t+1,29,High,26.5,2.6,0.57,Typical,Increase operational monitoring and review operational readiness for the upcoming period.
2025-10-03 23:00:00+03:00,2025-10-04 01:00:00+03:00,t+2,24,High,24.1,-0.3,-0.07,Typical,Increase operational monitoring and review operational readiness for the upcoming period.
2025-10-03 23:00:00+03:00,2025-10-04 02:00:00+03:00,t+3,27,High,25.3,1.6,0.47,Typical,Increase operational monitoring and review operational readiness for the upcoming period.
2025-10-04 00:00:00+03:00,2025-10-04 01:00:00+03:00,t+1,24,High,24.1,-0.0,-0.0,Typical,Increase operational monitoring and review operational readiness for the upcoming period.
2025-10-04 00:00:00+03:00,2025-10-04 02:00:00+03:00,t+2,27,High,25.3,1.6,0.47,Typical,Increase operational monitoring and review operational readiness for the upcoming period.
2025-10-04 00:00:00+03:00,2025-10-04 03:00:00+03:00,t+3,15,Normal,16.3,-1.3,-0.3,Typical,Maintain standard operational monitoring.
2025-10-04 01:00:00+03:00,2025-10-04 02:00:00+03:00,t+1,27,High,25.3,1.7,0.51,Typical,Increase operational monitoring and review operational readiness for the upcoming period.
2025-10-04 01:00:00+03:00,2025-10-04 03:00:00+03:00,t+2,15,Normal,16.3,-1.5,-0.34,Typical,Maintain standard operational monitoring.
2025-10-04 01:00:00+03:00,2025-10-04 04:00:00+03:00,t+3,21,Normal,19.6,1.4,0.4,Typical,Maintain standard operational monitoring.
2025-10-04 02:00:00+03:00,2025-10-04 03:00:00+03:00,t+1,15,Normal,16.3,-1.2,-0.27,Typical,Maintain standard operational monitoring.
2025-10-04 02:00:00+03:00,2025-10-04 04:00:00+03:00,t+2,21,Normal,19.6,1.5,0.43,Typical,Maintain standard operational monitoring.
2025-10-04 02:00:00+03:00,2025-10-04 05:00:00+03:00,t+3,22,High,24.9,-2.8,-0.68,Typical,Increase operational monitoring and review operational readiness for the upcoming period.
2025-10-04 03:00:00+03:00,2025-10-04 04:00:00+03:00,t+1,21,Normal,19.6,1.6,0.46,Typical,Maintain standard operational monitoring.
2025-10-04 03:00:00+03:00,2025-10-04 05:00:00+03:00,t+2,22,High,24.9,-2.8,-0.69,Typical,Increase operational monitoring and review operational readiness for the upcoming period.
2025-10-04 03:00:00+03:00,2025-10-04 06:00:00+03:00,t+3,30,High,27.2,2.9,0.79,Typical,Increase operational monitoring and review operational readiness for the upcoming period.
2025-10-04 04:00:00+03:00,2025-10-04 05:00:00+03:00,t+1,22,High,24.9,-2.7,-0.66,Typical,Increase operational monitoring and review operational readiness for the upcoming period.
2025-10-04 04:00:00+03:00,2025-10-04 06:00:00+03:00,t+2,30,High,27.2,2.9,0.78,Typical,Increase operational monitoring and review operational readiness for the upcoming period.
2025-10-04 04:00:00+03:00,2025-10-04 07:00:00+03:00,t+3,25,High,26.3,-1.2,-0.42,Typical,Increase operational monitoring and review operational readiness for the upcoming period.
2025-10-04 05:00:00+03:00,2025-10-04 06:00:00+03:00,t+1,30,High,27.2,3.1,0.85,Typical,Increase operational monitoring and review operational readiness for the upcoming period.
2025-10-04 05:00:00+03:00,2025-10-04 07:00:00+03:00,t+2,25,High,26.3,-1.0,-0.38,Typical,Increase operational monitoring and review operational readiness for the upcoming period.
2025-10-04 05:00:00+03:00,2025-10-04 08:00:00+03:00,t+3,26,High,24.3,2.0,0.54,Typical,Increase operational monitoring and review operational readiness for the upcoming period.
2025-10-04 06:00:00+03:00,2025-10-04 07:00:00+03:00,t+1,26,High,26.3,-0.8,-0.31,Typical,Increase operational monitoring and review operational readiness for the upcoming period.
2025-10-04 06:00:00+03:00,2025-10-04 08:00:00+03:00,t+2,26,High,24.3,2.1,0.58,Typical,Increase operational monitoring and review operational readiness for the upcoming period.
2025-10-04 06:00:00+03:00,2025-10-04 09:00:00+03:00,t+3,33,High,30.6,2.8,0.6,Typical,Increase operational monitoring and review operational readiness for the upcoming period.
2025-10-04 07:00:00+03:00,2025-10-04 08:00:00+03:00,t+1,26,High,24.3,1.9,0.53,Typical,Increase operational monitoring and review operational readiness for the upcoming period.
2025-10-04 07:00:00+03:00,2025-10-04 09:00:00+03:00,t+2,33,High,30.6,2.5,0.54,Typical,Increase operational monitoring and review operational readiness for the upcoming period.
2025-10-04 07:00:00+03:00,2025-10-04 10:00:00+03:00,t+3,37,Extreme,32.0,5.0,1.24,Above typical,Prioritize cross-team coordination and closely monitor passenger-processing and ground-operation readiness.
2025-10-04 08:00:00+03:00,2025-10-04 09:00:00+03:00,t+1,33,High,30.6,2.3,0.5,Typical,Increase operational monitoring and review operational readiness for the upcoming period.
2025-10-04 08:00:00+03:00,2025-10-04 10:00:00+03:00,t+2,36,Extreme,32.0,4.5,1.1,Above typical,Prioritize cross-team coordination and closely monitor passenger-processing and ground-operation readiness.
2025-10-04 08:00:00+03:00,2025-10-04 11:00:00+03:00,t+3,31,High,30.4,0.8,0.22,Typical,Increase operational monitoring and review operational readiness for the upcoming period.
2025-10-04 09:00:00+03:00,2025-10-04 10:00:00+03:00,t+1,36,Extreme,32.0,4.2,1.04,Above typical,Prioritize cross-team coordination and closely monitor passenger-processing and ground-operation readiness.
2025-10-04 09:00:00+03:00,2025-10-04 11:00:00+03:00,t+2,31,High,30.4,0.2,0.05,Typical,Increase operational monitoring and review operational readiness for the upcoming period.
2025-10-04 09:00:00+03:00,2025-10-04 12:00:00+03:00,t+3,25,High,26.8,-1.9,-0.38,Typical,Increase operational monitoring and review operational readiness for the upcoming period.
2025-10-04 10:00:00+03:00,2025-10-04 11:00:00+03:00,t+1,32,High,30.4,1.2,0.37,Typical,Increase operational monitoring and review operational readiness for the upcoming period.
2025-10-04 10:00:00+03:00,2025-10-04 12:00:00+03:00,t+2,26,High,26.8,-0.5,-0.1,Typical,Increase operational monitoring and review operational readiness for the upcoming period.
2025-10-04 10:00:00+03:00,2025-10-04 13:00:00+03:00,t+3,27,High,27.2,-0.1,-0.02,Typical,Increase operational monitoring and review operational readiness for the upcoming period.
2025-10-04 11:00:00+03:00,2025-10-04 12:00:00+03:00,t+1,27,High,26.8,0.3,0.06,Typical,Increase operational monitoring and review operational readiness for the upcoming period.
2025-10-04 11:00:00+03:00,2025-10-04 13:00:00+03:00,t+2,28,High,27.2,0.9,0.17,Typical,Increase operational monitoring and review operational readiness for the upcoming period.
2025-10-04 11:00:00+03:00,2025-10-04 14:00:00+03:00,t+3,35,Extreme,31.0,4.1,0.97,Typical,Prioritize operational coordination and maintain close monitoring during the upcoming peak period.
2025-10-04 12:00:00+03:00,2025-10-04 13:00:00+03:00,t+1,28,High,27.2,1.0,0.2,Typical,Increase operational monitoring and review operational readiness for the upcoming period.
2025-10-04 12:00:00+03:00,2025-10-04 14:00:00+03:00,t+2,35,Extreme,31.0,4.2,0.98,Typical,Prioritize operational coordination and maintain close monitoring during the upcoming peak period.
2025-10-04 12:00:00+03:00,2025-10-04 15:00:00+03:00,t+3,36,Extreme,35.7,0.4,0.05,Typical,Prioritize operational coordination and maintain close monitoring during the upcoming peak period.
2025-10-04 13:00:00+03:00,2025-10-04 14:00:00+03:00,t+1,35,Extreme,31.0,4.0,0.96,Typical,Prioritize operational coordination and maintain close monitoring during the upcoming peak period.
2025-10-04 13:00:00+03:00,2025-10-04 15:00:00+03:00,t+2,36,Extreme,35.7,0.2,0.03,Typical,Prioritize operational coordination and maintain close monitoring during the upcoming peak period.
2025-10-04 13:00:00+03:00,2025-10-04 16:00:00+03:00,t+3,36,Extreme,31.3,4.5,0.65,Typical,Prioritize operational coordination and maintain close monitoring during the upcoming peak period.
2025-10-04 14:00:00+03:00,2025-10-04 15:00:00+03:00,t+1,36,Extreme,35.7,0.2,0.03,Typical,Prioritize operational coordination and maintain close monitoring during the upcoming peak period.
2025-10-04 14:00:00+03:00,2025-10-04 16:00:00+03:00,t+2,36,Extreme,31.3,4.5,0.64,Typical,Prioritize operational coordination and maintain close monitoring during the upcoming peak period.
2025-10-04 14:00:00+03:00,2025-10-04 17:00:00+03:00,t+3,38,Extreme,34.5,3.3,0.7,Typical,Prioritize operational coordination and maintain close monitoring during the upcoming peak period.
2025-10-04 15:00:00+03:00,2025-10-04 16:00:00+03:00,t+1,36,Extreme,31.3,4.7,0.67,Typical,Prioritize operational coordination and maintain close monitoring during the upcoming peak period.
2025-10-04 15:00:00+03:00,2025-10-04 17:00:00+03:00,t+2,38,Extreme,34.5,3.5,0.74,Typical,Prioritize operational coordination and maintain close monitoring during the upcoming peak period.
2025-10-04 15:00:00+03:00,2025-10-04 18:00:00+03:00,t+3,37,Extreme,36.9,0.0,0.01,Typical,Prioritize operational coordination and maintain close monitoring during the upcoming peak period.
2025-10-04 16:00:00+03:00,2025-10-04 17:00:00+03:00,t+1,38,Extreme,34.5,3.5,0.74,Typical,Prioritize operational coordination and maintain close monitoring during the upcoming peak period.
2025-10-04 16:00:00+03:00,2025-10-04 18:00:00+03:00,t+2,37,Extreme,36.9,-0.0,-0.0,Typical,Prioritize operational coordination and maintain close monitoring during the upcoming peak period.
2025-10-04 16:00:00+03:00,2025-10-04 19:00:00+03:00,t+3,37,Extreme,33.5,3.4,0.65,Typical,Prioritize operational coordination and maintain close monitoring during the upcoming peak period.
2025-10-04 17:00:00+03:00,2025-10-04 18:00:00+03:00,t+1,37,Extreme,36.9,0.1,0.01,Typical,Prioritize operational coordination and maintain close monitoring during the upcoming peak period.
2025-10-04 17:00:00+03:00,2025-10-04 19:00:00+03:00,t+2,37,Extreme,33.5,3.5,0.67,Typical,Prioritize operational coordination and maintain close monitoring during the upcoming peak period.
2025-10-04 17:00:00+03:00,2025-10-04 20:00:00+03:00,t+3,40,Extreme,36.5,3.5,0.62,Typical,Prioritize operational coordination and maintain close monitoring during the upcoming peak period.
2025-10-04 18:00:00+03:00,2025-10-04 19:00:00+03:00,t+1,37,Extreme,33.5,3.5,0.67,Typical,Prioritize operational coordination and maintain close monitoring during the upcoming peak period.
2025-10-04 18:00:00+03:00,2025-10-04 20:00:00+03:00,t+2,40,Extreme,36.5,3.5,0.62,Typical,Prioritize operational coordination and maintain close monitoring during the upcoming peak period.
2025-10-04 18:00:00+03:00,2025-10-04 21:00:00+03:00,t+3,37,Extreme,35.6,1.5,0.23,Typical,Prioritize operational coordination and maintain close monitoring during the upcoming peak period.
2025-10-04 19:00:00+03:00,2025-10-04 20:00:00+03:00,t+1,40,Extreme,36.5,3.4,0.59,Typical,Prioritize operational coordination and maintain close monitoring during the upcoming peak period.
2025-10-04 19:00:00+03:00,2025-10-04 21:00:00+03:00,t+2,37,Extreme,35.6,1.3,0.19,Typical,Prioritize operational coordination and maintain close monitoring during the upcoming peak period.
2025-10-04 19:00:00+03:00,2025-10-04 22:00:00+03:00,t+3,39,Extreme,34.1,4.9,0.95,Typical,Prioritize operational coordination and maintain close monitoring during the upcoming peak period.
2025-10-04 20:00:00+03:00,2025-10-04 21:00:00+03:00,t+1,37,Extreme,35.6,1.3,0.19,Typical,Prioritize operational coordination and maintain close monitoring during the upcoming peak period.
2025-10-04 20:00:00+03:00,2025-10-04 22:00:00+03:00,t+2,39,Extreme,34.1,4.6,0.9,Typical,Prioritize operational coordination and maintain close monitoring during the upcoming peak period.
2025-10-04 20:00:00+03:00,2025-10-04 23:00:00+03:00,t+3,38,Extreme,32.9,5.1,0.98,Typical,Prioritize operational coordination and maintain close monitoring during the upcoming peak period.
2025-10-04 21:00:00+03:00,2025-10-04 22:00:00+03:00,t+1,39,Extreme,34.1,4.6,0.91,Typical,Prioritize operational coordination and maintain close monitoring during the upcoming peak period.
2025-10-04 21:00:00+03:00,2025-10-04 23:00:00+03:00,t+2,38,Extreme,32.9,4.7,0.91,Typical,Prioritize operational coordination and maintain close monitoring during the upcoming peak period.
2025-10-04 21:00:00+03:00,2025-10-05 00:00:00+03:00,t+3,35,Extreme,30.4,4.2,0.8,Typical,Prioritize operational coordination and maintain close monitoring during the upcoming peak period.
2025-10-04 22:00:00+03:00,2025-10-04 23:00:00+03:00,t+1,38,Extreme,32.9,5.0,0.97,Typical,Prioritize operational coordination and maintain close monitoring during the upcoming peak period.
2025-10-04 22:00:00+03:00,2025-10-05 00:00:00+03:00,t+2,35,Extreme,30.4,4.2,0.81,Typical,Prioritize operational coordination and maintain close monitoring during the upcoming peak period.
2025-10-04 22:00:00+03:00,2025-10-05 01:00:00+03:00,t+3,21,Normal,22.7,-2.0,-0.57,Typical,Maintain standard operational monitoring.
2025-10-04 23:00:00+03:00,2025-10-05 00:00:00+03:00,t+1,35,Extreme,30.4,4.4,0.83,Typical,Prioritize operational coordination and maintain close monitoring during the upcoming peak period.
2025-10-04 23:00:00+03:00,2025-10-05 01:00:00+03:00,t+2,21,Normal,22.7,-2.2,-0.63,Typical,Maintain standard operational monitoring.
2025-10-04 23:00:00+03:00,2025-10-05 02:00:00+03:00,t+3,28,High,25.2,2.3,0.77,Typical,Increase operational monitoring and review operational readiness for the upcoming period.
2025-10-05 00:00:00+03:00,2025-10-05 01:00:00+03:00,t+1,21,Normal,22.7,-1.9,-0.53,Typical,Maintain standard operational monitoring.
2025-10-05 00:00:00+03:00,2025-10-05 02:00:00+03:00,t+2,28,High,25.2,2.5,0.85,Typical,Increase operational monitoring and review operational readiness for the upcoming period.
2025-10-05 00:00:00+03:00,2025-10-05 03:00:00+03:00,t+3,16,Normal,17.4,-1.5,-0.41,Typical,Maintain standard operational monitoring.
2025-10-05 01:00:00+03:00,2025-10-05 02:00:00+03:00,t+1,28,High,25.2,2.5,0.85,Typical,Increase operational monitoring and review operational readiness for the upcoming period.
2025-10-05 01:00:00+03:00,2025-10-05 03:00:00+03:00,t+2,16,Normal,17.4,-1.8,-0.51,Typical,Maintain standard operational monitoring.
2025-10-05 01:00:00+03:00,2025-10-05 04:00:00+03:00,t+3,18,Normal,17.6,0.2,0.09,Typical,Maintain standard operational monitoring.
2025-10-05 02:00:00+03:00,2025-10-05 03:00:00+03:00,t+1,16,Normal,17.4,-1.4,-0.4,Typical,Maintain standard operational monitoring.
2025-10-05 02:00:00+03:00,2025-10-05 04:00:00+03:00,t+2,18,Normal,17.6,0.1,0.07,Typical,Maintain standard operational monitoring.
2025-10-05 02:00:00+03:00,2025-10-05 05:00:00+03:00,t+3,21,Normal,22.5,-1.6,-0.49,Typical,Maintain standard operational monitoring.
2025-10-05 03:00:00+03:00,2025-10-05 04:00:00+03:00,t+1,18,Normal,17.6,0.4,0.2,Typical,Maintain standard operational monitoring.
2025-10-05 03:00:00+03:00,2025-10-05 05:00:00+03:00,t+2,21,Normal,22.5,-1.7,-0.52,Typical,Maintain standard operational monitoring.
2025-10-05 03:00:00+03:00,2025-10-05 06:00:00+03:00,t+3,31,High,29.4,1.5,0.38,Typical,Increase operational monitoring and review operational readiness for the upcoming period.
2025-10-05 04:00:00+03:00,2025-10-05 05:00:00+03:00,t+1,21,Normal,22.5,-1.6,-0.47,Typical,Maintain standard operational monitoring.
2025-10-05 04:00:00+03:00,2025-10-05 06:00:00+03:00,t+2,31,High,29.4,1.4,0.35,Typical,Increase operational monitoring and review operational readiness for the upcoming period.
2025-10-05 04:00:00+03:00,2025-10-05 07:00:00+03:00,t+3,28,High,28.4,-0.5,-0.15,Typical,Increase operational monitoring and review operational readiness for the upcoming period.
2025-10-05 05:00:00+03:00,2025-10-05 06:00:00+03:00,t+1,31,High,29.4,1.6,0.4,Typical,Increase operational monitoring and review operational readiness for the upcoming period.
2025-10-05 05:00:00+03:00,2025-10-05 07:00:00+03:00,t+2,28,High,28.4,-0.5,-0.14,Typical,Increase operational monitoring and review operational readiness for the upcoming period.
2025-10-05 05:00:00+03:00,2025-10-05 08:00:00+03:00,t+3,26,High,27.6,-1.6,-0.5,Typical,Increase operational monitoring and review operational readiness for the upcoming period.
2025-10-05 06:00:00+03:00,2025-10-05 07:00:00+03:00,t+1,28,High,28.4,-0.3,-0.09,Typical,Increase operational monitoring and review operational readiness for the upcoming period.
2025-10-05 06:00:00+03:00,2025-10-05 08:00:00+03:00,t+2,26,High,27.6,-1.6,-0.49,Typical,Increase operational monitoring and review operational readiness for the upcoming period.
2025-10-05 06:00:00+03:00,2025-10-05 09:00:00+03:00,t+3,33,High,31.0,2.0,0.42,Typical,Increase operational monitoring and review operational readiness for the upcoming period.
2025-10-05 07:00:00+03:00,2025-10-05 08:00:00+03:00,t+1,26,High,27.6,-1.5,-0.46,Typical,Increase operational monitoring and review operational readiness for the upcoming period.
2025-10-05 07:00:00+03:00,2025-10-05 09:00:00+03:00,t+2,33,High,31.0,2.0,0.41,Typical,Increase operational monitoring and review operational readiness for the upcoming period.
2025-10-05 07:00:00+03:00,2025-10-05 10:00:00+03:00,t+3,32,High,29.3,2.8,0.65,Typical,Increase operational monitoring and review operational readiness for the upcoming period.
2025-10-05 08:00:00+03:00,2025-10-05 09:00:00+03:00,t+1,33,High,31.0,2.0,0.42,Typical,Increase operational monitoring and review operational readiness for the upcoming period.
2025-10-05 08:00:00+03:00,2025-10-05 10:00:00+03:00,t+2,32,High,29.3,2.7,0.63,Typical,Increase operational monitoring and review operational readiness for the upcoming period.
2025-10-05 08:00:00+03:00,2025-10-05 11:00:00+03:00,t+3,33,High,31.3,1.7,0.5,Typical,Increase operational monitoring and review operational readiness for the upcoming period.
2025-10-05 09:00:00+03:00,2025-10-05 10:00:00+03:00,t+1,32,High,29.3,2.8,0.66,Typical,Increase operational monitoring and review operational readiness for the upcoming period.
2025-10-05 09:00:00+03:00,2025-10-05 11:00:00+03:00,t+2,33,High,31.3,1.7,0.48,Typical,Increase operational monitoring and review operational readiness for the upcoming period.
2025-10-05 09:00:00+03:00,2025-10-05 12:00:00+03:00,t+3,26,High,26.6,-0.4,-0.13,Typical,Increase operational monitoring and review operational readiness for the upcoming period.
2025-10-05 10:00:00+03:00,2025-10-05 11:00:00+03:00,t+1,33,High,31.3,2.0,0.57,Typical,Increase operational monitoring and review operational readiness for the upcoming period.
2025-10-05 10:00:00+03:00,2025-10-05 12:00:00+03:00,t+2,26,High,26.6,-0.3,-0.1,Typical,Increase operational monitoring and review operational readiness for the upcoming period.
2025-10-05 10:00:00+03:00,2025-10-05 13:00:00+03:00,t+3,27,High,27.0,0.4,0.09,Typical,Increase operational monitoring and review operational readiness for the upcoming period.
2025-10-05 11:00:00+03:00,2025-10-05 12:00:00+03:00,t+1,27,High,26.6,0.1,0.02,Typical,Increase operational monitoring and review operational readiness for the upcoming period.
2025-10-05 11:00:00+03:00,2025-10-05 13:00:00+03:00,t+2,28,High,27.0,0.6,0.14,Typical,Increase operational monitoring and review operational readiness for the upcoming period.
2025-10-05 11:00:00+03:00,2025-10-05 14:00:00+03:00,t+3,32,High,30.2,1.6,0.31,Typical,Increase operational monitoring and review operational readiness for the upcoming period.
2025-10-05 12:00:00+03:00,2025-10-05 13:00:00+03:00,t+1,28,High,27.0,0.7,0.17,Typical,Increase operational monitoring and review operational readiness for the upcoming period.
2025-10-05 12:00:00+03:00,2025-10-05 14:00:00+03:00,t+2,32,High,30.2,1.6,0.3,Typical,Increase operational monitoring and review operational readiness for the upcoming period.
2025-10-05 12:00:00+03:00,2025-10-05 15:00:00+03:00,t+3,36,Extreme,36.4,-0.5,-0.1,Typical,Prioritize operational coordination and maintain close monitoring during the upcoming peak period.
2025-10-05 13:00:00+03:00,2025-10-05 14:00:00+03:00,t+1,32,High,30.2,1.5,0.29,Typical,Increase operational monitoring and review operational readiness for the upcoming period.
2025-10-05 13:00:00+03:00,2025-10-05 15:00:00+03:00,t+2,36,Extreme,36.4,-0.7,-0.14,Typical,Prioritize operational coordination and maintain close monitoring during the upcoming peak period.
2025-10-05 13:00:00+03:00,2025-10-05 16:00:00+03:00,t+3,35,Extreme,32.6,2.2,0.48,Typical,Prioritize operational coordination and maintain close monitoring during the upcoming peak period.
2025-10-05 14:00:00+03:00,2025-10-05 15:00:00+03:00,t+1,35,Extreme,36.4,-0.9,-0.19,Typical,Prioritize operational coordination and maintain close monitoring during the upcoming peak period.
2025-10-05 14:00:00+03:00,2025-10-05 16:00:00+03:00,t+2,35,Extreme,32.6,1.9,0.41,Typical,Prioritize operational coordination and maintain close monitoring during the upcoming peak period.
2025-10-05 14:00:00+03:00,2025-10-05 17:00:00+03:00,t+3,37,Extreme,34.4,2.2,0.45,Typical,Prioritize operational coordination and maintain close monitoring during the upcoming peak period.
2025-10-05 15:00:00+03:00,2025-10-05 16:00:00+03:00,t+1,34,High,32.6,1.8,0.38,Typical,Increase operational monitoring and review operational readiness for the upcoming period.
2025-10-05 15:00:00+03:00,2025-10-05 17:00:00+03:00,t+2,36,Extreme,34.4,2.0,0.41,Typical,Prioritize operational coordination and maintain close monitoring during the upcoming peak period.
2025-10-05 15:00:00+03:00,2025-10-05 18:00:00+03:00,t+3,39,Extreme,39.3,-0.7,-0.12,Typical,Prioritize operational coordination and maintain close monitoring during the upcoming peak period.
2025-10-05 16:00:00+03:00,2025-10-05 17:00:00+03:00,t+1,36,Extreme,34.4,1.8,0.37,Typical,Prioritize operational coordination and maintain close monitoring during the upcoming peak period.
2025-10-05 16:00:00+03:00,2025-10-05 18:00:00+03:00,t+2,38,Extreme,39.3,-1.0,-0.16,Typical,Prioritize operational coordination and maintain close monitoring during the upcoming peak period.
2025-10-05 16:00:00+03:00,2025-10-05 19:00:00+03:00,t+3,38,Extreme,35.8,2.7,0.53,Typical,Prioritize operational coordination and maintain close monitoring during the upcoming peak period.
2025-10-05 17:00:00+03:00,2025-10-05 18:00:00+03:00,t+1,38,Extreme,39.3,-1.0,-0.17,Typical,Prioritize operational coordination and maintain close monitoring during the upcoming peak period.
2025-10-05 17:00:00+03:00,2025-10-05 19:00:00+03:00,t+2,38,Extreme,35.8,2.5,0.5,Typical,Prioritize operational coordination and maintain close monitoring during the upcoming peak period.
2025-10-05 17:00:00+03:00,2025-10-05 20:00:00+03:00,t+3,38,Extreme,35.3,3.0,0.58,Typical,Prioritize operational coordination and maintain close monitoring during the upcoming peak period.
2025-10-05 18:00:00+03:00,2025-10-05 19:00:00+03:00,t+1,38,Extreme,35.8,2.5,0.49,Typical,Prioritize operational coordination and maintain close monitoring during the upcoming peak period.
2025-10-05 18:00:00+03:00,2025-10-05 20:00:00+03:00,t+2,38,Extreme,35.3,2.9,0.56,Typical,Prioritize operational coordination and maintain close monitoring during the upcoming peak period.
2025-10-05 18:00:00+03:00,2025-10-05 21:00:00+03:00,t+3,37,Extreme,35.2,2.1,0.45,Typical,Prioritize operational coordination and maintain close monitoring during the upcoming peak period.
2025-10-05 19:00:00+03:00,2025-10-05 20:00:00+03:00,t+1,38,Extreme,35.3,2.9,0.56,Typical,Prioritize operational coordination and maintain close monitoring during the upcoming peak period.
2025-10-05 19:00:00+03:00,2025-10-05 21:00:00+03:00,t+2,37,Extreme,35.2,2.0,0.43,Typical,Prioritize operational coordination and maintain close monitoring during the upcoming peak period.
2025-10-05 19:00:00+03:00,2025-10-05 22:00:00+03:00,t+3,36,Extreme,35.7,0.6,0.12,Typical,Prioritize operational coordination and maintain close monitoring during the upcoming peak period.
2025-10-05 20:00:00+03:00,2025-10-05 21:00:00+03:00,t+1,37,Extreme,35.2,2.0,0.43,Typical,Prioritize operational coordination and maintain close monitoring during the upcoming peak period.
2025-10-05 20:00:00+03:00,2025-10-05 22:00:00+03:00,t+2,36,Extreme,35.7,0.4,0.09,Typical,Prioritize operational coordination and maintain close monitoring during the upcoming peak period.
2025-10-05 20:00:00+03:00,2025-10-05 23:00:00+03:00,t+3,36,Extreme,32.8,3.4,0.78,Typical,Prioritize operational coordination and maintain close monitoring during the upcoming peak period.
2025-10-05 21:00:00+03:00,2025-10-05 22:00:00+03:00,t+1,36,Extreme,35.7,0.4,0.09,Typical,Prioritize operational coordination and maintain close monitoring during the upcoming peak period.
2025-10-05 21:00:00+03:00,2025-10-05 23:00:00+03:00,t+2,36,Extreme,32.8,3.3,0.75,Typical,Prioritize operational coordination and maintain close monitoring during the upcoming peak period.
2025-10-05 21:00:00+03:00,2025-10-06 00:00:00+03:00,t+3,29,High,12.1,17.1,1.93,Above typical,Increase operational monitoring and review readiness across passenger-processing and ground-operation areas.
2025-10-05 22:00:00+03:00,2025-10-05 23:00:00+03:00,t+1,36,Extreme,32.8,3.3,0.75,Typical,Prioritize operational coordination and maintain close monitoring during the upcoming peak period.
2025-10-05 22:00:00+03:00,2025-10-06 00:00:00+03:00,t+2,29,High,12.1,16.9,1.91,Above typical,Increase operational monitoring and review readiness across passenger-processing and ground-operation areas.
2025-10-05 22:00:00+03:00,2025-10-06 01:00:00+03:00,t+3,25,High,14.2,11.0,1.77,Above typical,Increase operational monitoring and review readiness across passenger-processing and ground-operation areas.
2025-10-05 23:00:00+03:00,2025-10-06 00:00:00+03:00,t+1,29,High,12.1,16.9,1.91,Above typical,Increase operational monitoring and review readiness across passenger-processing and ground-operation areas.
2025-10-05 23:00:00+03:00,2025-10-06 01:00:00+03:00,t+2,25,High,14.2,10.8,1.74,Above typical,Increase operational monitoring and review readiness across passenger-processing and ground-operation areas.
2025-10-05 23:00:00+03:00,2025-10-06 02:00:00+03:00,t+3,24,High,20.3,3.8,2.07,Above typical,Increase operational monitoring and review readiness across passenger-processing and ground-operation areas.
2025-10-06 00:00:00+03:00,2025-10-06 01:00:00+03:00,t+1,25,High,14.2,10.8,1.74,Above typical,Increase operational monitoring and review readiness across passenger-processing and ground-operation areas.
2025-10-06 00:00:00+03:00,2025-10-06 02:00:00+03:00,t+2,24,High,20.3,3.6,1.97,Above typical,Increase operational monitoring and review readiness across passenger-processing and ground-operation areas.
2025-10-06 00:00:00+03:00,2025-10-06 03:00:00+03:00,t+3,17,Normal,17.6,-0.5,-0.26,Typical,Maintain standard operational monitoring.
2025-10-06 01:00:00+03:00,2025-10-06 02:00:00+03:00,t+1,24,High,20.3,3.6,1.95,Above typical,Increase operational monitoring and review readiness across passenger-processing and ground-operation areas.
2025-10-06 01:00:00+03:00,2025-10-06 03:00:00+03:00,t+2,17,Normal,17.6,-0.7,-0.35,Typical,Maintain standard operational monitoring.
2025-10-06 01:00:00+03:00,2025-10-06 04:00:00+03:00,t+3,18,Normal,16.8,1.1,0.5,Typical,Maintain standard operational monitoring.
2025-10-06 02:00:00+03:00,2025-10-06 03:00:00+03:00,t+1,17,Normal,17.6,-0.6,-0.32,Typical,Maintain standard operational monitoring.
2025-10-06 02:00:00+03:00,2025-10-06 04:00:00+03:00,t+2,18,Normal,16.8,1.0,0.43,Typical,Maintain standard operational monitoring.
2025-10-06 02:00:00+03:00,2025-10-06 05:00:00+03:00,t+3,17,Normal,20.2,-3.2,-1.81,Below typical,Maintain standard operational monitoring.
2025-10-06 03:00:00+03:00,2025-10-06 04:00:00+03:00,t+1,18,Normal,16.8,1.1,0.49,Typical,Maintain standard operational monitoring.
2025-10-06 03:00:00+03:00,2025-10-06 05:00:00+03:00,t+2,17,Normal,20.2,-3.4,-1.9,Below typical,Maintain standard operational monitoring.
2025-10-06 03:00:00+03:00,2025-10-06 06:00:00+03:00,t+3,30,High,28.6,1.4,0.54,Typical,Increase operational monitoring and review operational readiness for the upcoming period.
2025-10-06 04:00:00+03:00,2025-10-06 05:00:00+03:00,t+1,17,Normal,20.2,-3.2,-1.8,Below typical,Maintain standard operational monitoring.
2025-10-06 04:00:00+03:00,2025-10-06 06:00:00+03:00,t+2,30,High,28.6,1.2,0.46,Typical,Increase operational monitoring and review operational readiness for the upcoming period.
2025-10-06 04:00:00+03:00,2025-10-06 07:00:00+03:00,t+3,26,High,27.9,-1.9,-0.57,Typical,Increase operational monitoring and review operational readiness for the upcoming period.
2025-10-06 05:00:00+03:00,2025-10-06 06:00:00+03:00,t+1,30,High,28.6,1.4,0.55,Typical,Increase operational monitoring and review operational readiness for the upcoming period.
2025-10-06 05:00:00+03:00,2025-10-06 07:00:00+03:00,t+2,26,High,27.9,-2.1,-0.63,Typical,Increase operational monitoring and review operational readiness for the upcoming period.
2025-10-06 05:00:00+03:00,2025-10-06 08:00:00+03:00,t+3,28,High,29.7,-1.7,-0.44,Typical,Increase operational monitoring and review operational readiness for the upcoming period.
2025-10-06 06:00:00+03:00,2025-10-06 07:00:00+03:00,t+1,26,High,27.9,-1.9,-0.55,Typical,Increase operational monitoring and review operational readiness for the upcoming period.
2025-10-06 06:00:00+03:00,2025-10-06 08:00:00+03:00,t+2,28,High,29.7,-1.9,-0.48,Typical,Increase operational monitoring and review operational readiness for the upcoming period.
2025-10-06 06:00:00+03:00,2025-10-06 09:00:00+03:00,t+3,33,High,35.2,-2.2,-0.57,Typical,Increase operational monitoring and review operational readiness for the upcoming period.
2025-10-06 07:00:00+03:00,2025-10-06 08:00:00+03:00,t+1,28,High,29.7,-1.6,-0.42,Typical,Increase operational monitoring and review operational readiness for the upcoming period.
2025-10-06 07:00:00+03:00,2025-10-06 09:00:00+03:00,t+2,33,High,35.2,-2.4,-0.62,Typical,Increase operational monitoring and review operational readiness for the upcoming period.
2025-10-06 07:00:00+03:00,2025-10-06 10:00:00+03:00,t+3,36,Extreme,35.2,0.9,0.23,Typical,Prioritize operational coordination and maintain close monitoring during the upcoming peak period.
2025-10-06 08:00:00+03:00,2025-10-06 09:00:00+03:00,t+1,33,High,35.2,-2.2,-0.57,Typical,Increase operational monitoring and review operational readiness for the upcoming period.
2025-10-06 08:00:00+03:00,2025-10-06 10:00:00+03:00,t+2,36,Extreme,35.2,0.6,0.17,Typical,Prioritize operational coordination and maintain close monitoring during the upcoming peak period.
2025-10-06 08:00:00+03:00,2025-10-06 11:00:00+03:00,t+3,32,High,31.0,1.1,0.55,Typical,Increase operational monitoring and review operational readiness for the upcoming period.
2025-10-06 09:00:00+03:00,2025-10-06 10:00:00+03:00,t+1,36,Extreme,35.2,0.8,0.21,Typical,Prioritize operational coordination and maintain close monitoring during the upcoming peak period.
2025-10-06 09:00:00+03:00,2025-10-06 11:00:00+03:00,t+2,32,High,31.0,0.9,0.45,Typical,Increase operational monitoring and review operational readiness for the upcoming period.
2025-10-06 09:00:00+03:00,2025-10-06 12:00:00+03:00,t+3,28,High,28.2,-0.0,-0.01,Typical,Increase operational monitoring and review operational readiness for the upcoming period.
2025-10-06 10:00:00+03:00,2025-10-06 11:00:00+03:00,t+1,32,High,31.0,1.1,0.56,Typical,Increase operational monitoring and review operational readiness for the upcoming period.
2025-10-06 10:00:00+03:00,2025-10-06 12:00:00+03:00,t+2,28,High,28.2,-0.1,-0.04,Typical,Increase operational monitoring and review operational readiness for the upcoming period.
2025-10-06 10:00:00+03:00,2025-10-06 13:00:00+03:00,t+3,32,High,30.2,1.9,0.6,Typical,Increase operational monitoring and review operational readiness for the upcoming period.
2025-10-06 11:00:00+03:00,2025-10-06 12:00:00+03:00,t+1,28,High,28.2,0.0,0.01,Typical,Increase operational monitoring and review operational readiness for the upcoming period.
2025-10-06 11:00:00+03:00,2025-10-06 13:00:00+03:00,t+2,32,High,30.2,1.9,0.57,Typical,Increase operational monitoring and review operational readiness for the upcoming period.
2025-10-06 11:00:00+03:00,2025-10-06 14:00:00+03:00,t+3,32,High,32.6,-0.3,-0.13,Typical,Increase operational monitoring and review operational readiness for the upcoming period.
2025-10-06 12:00:00+03:00,2025-10-06 13:00:00+03:00,t+1,32,High,30.2,1.9,0.6,Typical,Increase operational monitoring and review operational readiness for the upcoming period.
2025-10-06 12:00:00+03:00,2025-10-06 14:00:00+03:00,t+2,32,High,32.6,-0.4,-0.15,Typical,Increase operational monitoring and review operational readiness for the upcoming period.
2025-10-06 12:00:00+03:00,2025-10-06 15:00:00+03:00,t+3,33,High,33.7,-0.4,-0.16,Typical,Increase operational monitoring and review operational readiness for the upcoming period.
2025-10-06 13:00:00+03:00,2025-10-06 14:00:00+03:00,t+1,32,High,32.6,-0.3,-0.12,Typical,Increase operational monitoring and review operational readiness for the upcoming period.
2025-10-06 13:00:00+03:00,2025-10-06 15:00:00+03:00,t+2,33,High,33.7,-0.4,-0.16,Typical,Increase operational monitoring and review operational readiness for the upcoming period.
2025-10-06 13:00:00+03:00,2025-10-06 16:00:00+03:00,t+3,33,High,32.0,1.4,0.62,Typical,Increase operational monitoring and review operational readiness for the upcoming period.
2025-10-06 14:00:00+03:00,2025-10-06 15:00:00+03:00,t+1,33,High,33.7,-0.4,-0.16,Typical,Increase operational monitoring and review operational readiness for the upcoming period.
2025-10-06 14:00:00+03:00,2025-10-06 16:00:00+03:00,t+2,33,High,32.0,1.3,0.61,Typical,Increase operational monitoring and review operational readiness for the upcoming period.
2025-10-06 14:00:00+03:00,2025-10-06 17:00:00+03:00,t+3,34,High,35.9,-1.5,-0.75,Typical,Increase operational monitoring and review operational readiness for the upcoming period.
2025-10-06 15:00:00+03:00,2025-10-06 16:00:00+03:00,t+1,33,High,32.0,1.3,0.61,Typical,Increase operational monitoring and review operational readiness for the upcoming period.
2025-10-06 15:00:00+03:00,2025-10-06 17:00:00+03:00,t+2,34,High,35.9,-1.5,-0.76,Typical,Increase operational monitoring and review operational readiness for the upcoming period.
2025-10-06 15:00:00+03:00,2025-10-06 18:00:00+03:00,t+3,36,Extreme,39.7,-3.2,-1.34,Below typical,Prioritize operational coordination and maintain close monitoring during the upcoming peak period.
2025-10-06 16:00:00+03:00,2025-10-06 17:00:00+03:00,t+1,34,High,35.9,-1.7,-0.82,Typical,Increase operational monitoring and review operational readiness for the upcoming period.
2025-10-06 16:00:00+03:00,2025-10-06 18:00:00+03:00,t+2,36,Extreme,39.7,-3.4,-1.41,Below typical,Prioritize operational coordination and maintain close monitoring during the upcoming peak period.
2025-10-06 16:00:00+03:00,2025-10-06 19:00:00+03:00,t+3,39,Extreme,36.0,3.4,1.2,Above typical,Prioritize cross-team coordination and closely monitor passenger-processing and ground-operation readiness.
2025-10-06 17:00:00+03:00,2025-10-06 18:00:00+03:00,t+1,36,Extreme,39.7,-3.5,-1.47,Below typical,Prioritize operational coordination and maintain close monitoring during the upcoming peak period.
2025-10-06 17:00:00+03:00,2025-10-06 19:00:00+03:00,t+2,39,Extreme,36.0,3.2,1.15,Above typical,Prioritize cross-team coordination and closely monitor passenger-processing and ground-operation readiness.
2025-10-06 17:00:00+03:00,2025-10-06 20:00:00+03:00,t+3,39,Extreme,36.6,2.7,1.52,Above typical,Prioritize cross-team coordination and closely monitor passenger-processing and ground-operation readiness.
2025-10-06 18:00:00+03:00,2025-10-06 19:00:00+03:00,t+1,39,Extreme,36.0,3.1,1.12,Above typical,Prioritize cross-team coordination and closely monitor passenger-processing and ground-operation readiness.
2025-10-06 18:00:00+03:00,2025-10-06 20:00:00+03:00,t+2,39,Extreme,36.6,2.6,1.44,Above typical,Prioritize cross-team coordination and closely monitor passenger-processing and ground-operation readiness.
2025-10-06 18:00:00+03:00,2025-10-06 21:00:00+03:00,t+3,36,Extreme,34.8,1.6,0.73,Typical,Prioritize operational coordination and maintain close monitoring during the upcoming peak period.
2025-10-06 19:00:00+03:00,2025-10-06 20:00:00+03:00,t+1,39,Extreme,36.6,2.5,1.38,Above typical,Prioritize cross-team coordination and closely monitor passenger-processing and ground-operation readiness.
2025-10-06 19:00:00+03:00,2025-10-06 21:00:00+03:00,t+2,36,Extreme,34.8,1.5,0.68,Typical,Prioritize operational coordination and maintain close monitoring during the upcoming peak period.
2025-10-06 19:00:00+03:00,2025-10-06 22:00:00+03:00,t+3,37,Extreme,36.4,1.0,0.33,Typical,Prioritize operational coordination and maintain close monitoring during the upcoming peak period.
2025-10-06 20:00:00+03:00,2025-10-06 21:00:00+03:00,t+1,36,Extreme,34.8,1.4,0.63,Typical,Prioritize operational coordination and maintain close monitoring during the upcoming peak period.
2025-10-06 20:00:00+03:00,2025-10-06 22:00:00+03:00,t+2,37,Extreme,36.4,0.9,0.28,Typical,Prioritize operational coordination and maintain close monitoring during the upcoming peak period.
2025-10-06 20:00:00+03:00,2025-10-06 23:00:00+03:00,t+3,38,Extreme,37.3,1.1,0.47,Typical,Prioritize operational coordination and maintain close monitoring during the upcoming peak period.
2025-10-06 21:00:00+03:00,2025-10-06 22:00:00+03:00,t+1,37,Extreme,36.4,0.7,0.23,Typical,Prioritize operational coordination and maintain close monitoring during the upcoming peak period.
2025-10-06 21:00:00+03:00,2025-10-06 23:00:00+03:00,t+2,38,Extreme,37.3,0.9,0.4,Typical,Prioritize operational coordination and maintain close monitoring during the upcoming peak period.
2025-10-06 21:00:00+03:00,2025-10-07 00:00:00+03:00,t+3,31,High,30.2,1.1,0.2,Typical,Increase operational monitoring and review operational readiness for the upcoming period.
2025-10-06 22:00:00+03:00,2025-10-06 23:00:00+03:00,t+1,38,Extreme,37.3,1.0,0.44,Typical,Prioritize operational coordination and maintain close monitoring during the upcoming peak period.
2025-10-06 22:00:00+03:00,2025-10-07 00:00:00+03:00,t+2,31,High,30.2,1.2,0.21,Typical,Increase operational monitoring and review operational readiness for the upcoming period.
2025-10-06 22:00:00+03:00,2025-10-07 01:00:00+03:00,t+3,22,High,22.5,-0.9,-0.21,Typical,Increase operational monitoring and review operational readiness for the upcoming period.
2025-10-06 23:00:00+03:00,2025-10-07 00:00:00+03:00,t+1,31,High,30.2,1.1,0.2,Typical,Increase operational monitoring and review operational readiness for the upcoming period.
2025-10-06 23:00:00+03:00,2025-10-07 01:00:00+03:00,t+2,21,Normal,22.5,-1.2,-0.28,Typical,Maintain standard operational monitoring.
2025-10-06 23:00:00+03:00,2025-10-07 02:00:00+03:00,t+3,25,High,24.5,0.8,0.27,Typical,Increase operational monitoring and review operational readiness for the upcoming period.
2025-10-07 00:00:00+03:00,2025-10-07 01:00:00+03:00,t+1,21,Normal,22.5,-1.1,-0.27,Typical,Maintain standard operational monitoring.
2025-10-07 00:00:00+03:00,2025-10-07 02:00:00+03:00,t+2,25,High,24.5,0.7,0.24,Typical,Increase operational monitoring and review operational readiness for the upcoming period.
2025-10-07 00:00:00+03:00,2025-10-07 03:00:00+03:00,t+3,17,Normal,18.2,-0.9,-0.24,Typical,Maintain standard operational monitoring.
2025-10-07 01:00:00+03:00,2025-10-07 02:00:00+03:00,t+1,25,High,24.5,0.6,0.21,Typical,Increase operational monitoring and review operational readiness for the upcoming period.
2025-10-07 01:00:00+03:00,2025-10-07 03:00:00+03:00,t+2,17,Normal,18.2,-1.1,-0.31,Typical,Maintain standard operational monitoring.
2025-10-07 01:00:00+03:00,2025-10-07 04:00:00+03:00,t+3,19,Normal,19.2,-0.0,-0.01,Typical,Maintain standard operational monitoring.
2025-10-07 02:00:00+03:00,2025-10-07 03:00:00+03:00,t+1,17,Normal,18.2,-1.0,-0.27,Typical,Maintain standard operational monitoring.
2025-10-07 02:00:00+03:00,2025-10-07 04:00:00+03:00,t+2,19,Normal,19.2,-0.1,-0.03,Typical,Maintain standard operational monitoring.
2025-10-07 02:00:00+03:00,2025-10-07 05:00:00+03:00,t+3,19,Normal,21.2,-2.1,-0.79,Typical,Maintain standard operational monitoring.
2025-10-07 03:00:00+03:00,2025-10-07 04:00:00+03:00,t+1,19,Normal,19.2,0.1,0.03,Typical,Maintain standard operational monitoring.
2025-10-07 03:00:00+03:00,2025-10-07 05:00:00+03:00,t+2,19,Normal,21.2,-2.1,-0.81,Typical,Maintain standard operational monitoring.
2025-10-07 03:00:00+03:00,2025-10-07 06:00:00+03:00,t+3,28,High,26.6,1.6,0.51,Typical,Increase operational monitoring and review operational readiness for the upcoming period.
2025-10-07 04:00:00+03:00,2025-10-07 05:00:00+03:00,t+1,19,Normal,21.2,-1.9,-0.73,Typical,Maintain standard operational monitoring.
2025-10-07 04:00:00+03:00,2025-10-07 06:00:00+03:00,t+2,28,High,26.6,1.5,0.49,Typical,Increase operational monitoring and review operational readiness for the upcoming period.
2025-10-07 04:00:00+03:00,2025-10-07 07:00:00+03:00,t+3,24,High,25.3,-1.1,-0.36,Typical,Increase operational monitoring and review operational readiness for the upcoming period.
2025-10-07 05:00:00+03:00,2025-10-07 06:00:00+03:00,t+1,28,High,26.6,1.7,0.54,Typical,Increase operational monitoring and review operational readiness for the upcoming period.
2025-10-07 05:00:00+03:00,2025-10-07 07:00:00+03:00,t+2,24,High,25.3,-1.1,-0.38,Typical,Increase operational monitoring and review operational readiness for the upcoming period.
2025-10-07 05:00:00+03:00,2025-10-07 08:00:00+03:00,t+3,29,High,24.7,4.5,1.64,Above typical,Increase operational monitoring and review readiness across passenger-processing and ground-operation areas.
2025-10-07 06:00:00+03:00,2025-10-07 07:00:00+03:00,t+1,24,High,25.3,-0.9,-0.31,Typical,Increase operational monitoring and review operational readiness for the upcoming period.
2025-10-07 06:00:00+03:00,2025-10-07 08:00:00+03:00,t+2,29,High,24.7,4.6,1.65,Above typical,Increase operational monitoring and review readiness across passenger-processing and ground-operation areas.
2025-10-07 06:00:00+03:00,2025-10-07 09:00:00+03:00,t+3,29,High,28.3,1.0,0.29,Typical,Increase operational monitoring and review operational readiness for the upcoming period.
2025-10-07 07:00:00+03:00,2025-10-07 08:00:00+03:00,t+1,29,High,24.7,4.5,1.63,Above typical,Increase operational monitoring and review readiness across passenger-processing and ground-operation areas.
2025-10-07 07:00:00+03:00,2025-10-07 09:00:00+03:00,t+2,29,High,28.3,0.8,0.24,Typical,Increase operational monitoring and review operational readiness for the upcoming period.
2025-10-07 07:00:00+03:00,2025-10-07 10:00:00+03:00,t+3,35,Extreme,29.4,5.7,1.29,Above typical,Prioritize cross-team coordination and closely monitor passenger-processing and ground-operation readiness.
2025-10-07 08:00:00+03:00,2025-10-07 09:00:00+03:00,t+1,29,High,28.3,0.8,0.22,Typical,Increase operational monitoring and review operational readiness for the upcoming period.
2025-10-07 08:00:00+03:00,2025-10-07 10:00:00+03:00,t+2,35,Extreme,29.4,5.5,1.25,Above typical,Prioritize cross-team coordination and closely monitor passenger-processing and ground-operation readiness.
2025-10-07 08:00:00+03:00,2025-10-07 11:00:00+03:00,t+3,34,High,28.8,5.3,1.51,Above typical,Increase operational monitoring and review readiness across passenger-processing and ground-operation areas.
2025-10-07 09:00:00+03:00,2025-10-07 10:00:00+03:00,t+1,35,Extreme,29.4,5.3,1.19,Above typical,Prioritize cross-team coordination and closely monitor passenger-processing and ground-operation readiness.
2025-10-07 09:00:00+03:00,2025-10-07 11:00:00+03:00,t+2,34,High,28.8,5.0,1.42,Above typical,Increase operational monitoring and review readiness across passenger-processing and ground-operation areas.
2025-10-07 09:00:00+03:00,2025-10-07 12:00:00+03:00,t+3,27,High,26.4,0.3,0.22,Typical,Increase operational monitoring and review operational readiness for the upcoming period.
2025-10-07 10:00:00+03:00,2025-10-07 11:00:00+03:00,t+1,34,High,28.8,5.0,1.42,Above typical,Increase operational monitoring and review readiness across passenger-processing and ground-operation areas.
2025-10-07 10:00:00+03:00,2025-10-07 12:00:00+03:00,t+2,27,High,26.4,0.4,0.27,Typical,Increase operational monitoring and review operational readiness for the upcoming period.
2025-10-07 10:00:00+03:00,2025-10-07 13:00:00+03:00,t+3,30,High,28.3,1.5,1.14,Above typical,Increase operational monitoring and review readiness across passenger-processing and ground-operation areas.
2025-10-07 11:00:00+03:00,2025-10-07 12:00:00+03:00,t+1,27,High,26.4,0.5,0.32,Typical,Increase operational monitoring and review operational readiness for the upcoming period.
2025-10-07 11:00:00+03:00,2025-10-07 13:00:00+03:00,t+2,30,High,28.3,1.6,1.22,Above typical,Increase operational monitoring and review readiness across passenger-processing and ground-operation areas.
2025-10-07 11:00:00+03:00,2025-10-07 14:00:00+03:00,t+3,32,High,30.7,1.3,0.55,Typical,Increase operational monitoring and review operational readiness for the upcoming period.
2025-10-07 12:00:00+03:00,2025-10-07 13:00:00+03:00,t+1,30,High,28.3,1.6,1.19,Above typical,Increase operational monitoring and review readiness across passenger-processing and ground-operation areas.
2025-10-07 12:00:00+03:00,2025-10-07 14:00:00+03:00,t+2,32,High,30.7,1.2,0.51,Typical,Increase operational monitoring and review operational readiness for the upcoming period.
2025-10-07 12:00:00+03:00,2025-10-07 15:00:00+03:00,t+3,33,High,36.7,-3.7,-0.97,Typical,Increase operational monitoring and review operational readiness for the upcoming period.
2025-10-07 13:00:00+03:00,2025-10-07 14:00:00+03:00,t+1,32,High,30.7,1.3,0.52,Typical,Increase operational monitoring and review operational readiness for the upcoming period.
2025-10-07 13:00:00+03:00,2025-10-07 15:00:00+03:00,t+2,33,High,36.7,-3.7,-0.98,Typical,Increase operational monitoring and review operational readiness for the upcoming period.
2025-10-07 13:00:00+03:00,2025-10-07 16:00:00+03:00,t+3,33,High,32.4,0.6,0.17,Typical,Increase operational monitoring and review operational readiness for the upcoming period.
2025-10-07 14:00:00+03:00,2025-10-07 15:00:00+03:00,t+1,33,High,36.7,-3.5,-0.92,Typical,Increase operational monitoring and review operational readiness for the upcoming period.
2025-10-07 14:00:00+03:00,2025-10-07 16:00:00+03:00,t+2,33,High,32.4,0.8,0.23,Typical,Increase operational monitoring and review operational readiness for the upcoming period.
2025-10-07 14:00:00+03:00,2025-10-07 17:00:00+03:00,t+3,35,Extreme,36.6,-1.3,-0.83,Typical,Prioritize operational coordination and maintain close monitoring during the upcoming peak period.
2025-10-07 15:00:00+03:00,2025-10-07 16:00:00+03:00,t+1,33,High,32.4,0.9,0.26,Typical,Increase operational monitoring and review operational readiness for the upcoming period.
2025-10-07 15:00:00+03:00,2025-10-07 17:00:00+03:00,t+2,35,Extreme,36.6,-1.3,-0.85,Typical,Prioritize operational coordination and maintain close monitoring during the upcoming peak period.
2025-10-07 15:00:00+03:00,2025-10-07 18:00:00+03:00,t+3,38,Extreme,40.8,-2.5,-0.88,Typical,Prioritize operational coordination and maintain close monitoring during the upcoming peak period.
2025-10-07 16:00:00+03:00,2025-10-07 17:00:00+03:00,t+1,35,Extreme,36.6,-1.3,-0.85,Typical,Prioritize operational coordination and maintain close monitoring during the upcoming peak period.
2025-10-07 16:00:00+03:00,2025-10-07 18:00:00+03:00,t+2,38,Extreme,40.8,-2.7,-0.94,Typical,Prioritize operational coordination and maintain close monitoring during the upcoming peak period.
2025-10-07 16:00:00+03:00,2025-10-07 19:00:00+03:00,t+3,38,Extreme,36.4,1.9,0.82,Typical,Prioritize operational coordination and maintain close monitoring during the upcoming peak period.
2025-10-07 17:00:00+03:00,2025-10-07 18:00:00+03:00,t+1,38,Extreme,40.8,-2.7,-0.93,Typical,Prioritize operational coordination and maintain close monitoring during the upcoming peak period.
2025-10-07 17:00:00+03:00,2025-10-07 19:00:00+03:00,t+2,38,Extreme,36.4,1.7,0.75,Typical,Prioritize operational coordination and maintain close monitoring during the upcoming peak period.
2025-10-07 17:00:00+03:00,2025-10-07 20:00:00+03:00,t+3,42,Extreme,35.8,6.5,3.47,Above typical,Prioritize cross-team coordination and closely monitor passenger-processing and ground-operation readiness.
2025-10-07 18:00:00+03:00,2025-10-07 19:00:00+03:00,t+1,38,Extreme,36.4,1.8,0.78,Typical,Prioritize operational coordination and maintain close monitoring during the upcoming peak period.
2025-10-07 18:00:00+03:00,2025-10-07 20:00:00+03:00,t+2,42,Extreme,35.8,6.3,3.4,Above typical,Prioritize cross-team coordination and closely monitor passenger-processing and ground-operation readiness.
2025-10-07 18:00:00+03:00,2025-10-07 21:00:00+03:00,t+3,40,Extreme,36.6,3.6,2.22,Above typical,Prioritize cross-team coordination and closely monitor passenger-processing and ground-operation readiness.
2025-10-07 19:00:00+03:00,2025-10-07 20:00:00+03:00,t+1,42,Extreme,35.8,6.4,3.43,Above typical,Prioritize cross-team coordination and closely monitor passenger-processing and ground-operation readiness.
2025-10-07 19:00:00+03:00,2025-10-07 21:00:00+03:00,t+2,40,Extreme,36.6,3.5,2.14,Above typical,Prioritize cross-team coordination and closely monitor passenger-processing and ground-operation readiness.
2025-10-07 19:00:00+03:00,2025-10-07 22:00:00+03:00,t+3,38,Extreme,34.6,3.6,2.0,Above typical,Prioritize cross-team coordination and closely monitor passenger-processing and ground-operation readiness.
2025-10-07 20:00:00+03:00,2025-10-07 21:00:00+03:00,t+1,40,Extreme,36.6,3.6,2.17,Above typical,Prioritize cross-team coordination and closely monitor passenger-processing and ground-operation readiness.
2025-10-07 20:00:00+03:00,2025-10-07 22:00:00+03:00,t+2,38,Extreme,34.6,3.4,1.93,Above typical,Prioritize cross-team coordination and closely monitor passenger-processing and ground-operation readiness.
2025-10-07 20:00:00+03:00,2025-10-07 23:00:00+03:00,t+3,37,Extreme,34.4,2.7,1.52,Above typical,Prioritize cross-team coordination and closely monitor passenger-processing and ground-operation readiness.
2025-10-07 21:00:00+03:00,2025-10-07 22:00:00+03:00,t+1,38,Extreme,34.6,3.5,1.95,Above typical,Prioritize cross-team coordination and closely monitor passenger-processing and ground-operation readiness.
2025-10-07 21:00:00+03:00,2025-10-07 23:00:00+03:00,t+2,37,Extreme,34.4,2.4,1.34,Above typical,Prioritize cross-team coordination and closely monitor passenger-processing and ground-operation readiness.
2025-10-07 21:00:00+03:00,2025-10-08 00:00:00+03:00,t+3,31,High,27.3,3.4,0.73,Typical,Increase operational monitoring and review operational readiness for the upcoming period.
2025-10-07 22:00:00+03:00,2025-10-07 23:00:00+03:00,t+1,37,Extreme,34.4,2.3,1.28,Above typical,Prioritize cross-team coordination and closely monitor passenger-processing and ground-operation readiness.
2025-10-07 22:00:00+03:00,2025-10-08 00:00:00+03:00,t+2,30,High,27.3,3.1,0.65,Typical,Increase operational monitoring and review operational readiness for the upcoming period.
2025-10-07 22:00:00+03:00,2025-10-08 01:00:00+03:00,t+3,22,High,23.0,-1.0,-0.25,Typical,Increase operational monitoring and review operational readiness for the upcoming period.
2025-10-07 23:00:00+03:00,2025-10-08 00:00:00+03:00,t+1,29,High,27.3,1.8,0.39,Typical,Increase operational monitoring and review operational readiness for the upcoming period.
2025-10-07 23:00:00+03:00,2025-10-08 01:00:00+03:00,t+2,21,Normal,23.0,-2.4,-0.61,Typical,Maintain standard operational monitoring.
2025-10-07 23:00:00+03:00,2025-10-08 02:00:00+03:00,t+3,24,High,22.1,1.5,0.55,Typical,Increase operational monitoring and review operational readiness for the upcoming period.
2025-10-08 00:00:00+03:00,2025-10-08 01:00:00+03:00,t+1,21,Normal,23.0,-2.3,-0.57,Typical,Maintain standard operational monitoring.
2025-10-08 00:00:00+03:00,2025-10-08 02:00:00+03:00,t+2,24,High,22.1,1.9,0.67,Typical,Increase operational monitoring and review operational readiness for the upcoming period.
2025-10-08 00:00:00+03:00,2025-10-08 03:00:00+03:00,t+3,17,Normal,18.1,-1.5,-0.63,Typical,Maintain standard operational monitoring.
2025-10-08 01:00:00+03:00,2025-10-08 02:00:00+03:00,t+1,25,High,22.1,2.8,1.0,Typical,Increase operational monitoring and review operational readiness for the upcoming period.
2025-10-08 01:00:00+03:00,2025-10-08 03:00:00+03:00,t+2,17,Normal,18.1,-1.3,-0.53,Typical,Maintain standard operational monitoring.
2025-10-08 01:00:00+03:00,2025-10-08 04:00:00+03:00,t+3,14,Normal,14.7,-0.7,-0.25,Typical,Maintain standard operational monitoring.
2025-10-08 02:00:00+03:00,2025-10-08 03:00:00+03:00,t+1,18,Normal,18.1,-0.3,-0.14,Typical,Maintain standard operational monitoring.
2025-10-08 02:00:00+03:00,2025-10-08 04:00:00+03:00,t+2,15,Normal,14.7,-0.2,-0.06,Typical,Maintain standard operational monitoring.
2025-10-08 02:00:00+03:00,2025-10-08 05:00:00+03:00,t+3,23,High,22.6,-0.1,-0.02,Typical,Increase operational monitoring and review operational readiness for the upcoming period.
2025-10-08 03:00:00+03:00,2025-10-08 04:00:00+03:00,t+1,15,Normal,14.7,0.4,0.15,Typical,Maintain standard operational monitoring.
2025-10-08 03:00:00+03:00,2025-10-08 05:00:00+03:00,t+2,23,High,22.6,0.3,0.09,Typical,Increase operational monitoring and review operational readiness for the upcoming period.
2025-10-08 03:00:00+03:00,2025-10-08 06:00:00+03:00,t+3,29,High,28.9,-0.1,-0.01,Typical,Increase operational monitoring and review operational readiness for the upcoming period.
2025-10-08 04:00:00+03:00,2025-10-08 05:00:00+03:00,t+1,23,High,22.6,0.5,0.14,Typical,Increase operational monitoring and review operational readiness for the upcoming period.
2025-10-08 04:00:00+03:00,2025-10-08 06:00:00+03:00,t+2,29,High,28.9,0.0,0.0,Typical,Increase operational monitoring and review operational readiness for the upcoming period.
2025-10-08 04:00:00+03:00,2025-10-08 07:00:00+03:00,t+3,29,High,27.5,1.4,0.26,Typical,Increase operational monitoring and review operational readiness for the upcoming period.
2025-10-08 05:00:00+03:00,2025-10-08 06:00:00+03:00,t+1,29,High,28.9,0.4,0.09,Typical,Increase operational monitoring and review operational readiness for the upcoming period.
2025-10-08 05:00:00+03:00,2025-10-08 07:00:00+03:00,t+2,29,High,27.5,1.6,0.3,Typical,Increase operational monitoring and review operational readiness for the upcoming period.
2025-10-08 05:00:00+03:00,2025-10-08 08:00:00+03:00,t+3,27,High,27.8,-0.6,-0.12,Typical,Increase operational monitoring and review operational readiness for the upcoming period.
2025-10-08 06:00:00+03:00,2025-10-08 07:00:00+03:00,t+1,29,High,27.5,1.9,0.35,Typical,Increase operational monitoring and review operational readiness for the upcoming period.
2025-10-08 06:00:00+03:00,2025-10-08 08:00:00+03:00,t+2,27,High,27.8,-0.5,-0.09,Typical,Increase operational monitoring and review operational readiness for the upcoming period.
2025-10-08 06:00:00+03:00,2025-10-08 09:00:00+03:00,t+3,33,High,32.6,0.8,0.16,Typical,Increase operational monitoring and review operational readiness for the upcoming period.
2025-10-08 07:00:00+03:00,2025-10-08 08:00:00+03:00,t+1,27,High,27.8,-0.4,-0.07,Typical,Increase operational monitoring and review operational readiness for the upcoming period.
2025-10-08 07:00:00+03:00,2025-10-08 09:00:00+03:00,t+2,33,High,32.6,0.7,0.14,Typical,Increase operational monitoring and review operational readiness for the upcoming period.
2025-10-08 07:00:00+03:00,2025-10-08 10:00:00+03:00,t+3,34,High,30.6,3.8,0.81,Typical,Increase operational monitoring and review operational readiness for the upcoming period.
2025-10-08 08:00:00+03:00,2025-10-08 09:00:00+03:00,t+1,33,High,32.6,0.6,0.12,Typical,Increase operational monitoring and review operational readiness for the upcoming period.
2025-10-08 08:00:00+03:00,2025-10-08 10:00:00+03:00,t+2,34,High,30.6,3.4,0.73,Typical,Increase operational monitoring and review operational readiness for the upcoming period.
2025-10-08 08:00:00+03:00,2025-10-08 11:00:00+03:00,t+3,31,High,27.7,3.4,0.81,Typical,Increase operational monitoring and review operational readiness for the upcoming period.
2025-10-08 09:00:00+03:00,2025-10-08 10:00:00+03:00,t+1,34,High,30.6,3.5,0.75,Typical,Increase operational monitoring and review operational readiness for the upcoming period.
2025-10-08 09:00:00+03:00,2025-10-08 11:00:00+03:00,t+2,31,High,27.7,3.2,0.78,Typical,Increase operational monitoring and review operational readiness for the upcoming period.
2025-10-08 09:00:00+03:00,2025-10-08 12:00:00+03:00,t+3,26,High,26.6,-0.5,-0.14,Typical,Increase operational monitoring and review operational readiness for the upcoming period.
2025-10-08 10:00:00+03:00,2025-10-08 11:00:00+03:00,t+1,31,High,27.7,3.5,0.85,Typical,Increase operational monitoring and review operational readiness for the upcoming period.
2025-10-08 10:00:00+03:00,2025-10-08 12:00:00+03:00,t+2,26,High,26.6,-0.4,-0.11,Typical,Increase operational monitoring and review operational readiness for the upcoming period.
2025-10-08 10:00:00+03:00,2025-10-08 13:00:00+03:00,t+3,30,High,29.3,1.1,0.26,Typical,Increase operational monitoring and review operational readiness for the upcoming period.
2025-10-08 11:00:00+03:00,2025-10-08 12:00:00+03:00,t+1,26,High,26.6,-0.3,-0.08,Typical,Increase operational monitoring and review operational readiness for the upcoming period.
2025-10-08 11:00:00+03:00,2025-10-08 13:00:00+03:00,t+2,30,High,29.3,0.9,0.22,Typical,Increase operational monitoring and review operational readiness for the upcoming period.
2025-10-08 11:00:00+03:00,2025-10-08 14:00:00+03:00,t+3,34,High,31.4,3.1,0.59,Typical,Increase operational monitoring and review operational readiness for the upcoming period.
2025-10-08 12:00:00+03:00,2025-10-08 13:00:00+03:00,t+1,30,High,29.3,1.0,0.23,Typical,Increase operational monitoring and review operational readiness for the upcoming period.
2025-10-08 12:00:00+03:00,2025-10-08 14:00:00+03:00,t+2,34,High,31.4,2.8,0.54,Typical,Increase operational monitoring and review operational readiness for the upcoming period.
2025-10-08 12:00:00+03:00,2025-10-08 15:00:00+03:00,t+3,30,High,34.4,-4.0,-0.93,Typical,Increase operational monitoring and review operational readiness for the upcoming period.
2025-10-08 13:00:00+03:00,2025-10-08 14:00:00+03:00,t+1,34,High,31.4,3.0,0.59,Typical,Increase operational monitoring and review operational readiness for the upcoming period.
2025-10-08 13:00:00+03:00,2025-10-08 15:00:00+03:00,t+2,30,High,34.4,-4.0,-0.95,Typical,Increase operational monitoring and review operational readiness for the upcoming period.
2025-10-08 13:00:00+03:00,2025-10-08 16:00:00+03:00,t+3,34,High,31.6,2.0,0.54,Typical,Increase operational monitoring and review operational readiness for the upcoming period.
2025-10-08 14:00:00+03:00,2025-10-08 15:00:00+03:00,t+1,30,High,34.4,-3.9,-0.93,Typical,Increase operational monitoring and review operational readiness for the upcoming period.
2025-10-08 14:00:00+03:00,2025-10-08 16:00:00+03:00,t+2,33,High,31.6,1.9,0.5,Typical,Increase operational monitoring and review operational readiness for the upcoming period.
2025-10-08 14:00:00+03:00,2025-10-08 17:00:00+03:00,t+3,38,Extreme,34.2,3.4,0.7,Typical,Prioritize operational coordination and maintain close monitoring during the upcoming peak period.
2025-10-08 15:00:00+03:00,2025-10-08 16:00:00+03:00,t+1,33,High,31.6,1.8,0.48,Typical,Increase operational monitoring and review operational readiness for the upcoming period.
2025-10-08 15:00:00+03:00,2025-10-08 17:00:00+03:00,t+2,37,Extreme,34.2,3.1,0.64,Typical,Prioritize operational coordination and maintain close monitoring during the upcoming peak period.
2025-10-08 15:00:00+03:00,2025-10-08 18:00:00+03:00,t+3,38,Extreme,37.8,-0.2,-0.04,Typical,Prioritize operational coordination and maintain close monitoring during the upcoming peak period.
2025-10-08 16:00:00+03:00,2025-10-08 17:00:00+03:00,t+1,37,Extreme,34.2,3.0,0.62,Typical,Prioritize operational coordination and maintain close monitoring during the upcoming peak period.
2025-10-08 16:00:00+03:00,2025-10-08 18:00:00+03:00,t+2,37,Extreme,37.8,-0.5,-0.11,Typical,Prioritize operational coordination and maintain close monitoring during the upcoming peak period.
2025-10-08 16:00:00+03:00,2025-10-08 19:00:00+03:00,t+3,36,Extreme,34.8,1.6,0.32,Typical,Prioritize operational coordination and maintain close monitoring during the upcoming peak period.
2025-10-08 17:00:00+03:00,2025-10-08 18:00:00+03:00,t+1,37,Extreme,37.8,-0.5,-0.11,Typical,Prioritize operational coordination and maintain close monitoring during the upcoming peak period.
2025-10-08 17:00:00+03:00,2025-10-08 19:00:00+03:00,t+2,36,Extreme,34.8,1.4,0.28,Typical,Prioritize operational coordination and maintain close monitoring during the upcoming peak period.
2025-10-08 17:00:00+03:00,2025-10-08 20:00:00+03:00,t+3,37,Extreme,34.8,2.4,0.53,Typical,Prioritize operational coordination and maintain close monitoring during the upcoming peak period.
2025-10-08 18:00:00+03:00,2025-10-08 19:00:00+03:00,t+1,36,Extreme,34.8,1.4,0.29,Typical,Prioritize operational coordination and maintain close monitoring during the upcoming peak period.
2025-10-08 18:00:00+03:00,2025-10-08 20:00:00+03:00,t+2,37,Extreme,34.8,2.3,0.5,Typical,Prioritize operational coordination and maintain close monitoring during the upcoming peak period.
2025-10-08 18:00:00+03:00,2025-10-08 21:00:00+03:00,t+3,34,High,34.6,-0.4,-0.09,Typical,Increase operational monitoring and review operational readiness for the upcoming period.
2025-10-08 19:00:00+03:00,2025-10-08 20:00:00+03:00,t+1,37,Extreme,34.8,2.3,0.5,Typical,Prioritize operational coordination and maintain close monitoring during the upcoming peak period.
2025-10-08 19:00:00+03:00,2025-10-08 21:00:00+03:00,t+2,34,High,34.6,-0.5,-0.13,Typical,Increase operational monitoring and review operational readiness for the upcoming period.
2025-10-08 19:00:00+03:00,2025-10-08 22:00:00+03:00,t+3,37,Extreme,35.8,1.4,0.21,Typical,Prioritize operational coordination and maintain close monitoring during the upcoming peak period.
2025-10-08 20:00:00+03:00,2025-10-08 21:00:00+03:00,t+1,34,High,34.6,-0.5,-0.11,Typical,Increase operational monitoring and review operational readiness for the upcoming period.
2025-10-08 20:00:00+03:00,2025-10-08 22:00:00+03:00,t+2,37,Extreme,35.8,1.2,0.19,Typical,Prioritize operational coordination and maintain close monitoring during the upcoming peak period.
2025-10-08 20:00:00+03:00,2025-10-08 23:00:00+03:00,t+3,42,Extreme,38.8,3.2,0.55,Typical,Prioritize operational coordination and maintain close monitoring during the upcoming peak period.
2025-10-08 21:00:00+03:00,2025-10-08 22:00:00+03:00,t+1,37,Extreme,35.8,1.4,0.21,Typical,Prioritize operational coordination and maintain close monitoring during the upcoming peak period.
2025-10-08 21:00:00+03:00,2025-10-08 23:00:00+03:00,t+2,42,Extreme,38.8,3.3,0.55,Typical,Prioritize operational coordination and maintain close monitoring during the upcoming peak period.
2025-10-08 21:00:00+03:00,2025-10-09 00:00:00+03:00,t+3,10,Normal,27.1,-17.1,-2.42,Below typical,Maintain standard operational monitoring.
2025-10-08 22:00:00+03:00,2025-10-08 23:00:00+03:00,t+1,43,Extreme,38.8,4.0,0.67,Typical,Prioritize operational coordination and maintain close monitoring during the upcoming peak period.
2025-10-08 22:00:00+03:00,2025-10-09 00:00:00+03:00,t+2,11,Normal,27.1,-16.5,-2.33,Below typical,Maintain standard operational monitoring.
2025-10-08 22:00:00+03:00,2025-10-09 01:00:00+03:00,t+3,14,Normal,23.4,-8.9,-2.08,Below typical,Maintain standard operational monitoring.
2025-10-08 23:00:00+03:00,2025-10-09 00:00:00+03:00,t+1,11,Normal,27.1,-15.9,-2.25,Below typical,Maintain standard operational monitoring.
2025-10-08 23:00:00+03:00,2025-10-09 01:00:00+03:00,t+2,15,Normal,23.4,-8.5,-2.0,Below typical,Maintain standard operational monitoring.
2025-10-08 23:00:00+03:00,2025-10-09 02:00:00+03:00,t+3,23,High,25.6,-2.1,-1.11,Below typical,Increase operational monitoring and review operational readiness for the upcoming period.
2025-10-09 00:00:00+03:00,2025-10-09 01:00:00+03:00,t+1,14,Normal,23.4,-9.5,-2.22,Below typical,Maintain standard operational monitoring.
2025-10-09 00:00:00+03:00,2025-10-09 02:00:00+03:00,t+2,23,High,25.6,-2.9,-1.54,Below typical,Increase operational monitoring and review operational readiness for the upcoming period.
2025-10-09 00:00:00+03:00,2025-10-09 03:00:00+03:00,t+3,19,Normal,18.5,0.2,0.09,Typical,Maintain standard operational monitoring.
2025-10-09 01:00:00+03:00,2025-10-09 02:00:00+03:00,t+1,22,High,25.6,-3.4,-1.83,Below typical,Increase operational monitoring and review operational readiness for the upcoming period.
2025-10-09 01:00:00+03:00,2025-10-09 03:00:00+03:00,t+2,18,Normal,18.5,-0.4,-0.21,Typical,Maintain standard operational monitoring.
2025-10-09 01:00:00+03:00,2025-10-09 04:00:00+03:00,t+3,19,Normal,19.9,-0.7,-0.29,Typical,Maintain standard operational monitoring.
2025-10-09 02:00:00+03:00,2025-10-09 03:00:00+03:00,t+1,18,Normal,18.5,-0.0,-0.0,Typical,Maintain standard operational monitoring.
2025-10-09 02:00:00+03:00,2025-10-09 04:00:00+03:00,t+2,19,Normal,19.9,-0.5,-0.22,Typical,Maintain standard operational monitoring.
2025-10-09 02:00:00+03:00,2025-10-09 05:00:00+03:00,t+3,21,Normal,22.4,-1.9,-0.8,Typical,Maintain standard operational monitoring.
2025-10-09 03:00:00+03:00,2025-10-09 04:00:00+03:00,t+1,20,Normal,19.9,-0.0,-0.02,Typical,Maintain standard operational monitoring.
2025-10-09 03:00:00+03:00,2025-10-09 05:00:00+03:00,t+2,21,Normal,22.4,-1.7,-0.73,Typical,Maintain standard operational monitoring.
2025-10-09 03:00:00+03:00,2025-10-09 06:00:00+03:00,t+3,27,High,27.4,-0.5,-0.28,Typical,Increase operational monitoring and review operational readiness for the upcoming period.
2025-10-09 04:00:00+03:00,2025-10-09 05:00:00+03:00,t+1,21,Normal,22.4,-1.2,-0.5,Typical,Maintain standard operational monitoring.
2025-10-09 04:00:00+03:00,2025-10-09 06:00:00+03:00,t+2,27,High,27.4,-0.3,-0.19,Typical,Increase operational monitoring and review operational readiness for the upcoming period.
2025-10-09 04:00:00+03:00,2025-10-09 07:00:00+03:00,t+3,25,High,28.2,-3.0,-1.71,Below typical,Increase operational monitoring and review operational readiness for the upcoming period.
2025-10-09 05:00:00+03:00,2025-10-09 06:00:00+03:00,t+1,28,High,27.4,0.2,0.11,Typical,Increase operational monitoring and review operational readiness for the upcoming period.
2025-10-09 05:00:00+03:00,2025-10-09 07:00:00+03:00,t+2,25,High,28.2,-2.9,-1.65,Below typical,Increase operational monitoring and review operational readiness for the upcoming period.
2025-10-09 05:00:00+03:00,2025-10-09 08:00:00+03:00,t+3,28,High,27.4,1.0,0.93,Typical,Increase operational monitoring and review operational readiness for the upcoming period.
2025-10-09 06:00:00+03:00,2025-10-09 07:00:00+03:00,t+1,26,High,28.2,-2.6,-1.49,Below typical,Increase operational monitoring and review operational readiness for the upcoming period.
2025-10-09 06:00:00+03:00,2025-10-09 08:00:00+03:00,t+2,28,High,27.4,1.0,0.87,Typical,Increase operational monitoring and review operational readiness for the upcoming period.
2025-10-09 06:00:00+03:00,2025-10-09 09:00:00+03:00,t+3,35,Extreme,32.3,2.2,0.86,Typical,Prioritize operational coordination and maintain close monitoring during the upcoming peak period.
2025-10-09 07:00:00+03:00,2025-10-09 08:00:00+03:00,t+1,28,High,27.4,0.8,0.73,Typical,Increase operational monitoring and review operational readiness for the upcoming period.
2025-10-09 07:00:00+03:00,2025-10-09 09:00:00+03:00,t+2,34,High,32.3,1.9,0.73,Typical,Increase operational monitoring and review operational readiness for the upcoming period.
2025-10-09 07:00:00+03:00,2025-10-09 10:00:00+03:00,t+3,39,Extreme,32.0,7.3,4.02,Above typical,Prioritize cross-team coordination and closely monitor passenger-processing and ground-operation readiness.
2025-10-09 08:00:00+03:00,2025-10-09 09:00:00+03:00,t+1,34,High,32.3,1.6,0.63,Typical,Increase operational monitoring and review operational readiness for the upcoming period.
2025-10-09 08:00:00+03:00,2025-10-09 10:00:00+03:00,t+2,39,Extreme,32.0,7.0,3.87,Above typical,Prioritize cross-team coordination and closely monitor passenger-processing and ground-operation readiness.
2025-10-09 08:00:00+03:00,2025-10-09 11:00:00+03:00,t+3,35,Extreme,32.2,2.8,1.67,Above typical,Prioritize cross-team coordination and closely monitor passenger-processing and ground-operation readiness.
2025-10-09 09:00:00+03:00,2025-10-09 10:00:00+03:00,t+1,39,Extreme,32.0,6.7,3.72,Above typical,Prioritize cross-team coordination and closely monitor passenger-processing and ground-operation readiness.
2025-10-09 09:00:00+03:00,2025-10-09 11:00:00+03:00,t+2,35,Extreme,32.2,2.7,1.62,Above typical,Prioritize cross-team coordination and closely monitor passenger-processing and ground-operation readiness.
2025-10-09 09:00:00+03:00,2025-10-09 12:00:00+03:00,t+3,28,High,26.6,1.3,1.06,Above typical,Increase operational monitoring and review readiness across passenger-processing and ground-operation areas.
2025-10-09 10:00:00+03:00,2025-10-09 11:00:00+03:00,t+1,35,Extreme,32.2,2.7,1.62,Above typical,Prioritize cross-team coordination and closely monitor passenger-processing and ground-operation readiness.
2025-10-09 10:00:00+03:00,2025-10-09 12:00:00+03:00,t+2,28,High,26.6,1.5,1.24,Above typical,Increase operational monitoring and review readiness across passenger-processing and ground-operation areas.
2025-10-09 10:00:00+03:00,2025-10-09 13:00:00+03:00,t+3,33,High,31.0,2.2,1.28,Above typical,Increase operational monitoring and review readiness across passenger-processing and ground-operation areas.
2025-10-09 11:00:00+03:00,2025-10-09 12:00:00+03:00,t+1,28,High,26.6,1.5,1.24,Above typical,Increase operational monitoring and review readiness across passenger-processing and ground-operation areas.
2025-10-09 11:00:00+03:00,2025-10-09 13:00:00+03:00,t+2,33,High,31.0,2.4,1.38,Above typical,Increase operational monitoring and review readiness across passenger-processing and ground-operation areas.
2025-10-09 11:00:00+03:00,2025-10-09 14:00:00+03:00,t+3,35,Extreme,33.7,1.6,0.72,Typical,Prioritize operational coordination and maintain close monitoring during the upcoming peak period.
2025-10-09 12:00:00+03:00,2025-10-09 13:00:00+03:00,t+1,33,High,31.0,2.2,1.29,Above typical,Increase operational monitoring and review readiness across passenger-processing and ground-operation areas.
2025-10-09 12:00:00+03:00,2025-10-09 14:00:00+03:00,t+2,35,Extreme,33.7,1.6,0.72,Typical,Prioritize operational coordination and maintain close monitoring during the upcoming peak period.
2025-10-09 12:00:00+03:00,2025-10-09 15:00:00+03:00,t+3,37,Extreme,40.4,-3.1,-1.41,Below typical,Prioritize operational coordination and maintain close monitoring during the upcoming peak period.
2025-10-09 13:00:00+03:00,2025-10-09 14:00:00+03:00,t+1,35,Extreme,33.7,1.5,0.68,Typical,Prioritize operational coordination and maintain close monitoring during the upcoming peak period.
2025-10-09 13:00:00+03:00,2025-10-09 15:00:00+03:00,t+2,37,Extreme,40.4,-3.1,-1.39,Below typical,Prioritize operational coordination and maintain close monitoring during the upcoming peak period.
2025-10-09 13:00:00+03:00,2025-10-09 16:00:00+03:00,t+3,32,High,34.4,-2.1,-0.48,Typical,Increase operational monitoring and review operational readiness for the upcoming period.
2025-10-09 14:00:00+03:00,2025-10-09 15:00:00+03:00,t+1,37,Extreme,40.4,-3.1,-1.42,Below typical,Prioritize operational coordination and maintain close monitoring during the upcoming peak period.
2025-10-09 14:00:00+03:00,2025-10-09 16:00:00+03:00,t+2,32,High,34.4,-2.0,-0.46,Typical,Increase operational monitoring and review operational readiness for the upcoming period.
2025-10-09 14:00:00+03:00,2025-10-09 17:00:00+03:00,t+3,39,Extreme,37.2,2.0,0.97,Typical,Prioritize operational coordination and maintain close monitoring during the upcoming peak period.
2025-10-09 15:00:00+03:00,2025-10-09 16:00:00+03:00,t+1,32,High,34.4,-2.1,-0.48,Typical,Increase operational monitoring and review operational readiness for the upcoming period.
2025-10-09 15:00:00+03:00,2025-10-09 17:00:00+03:00,t+2,39,Extreme,37.2,2.1,1.01,Above typical,Prioritize cross-team coordination and closely monitor passenger-processing and ground-operation readiness.
2025-10-09 15:00:00+03:00,2025-10-09 18:00:00+03:00,t+3,42,Extreme,41.0,1.1,0.45,Typical,Prioritize operational coordination and maintain close monitoring during the upcoming peak period.
2025-10-09 16:00:00+03:00,2025-10-09 17:00:00+03:00,t+1,39,Extreme,37.2,2.1,0.98,Typical,Prioritize operational coordination and maintain close monitoring during the upcoming peak period.
2025-10-09 16:00:00+03:00,2025-10-09 18:00:00+03:00,t+2,42,Extreme,41.0,1.2,0.46,Typical,Prioritize operational coordination and maintain close monitoring during the upcoming peak period.
2025-10-09 16:00:00+03:00,2025-10-09 19:00:00+03:00,t+3,38,Extreme,37.2,0.9,0.43,Typical,Prioritize operational coordination and maintain close monitoring during the upcoming peak period.
2025-10-09 17:00:00+03:00,2025-10-09 18:00:00+03:00,t+1,42,Extreme,41.0,1.1,0.45,Typical,Prioritize operational coordination and maintain close monitoring during the upcoming peak period.
2025-10-09 17:00:00+03:00,2025-10-09 19:00:00+03:00,t+2,38,Extreme,37.2,0.9,0.44,Typical,Prioritize operational coordination and maintain close monitoring during the upcoming peak period.
2025-10-09 17:00:00+03:00,2025-10-09 20:00:00+03:00,t+3,37,Extreme,37.8,-0.6,-0.51,Typical,Prioritize operational coordination and maintain close monitoring during the upcoming peak period.
2025-10-09 18:00:00+03:00,2025-10-09 19:00:00+03:00,t+1,38,Extreme,37.2,0.9,0.44,Typical,Prioritize operational coordination and maintain close monitoring during the upcoming peak period.
2025-10-09 18:00:00+03:00,2025-10-09 20:00:00+03:00,t+2,37,Extreme,37.8,-0.6,-0.48,Typical,Prioritize operational coordination and maintain close monitoring during the upcoming peak period.
2025-10-09 18:00:00+03:00,2025-10-09 21:00:00+03:00,t+3,39,Extreme,37.8,1.4,0.63,Typical,Prioritize operational coordination and maintain close monitoring during the upcoming peak period.
2025-10-09 19:00:00+03:00,2025-10-09 20:00:00+03:00,t+1,37,Extreme,37.8,-0.6,-0.47,Typical,Prioritize operational coordination and maintain close monitoring during the upcoming peak period.
2025-10-09 19:00:00+03:00,2025-10-09 21:00:00+03:00,t+2,39,Extreme,37.8,1.4,0.63,Typical,Prioritize operational coordination and maintain close monitoring during the upcoming peak period.
2025-10-09 19:00:00+03:00,2025-10-09 22:00:00+03:00,t+3,39,Extreme,35.1,4.0,3.3,Above typical,Prioritize cross-team coordination and closely monitor passenger-processing and ground-operation readiness.
2025-10-09 20:00:00+03:00,2025-10-09 21:00:00+03:00,t+1,39,Extreme,37.8,1.4,0.62,Typical,Prioritize operational coordination and maintain close monitoring during the upcoming peak period.
2025-10-09 20:00:00+03:00,2025-10-09 22:00:00+03:00,t+2,39,Extreme,35.1,3.9,3.22,Above typical,Prioritize cross-team coordination and closely monitor passenger-processing and ground-operation readiness.
2025-10-09 20:00:00+03:00,2025-10-09 23:00:00+03:00,t+3,36,Extreme,33.0,3.0,1.72,Above typical,Prioritize cross-team coordination and closely monitor passenger-processing and ground-operation readiness.
2025-10-09 21:00:00+03:00,2025-10-09 22:00:00+03:00,t+1,39,Extreme,35.1,3.8,3.13,Above typical,Prioritize cross-team coordination and closely monitor passenger-processing and ground-operation readiness.
2025-10-09 21:00:00+03:00,2025-10-09 23:00:00+03:00,t+2,36,Extreme,33.0,2.8,1.58,Above typical,Prioritize cross-team coordination and closely monitor passenger-processing and ground-operation readiness.
2025-10-09 21:00:00+03:00,2025-10-10 00:00:00+03:00,t+3,31,High,28.6,2.2,0.36,Typical,Increase operational monitoring and review operational readiness for the upcoming period.
2025-10-09 22:00:00+03:00,2025-10-09 23:00:00+03:00,t+1,36,Extreme,33.0,2.9,1.62,Above typical,Prioritize cross-team coordination and closely monitor passenger-processing and ground-operation readiness.
2025-10-09 22:00:00+03:00,2025-10-10 00:00:00+03:00,t+2,31,High,28.6,2.0,0.33,Typical,Increase operational monitoring and review operational readiness for the upcoming period.
2025-10-09 22:00:00+03:00,2025-10-10 01:00:00+03:00,t+3,21,Normal,21.5,-0.8,-0.15,Typical,Maintain standard operational monitoring.
2025-10-09 23:00:00+03:00,2025-10-10 00:00:00+03:00,t+1,30,High,28.6,1.8,0.29,Typical,Increase operational monitoring and review operational readiness for the upcoming period.
2025-10-09 23:00:00+03:00,2025-10-10 01:00:00+03:00,t+2,20,Normal,21.5,-1.3,-0.24,Typical,Maintain standard operational monitoring.
2025-10-09 23:00:00+03:00,2025-10-10 02:00:00+03:00,t+3,23,High,21.2,2.2,0.58,Typical,Increase operational monitoring and review operational readiness for the upcoming period.
2025-10-10 00:00:00+03:00,2025-10-10 01:00:00+03:00,t+1,20,Normal,21.5,-1.1,-0.2,Typical,Maintain standard operational monitoring.
2025-10-10 00:00:00+03:00,2025-10-10 02:00:00+03:00,t+2,23,High,21.2,2.1,0.55,Typical,Increase operational monitoring and review operational readiness for the upcoming period.
2025-10-10 00:00:00+03:00,2025-10-10 03:00:00+03:00,t+3,15,Normal,15.8,-0.5,-0.12,Typical,Maintain standard operational monitoring.
2025-10-10 01:00:00+03:00,2025-10-10 02:00:00+03:00,t+1,24,High,21.2,2.4,0.61,Typical,Increase operational monitoring and review operational readiness for the upcoming period.
2025-10-10 01:00:00+03:00,2025-10-10 03:00:00+03:00,t+2,15,Normal,15.8,-0.5,-0.12,Typical,Maintain standard operational monitoring.
2025-10-10 01:00:00+03:00,2025-10-10 04:00:00+03:00,t+3,15,Normal,15.6,-0.2,-0.08,Typical,Maintain standard operational monitoring.
2025-10-10 02:00:00+03:00,2025-10-10 03:00:00+03:00,t+1,16,Normal,15.8,-0.1,-0.02,Typical,Maintain standard operational monitoring.
2025-10-10 02:00:00+03:00,2025-10-10 04:00:00+03:00,t+2,16,Normal,15.6,0.0,0.01,Typical,Maintain standard operational monitoring.
2025-10-10 02:00:00+03:00,2025-10-10 05:00:00+03:00,t+3,22,High,20.7,0.9,0.25,Typical,Increase operational monitoring and review operational readiness for the upcoming period.
2025-10-10 03:00:00+03:00,2025-10-10 04:00:00+03:00,t+1,16,Normal,15.6,0.2,0.09,Typical,Maintain standard operational monitoring.
2025-10-10 03:00:00+03:00,2025-10-10 05:00:00+03:00,t+2,22,High,20.7,1.1,0.31,Typical,Increase operational monitoring and review operational readiness for the upcoming period.
2025-10-10 03:00:00+03:00,2025-10-10 06:00:00+03:00,t+3,31,High,27.6,3.1,0.73,Typical,Increase operational monitoring and review operational readiness for the upcoming period.
2025-10-10 04:00:00+03:00,2025-10-10 05:00:00+03:00,t+1,22,High,20.7,1.3,0.38,Typical,Increase operational monitoring and review operational readiness for the upcoming period.
2025-10-10 04:00:00+03:00,2025-10-10 06:00:00+03:00,t+2,31,High,27.6,3.4,0.79,Typical,Increase operational monitoring and review operational readiness for the upcoming period.
2025-10-10 04:00:00+03:00,2025-10-10 07:00:00+03:00,t+3,28,High,28.0,-0.2,-0.05,Typical,Increase operational monitoring and review operational readiness for the upcoming period.
2025-10-10 05:00:00+03:00,2025-10-10 06:00:00+03:00,t+1,31,High,27.6,3.5,0.83,Typical,Increase operational monitoring and review operational readiness for the upcoming period.
2025-10-10 05:00:00+03:00,2025-10-10 07:00:00+03:00,t+2,28,High,28.0,0.0,0.0,Typical,Increase operational monitoring and review operational readiness for the upcoming period.
2025-10-10 05:00:00+03:00,2025-10-10 08:00:00+03:00,t+3,27,High,27.6,-0.7,-0.2,Typical,Increase operational monitoring and review operational readiness for the upcoming period.
2025-10-10 06:00:00+03:00,2025-10-10 07:00:00+03:00,t+1,28,High,28.0,0.2,0.04,Typical,Increase operational monitoring and review operational readiness for the upcoming period.
2025-10-10 06:00:00+03:00,2025-10-10 08:00:00+03:00,t+2,27,High,27.6,-0.5,-0.15,Typical,Increase operational monitoring and review operational readiness for the upcoming period.
2025-10-10 06:00:00+03:00,2025-10-10 09:00:00+03:00,t+3,34,High,34.6,-0.5,-0.1,Typical,Increase operational monitoring and review operational readiness for the upcoming period.
2025-10-10 07:00:00+03:00,2025-10-10 08:00:00+03:00,t+1,27,High,27.6,-0.4,-0.12,Typical,Increase operational monitoring and review operational readiness for the upcoming period.
2025-10-10 07:00:00+03:00,2025-10-10 09:00:00+03:00,t+2,34,High,34.6,-0.4,-0.09,Typical,Increase operational monitoring and review operational readiness for the upcoming period.
2025-10-10 07:00:00+03:00,2025-10-10 10:00:00+03:00,t+3,35,Extreme,28.7,6.5,1.31,Above typical,Prioritize cross-team coordination and closely monitor passenger-processing and ground-operation readiness.
2025-10-10 08:00:00+03:00,2025-10-10 09:00:00+03:00,t+1,34,High,34.6,-0.5,-0.1,Typical,Increase operational monitoring and review operational readiness for the upcoming period.
2025-10-10 08:00:00+03:00,2025-10-10 10:00:00+03:00,t+2,35,Extreme,28.7,6.3,1.29,Above typical,Prioritize cross-team coordination and closely monitor passenger-processing and ground-operation readiness.
2025-10-10 08:00:00+03:00,2025-10-10 11:00:00+03:00,t+3,35,Extreme,32.0,3.0,0.73,Typical,Prioritize operational coordination and maintain close monitoring during the upcoming peak period.
